Employee_ID,Gender,Company_Type,WFH_Setup_Available,Hours_Worked_Per_Week,Overtime_Hours,Tasks_Completed,Stress_Level,Satisfaction_Score,Performance_Score,Absenteeism_Days,Burn_Rate,Burnout_Risk,Productivity_Level
E100000,Male,Service,No,41.8,18,50,9.9,7.1,55.4,6,0.29,Low,Low
E100001,Female,Service,Yes,55.7,19,66,3.0,4.5,98.4,0,0.16,Low,Medium
E100002,Female,Service,Yes,53.3,6,47,7.8,4.4,60.7,4,0.44,Medium,Low
E100003,Female,Product,Yes,48.7,9,78,3.2,2.7,99.7,10,0.23,Low,Medium
E100004,Male,Service,Yes,43.3,2,85,4.6,1.8,70.9,7,0.38,Medium,Medium
E100005,Male,Product,No,51.0,18,83,8.9,9.0,53.6,1,0.09,Low,Medium
E100006,Male,Service,No,39.3,16,87,1.3,2.6,50.9,7,0.1,Low,Medium
E100007,Female,Product,Yes,50.4,7,44,3.8,1.6,79.9,4,0.32,Medium,Low
E100008,Female,Product,No,49.6,17,82,5.4,6.2,80.7,7,0.21,Low,Medium
E100009,Female,Product,Yes,44.2,6,36,6.6,5.9,76.2,1,0.27,Low,Low
E100010,Male,Product,Yes,50.7,6,73,1.3,6.1,53.3,7,0.05,Low,High
E100011,Female,Product,Yes,42.8,19,22,4.7,5.2,66.6,4,0.23,Low,Low
E100012,Female,Product,Yes,38.7,15,80,4.1,2.3,68.0,3,0.32,Medium,Medium
E100013,Male,Service,Yes,49.9,14,51,1.2,1.2,85.2,8,0.11,Low,Medium
E100014,Male,Service,Yes,44.6,13,70,4.2,1.4,70.9,11,0.36,Medium,Low
E100015,Male,Service,No,48.0,15,75,9.4,9.5,78.6,2,0.05,Low,Medium
E100016,Male,Service,No,54.1,8,79,3.5,5.8,64.3,2,0.15,Low,Medium
E100017,Male,Service,No,41.4,9,56,6.3,4.6,86.3,7,0.34,Medium,Low
E100018,Male,Service,Yes,44.3,14,63,3.7,4.7,52.3,10,0.2,Low,Medium
E100019,Male,Service,Yes,52.8,9,82,2.0,6.9,99.4,1,0.06,Low,High
E100020,Female,Service,Yes,48.3,1,23,3.6,4.4,82.1,2,0.2,Low,Low
E100021,Male,Service,Yes,41.5,4,22,5.2,8.2,57.4,11,0.09,Low,Low
E100022,Male,Product,Yes,40.2,7,72,3.7,3.3,85.9,7,0.25,Low,Medium
E100023,Male,Service,Yes,42.4,5,68,6.6,4.3,89.3,8,0.38,Medium,Medium
E100024,Male,Product,Yes,41.3,5,99,9.5,9.4,89.4,10,0.06,Low,Medium
E100025,Female,Service,Yes,46.2,0,62,1.6,3.3,63.5,0,0.11,Low,Medium
E100026,Male,Product,Yes,45.4,15,68,7.5,7.0,97.9,7,0.23,Low,Medium
E100027,Male,Product,Yes,46.4,17,42,1.0,4.3,50.9,9,0.06,Low,Medium
E100028,Female,Product,Yes,40.8,2,80,1.0,5.2,69.0,6,0.05,Low,High
E100029,Male,Product,Yes,44.6,6,95,2.2,1.4,55.2,1,0.19,Low,Medium
E100030,Female,Service,No,34.7,11,45,5.3,2.5,69.2,0,0.4,Medium,Low
E100031,Male,Product,Yes,45.7,9,27,1.4,1.9,52.9,6,0.11,Low,Low
E100032,Male,Product,No,50.9,9,73,7.5,8.6,82.2,7,0.11,Low,Medium
E100033,Female,Product,Yes,37.9,8,96,1.3,9.7,53.1,0,0.0,Low,High
E100034,Female,Product,Yes,47.4,10,45,5.5,1.6,80.8,3,0.46,Medium,Low
E100035,Female,Service,No,41.9,18,47,7.1,1.7,61.7,2,0.59,Medium,Low
E100036,Male,Product,Yes,49.0,7,67,3.1,6.0,59.0,4,0.12,Low,Medium
E100037,Male,Service,Yes,45.8,17,50,6.2,5.5,67.4,8,0.28,Low,Low
E100038,Female,Service,No,47.0,3,99,3.4,6.9,82.0,11,0.11,Low,High
E100039,Male,Service,Yes,45.3,1,83,2.9,7.6,78.9,0,0.07,Low,High
E100040,Male,Product,Yes,51.6,12,89,8.4,8.2,84.0,2,0.15,Low,Medium
E100041,Male,Service,No,46.7,13,48,4.0,2.3,95.9,1,0.31,Medium,Low
E100042,Male,Service,No,41.5,19,75,8.3,1.3,60.2,0,0.72,High,Low
E100043,Female,Service,Yes,45.5,14,74,3.0,9.0,70.7,11,0.03,Low,High
E100044,Male,Product,Yes,43.2,12,17,4.2,5.2,63.3,5,0.2,Low,Low
E100045,Female,Product,No,45.8,5,20,1.9,9.7,79.3,5,0.01,Low,Medium
E100046,Male,Service,Yes,42.9,19,34,5.5,5.8,64.2,8,0.23,Low,Low
E100047,Male,Service,Yes,41.6,5,18,4.4,5.6,77.9,10,0.19,Low,Low
E100048,Male,Product,Yes,46.0,0,67,1.1,6.6,91.2,11,0.04,Low,High
E100049,Male,Product,No,45.3,14,85,5.2,2.5,77.5,7,0.39,Medium,Medium
E100050,Female,Product,Yes,50.3,5,76,1.7,3.3,91.9,1,0.11,Low,Medium
E100051,Female,Service,No,42.9,14,95,8.5,9.2,80.6,10,0.07,Low,High
E100052,Female,Product,Yes,35.1,14,52,5.4,2.9,93.5,8,0.38,Medium,Low
E100053,Female,Service,Yes,43.2,13,50,7.2,3.1,96.5,5,0.5,Medium,Low
E100054,Female,Service,No,36.9,9,48,8.4,5.6,75.4,8,0.37,Medium,Low
E100055,Female,Service,No,47.1,7,20,1.5,6.8,89.5,6,0.05,Low,Medium
E100056,Male,Service,Yes,36.6,3,80,4.0,1.0,73.4,7,0.36,Medium,Medium
E100057,Male,Product,Yes,40.1,5,32,1.2,5.1,85.3,9,0.06,Low,Medium
E100058,Male,Service,No,43.2,19,41,1.4,4.6,51.9,6,0.08,Low,Medium
E100059,Male,Service,Yes,52.7,16,53,1.3,8.8,98.3,7,0.02,Low,High
E100060,Male,Service,Yes,39.6,6,65,5.3,8.6,94.7,8,0.07,Low,Medium
E100061,Male,Service,Yes,45.1,11,33,5.1,9.2,94.7,5,0.04,Low,Medium
E100062,Female,Service,No,47.9,3,48,1.6,8.6,64.1,9,0.02,Low,High
E100063,Male,Service,No,52.4,13,38,3.4,8.1,64.2,6,0.06,Low,Medium
E100064,Male,Service,No,48.9,3,39,3.2,8.7,70.1,1,0.04,Low,Medium
E100065,Male,Product,Yes,50.5,15,90,3.7,2.6,94.0,6,0.27,Low,Medium
E100066,Male,Product,Yes,49.3,0,84,6.8,4.1,92.9,0,0.4,Medium,Medium
E100067,Female,Product,Yes,39.0,17,44,7.3,7.2,64.5,10,0.2,Low,Low
E100068,Male,Service,Yes,46.8,18,93,4.1,9.3,77.1,9,0.03,Low,High
E100069,Other,Product,Yes,49.2,9,68,8.1,7.0,73.8,3,0.24,Low,Medium
E100070,Female,Product,Yes,40.2,4,92,4.8,2.9,82.5,9,0.34,Medium,Medium
E100071,Male,Product,Yes,42.1,12,39,5.7,9.5,60.7,11,0.03,Low,Medium
E100072,Male,Product,Yes,41.0,5,19,2.3,7.8,54.3,2,0.05,Low,Medium
E100073,Female,Service,Yes,48.9,3,16,3.1,7.4,51.4,3,0.08,Low,Low
E100074,Female,Product,No,44.7,15,94,7.5,7.9,69.1,11,0.16,Low,Medium
E100075,Female,Service,Yes,43.4,7,77,9.8,6.9,97.3,4,0.3,Low,Medium
E100076,Female,Service,Yes,38.6,15,68,7.3,1.2,84.2,9,0.64,High,Low
E100077,Male,Service,Yes,44.7,10,52,1.5,3.3,87.5,3,0.1,Low,Medium
E100078,Male,Service,No,42.2,0,31,2.3,9.6,97.3,3,0.01,Low,Medium
E100079,Male,Product,Yes,46.2,17,45,5.0,3.6,71.1,7,0.32,Medium,Low
E100080,Female,Service,Yes,39.3,3,15,7.6,7.9,73.7,1,0.16,Low,Low
E100081,Female,Service,Yes,45.9,10,20,2.5,4.8,68.0,0,0.13,Low,Low
E100082,Male,Product,Yes,42.8,19,84,7.8,9.2,59.1,7,0.06,Low,Medium
E100083,Male,Service,No,38.8,9,50,6.0,6.0,88.3,11,0.24,Low,Medium
E100084,Male,Service,Yes,38.4,15,22,8.0,6.7,95.3,10,0.26,Low,Low
E100085,Male,Product,Yes,39.1,9,87,6.0,3.2,90.7,6,0.41,Medium,Medium
E100086,Female,Product,Yes,44.0,4,24,6.4,1.5,52.4,11,0.54,Medium,Low
E100087,Female,Service,Yes,45.6,17,38,3.2,7.8,65.0,1,0.07,Low,Medium
E100088,Female,Product,Yes,46.3,10,77,7.5,1.6,79.6,2,0.63,High,Low
E100089,Male,Service,Yes,46.5,2,54,8.6,7.5,66.4,0,0.22,Low,Low
E100090,Male,Service,No,41.2,8,16,8.8,6.0,57.5,10,0.35,Medium,Low
E100091,Female,Service,No,50.3,14,34,1.3,8.4,76.9,5,0.02,Low,Medium
E100092,Female,Service,No,42.8,18,95,6.6,2.9,76.1,3,0.47,Medium,Medium
E100093,Female,Product,Yes,47.3,18,47,9.9,5.9,85.5,7,0.41,Medium,Low
E100094,Female,Product,Yes,44.2,4,28,6.3,6.5,100.0,2,0.22,Low,Low
E100095,Male,Service,Yes,46.9,5,68,2.5,1.7,82.4,0,0.21,Low,Medium
E100096,Male,Service,Yes,43.9,3,69,8.9,7.7,65.8,9,0.2,Low,Medium
E100097,Male,Product,Yes,47.0,11,51,3.4,4.5,97.8,0,0.19,Low,Medium
E100098,Male,Service,No,45.0,4,98,1.4,2.2,78.6,5,0.11,Low,High
E100099,Male,Service,Yes,49.1,2,20,4.9,4.5,82.3,6,0.27,Low,Low
E100100,Male,Product,No,40.9,9,47,1.9,1.9,67.9,7,0.15,Low,Low
E100101,Female,Product,Yes,36.2,12,64,2.0,9.0,72.6,0,0.02,Low,High
E100102,Male,Product,Yes,40.1,3,89,5.2,5.1,70.9,4,0.25,Low,Medium
E100103,Male,Service,Yes,50.3,7,98,6.5,2.2,96.8,4,0.51,Medium,Medium
E100104,Female,Product,Yes,44.2,0,84,9.1,3.3,90.5,5,0.61,High,Low
E100105,Male,Service,Yes,45.5,19,86,7.3,7.5,54.5,8,0.18,Low,Medium
E100106,Male,Service,No,39.7,1,97,8.6,8.1,65.7,2,0.16,Low,Medium
E100107,Female,Service,No,45.3,3,93,4.7,1.4,52.8,10,0.4,Medium,Medium
E100108,Male,Service,Yes,39.9,0,65,3.9,1.5,75.8,0,0.33,Medium,Low
E100109,Male,Service,Yes,40.6,6,80,6.3,9.3,64.0,2,0.04,Low,High
E100110,Male,Service,No,43.0,4,75,7.3,4.0,53.7,7,0.44,Medium,Medium
E100111,Male,Service,No,47.2,12,42,6.1,2.7,88.6,9,0.45,Medium,Low
E100112,Female,Product,Yes,47.8,12,58,3.4,2.1,54.6,10,0.27,Low,Low
E100113,Female,Service,No,47.9,7,96,4.3,5.3,63.6,2,0.2,Low,High
E100114,Female,Service,Yes,37.1,16,26,5.0,7.9,88.6,6,0.1,Low,Low
E100115,Female,Service,Yes,45.0,9,97,1.1,5.7,75.6,8,0.05,Low,High
E100116,Female,Service,Yes,44.0,9,71,8.9,1.2,90.9,7,0.78,High,Low
E100117,Male,Product,Yes,37.3,1,40,5.6,5.4,70.7,10,0.26,Low,Low
E100118,Female,Service,Yes,45.1,5,39,7.8,3.8,90.7,10,0.48,Medium,Low
E100119,Male,Product,Yes,43.7,0,29,2.5,7.1,76.9,4,0.07,Low,Medium
E100120,Female,Service,Yes,47.6,17,88,6.0,5.7,54.4,10,0.26,Low,Medium
E100121,Female,Service,No,45.4,2,91,9.3,9.7,73.6,10,0.03,Low,Medium
E100122,Male,Product,No,42.3,6,94,2.9,6.4,77.7,7,0.1,Low,High
E100123,Male,Product,Yes,49.6,15,67,4.1,6.7,80.6,0,0.14,Low,Medium
E100124,Male,Service,Yes,33.9,2,79,4.5,5.7,96.4,1,0.19,Low,Medium
E100125,Male,Product,Yes,44.7,5,68,4.4,3.8,59.2,11,0.27,Low,Medium
E100126,Female,Service,Yes,36.2,3,92,6.4,6.7,80.3,2,0.21,Low,Medium
E100127,Female,Product,Yes,40.4,15,53,4.5,4.0,87.6,3,0.27,Low,Low
E100128,Male,Product,Yes,47.6,2,65,7.1,7.5,94.5,0,0.18,Low,Medium
E100129,Male,Product,Yes,38.6,3,34,5.4,3.1,76.3,7,0.37,Medium,Low
E100130,Male,Product,Yes,37.9,10,78,2.4,4.3,60.7,3,0.14,Low,Medium
E100131,Male,Service,Yes,56.9,16,25,9.5,6.3,90.9,6,0.35,Medium,Low
E100132,Male,Product,No,38.2,18,66,3.2,6.7,95.3,9,0.11,Low,Medium
E100133,Male,Service,Yes,53.3,7,99,6.1,7.0,55.3,1,0.18,Low,High
E100134,Female,Service,Yes,44.1,13,68,1.5,7.3,61.5,5,0.04,Low,High
E100135,Male,Service,Yes,42.4,15,83,9.3,3.9,93.6,8,0.57,Medium,Low
E100136,Male,Service,Yes,47.8,18,21,9.4,9.0,74.2,6,0.09,Low,Low
E100137,Female,Product,Yes,51.7,15,26,4.3,1.3,58.5,6,0.37,Medium,Low
E100138,Male,Service,No,39.3,9,16,2.1,2.7,82.3,2,0.15,Low,Low
E100139,Female,Service,Yes,42.4,14,35,7.9,1.6,72.9,6,0.66,High,Low
E100140,Female,Service,No,49.2,3,83,3.4,7.0,98.4,11,0.1,Low,High
E100141,Male,Service,Yes,46.4,3,90,7.3,3.5,61.1,8,0.47,Medium,Medium
E100142,Male,Product,Yes,50.5,12,50,9.2,2.8,68.1,6,0.66,High,Low
E100143,Male,Service,Yes,47.6,11,35,6.3,5.3,58.3,1,0.3,Low,Low
E100144,Male,Product,Yes,54.0,14,67,8.8,6.6,52.5,6,0.3,Low,Medium
E100145,Male,Product,Yes,45.9,12,33,3.0,6.6,63.7,9,0.1,Low,Medium
E100146,Female,Product,No,46.1,5,17,9.2,6.0,91.0,8,0.37,Medium,Low
E100147,Male,Service,Yes,46.6,13,74,3.0,9.9,63.4,6,0.0,Low,High
E100148,Male,Product,Yes,44.3,2,95,3.0,8.7,84.8,0,0.04,Low,High
E100149,Male,Service,No,49.2,7,87,8.9,3.1,76.3,6,0.61,High,Low
E100150,Female,Product,Yes,46.2,11,48,6.0,7.8,76.0,0,0.13,Low,Medium
E100151,Male,Service,Yes,48.9,13,43,8.2,6.1,89.1,11,0.32,Medium,Low
E100152,Male,Service,Yes,49.7,4,88,8.2,1.6,80.9,1,0.69,High,Low
E100153,Male,Service,Yes,47.1,1,71,6.8,1.4,58.0,8,0.58,Medium,Low
E100154,Other,Product,Yes,47.5,9,87,2.7,8.2,61.0,2,0.05,Low,High
E100155,Male,Service,Yes,39.9,2,54,7.2,5.9,77.2,7,0.3,Low,Low
E100156,Female,Service,Yes,42.2,9,64,1.6,6.1,92.3,0,0.06,Low,Medium
E100157,Female,Service,Yes,49.2,8,89,2.8,4.0,57.6,8,0.17,Low,Medium
E100158,Male,Product,Yes,52.1,16,33,6.8,9.4,55.3,11,0.04,Low,Medium
E100159,Female,Product,Yes,35.3,5,36,9.2,7.4,75.9,9,0.24,Low,Low
E100160,Male,Service,Yes,42.2,8,65,7.9,9.3,59.4,5,0.06,Low,Medium
E100161,Female,Product,No,45.1,2,63,4.0,1.9,99.7,0,0.32,Medium,Low
E100162,Female,Service,Yes,40.6,6,66,8.4,6.3,50.2,6,0.31,Medium,Medium
E100163,Male,Service,No,40.9,11,36,9.7,6.7,72.4,11,0.32,Medium,Low
E100164,Male,Product,Yes,47.4,17,76,4.0,2.1,58.1,4,0.32,Medium,Medium
E100165,Female,Service,Yes,52.9,9,74,2.7,4.1,84.1,4,0.16,Low,Medium
E100166,Male,Service,Yes,34.8,1,94,2.8,2.9,81.5,8,0.2,Low,Medium
E100167,Male,Service,No,44.1,16,95,4.6,9.9,90.4,5,0.0,Low,High
E100168,Male,Service,Yes,47.3,2,21,1.5,5.9,78.2,8,0.06,Low,Medium
E100169,Female,Service,No,48.9,0,67,5.4,3.8,59.5,11,0.33,Medium,Medium
E100170,Female,Service,No,46.6,7,45,7.6,7.0,52.7,1,0.23,Low,Low
E100171,Male,Service,Yes,53.8,12,18,5.8,6.9,86.1,3,0.18,Low,Low
E100172,Male,Service,Yes,45.1,10,21,9.7,4.1,72.0,5,0.57,Medium,Low
E100173,Male,Service,Yes,51.6,7,17,5.2,9.9,61.1,2,0.01,Low,Medium
E100174,Female,Service,Yes,41.8,19,39,1.1,8.3,62.6,9,0.02,Low,Medium
E100175,Male,Service,Yes,45.3,0,48,5.2,4.6,57.5,11,0.28,Low,Low
E100176,Female,Product,No,38.9,1,47,9.4,6.9,64.2,9,0.29,Low,Low
E100177,Male,Service,Yes,49.5,17,52,1.9,7.4,89.6,2,0.05,Low,Medium
E100178,Female,Product,Yes,44.4,17,18,3.0,2.6,81.0,11,0.22,Low,Low
E100179,Male,Product,Yes,46.8,8,62,7.4,8.9,99.4,9,0.08,Low,Medium
E100180,Male,Product,No,43.4,6,88,3.6,8.4,76.2,9,0.06,Low,High
E100181,Male,Service,Yes,47.9,8,75,7.9,7.8,76.1,0,0.17,Low,Medium
E100182,Female,Service,No,47.0,9,79,4.8,3.0,59.6,4,0.34,Medium,Medium
E100183,Female,Service,No,40.0,1,95,8.2,2.2,79.3,5,0.64,High,Medium
E100184,Male,Product,Yes,40.3,4,85,6.0,2.6,80.4,3,0.44,Medium,Medium
E100185,Female,Service,Yes,44.9,16,92,1.7,1.8,60.3,8,0.14,Low,Medium
E100186,Female,Product,Yes,48.3,1,75,4.5,9.5,54.4,5,0.02,Low,High
E100187,Female,Product,Yes,54.3,19,15,4.0,8.7,68.4,2,0.05,Low,Medium
E100188,Male,Service,No,46.5,9,20,8.3,1.8,58.6,6,0.68,High,Low
E100189,Male,Service,Yes,50.0,0,88,6.6,7.1,75.2,4,0.19,Low,Medium
E100190,Male,Product,Yes,36.9,11,35,8.0,3.2,76.3,8,0.54,Medium,Low
E100191,Female,Service,Yes,55.1,14,81,4.3,1.2,80.4,10,0.38,Medium,Medium
E100192,Female,Service,Yes,48.0,5,97,7.2,3.6,80.1,4,0.46,Medium,Medium
E100193,Female,Product,Yes,44.8,13,42,1.6,5.0,83.7,10,0.08,Low,Medium
E100194,Male,Service,Yes,44.2,13,80,1.3,1.2,61.5,6,0.11,Low,Medium
E100195,Male,Product,No,39.5,14,41,3.6,3.9,86.5,5,0.22,Low,Low
E100196,Female,Product,Yes,40.9,0,46,8.0,7.3,76.2,11,0.22,Low,Low
E100197,Female,Product,Yes,54.6,16,26,5.8,3.1,71.9,9,0.4,Medium,Low
E100198,Female,Service,No,40.1,10,79,4.7,5.4,82.4,2,0.22,Low,Medium
E100199,Female,Service,No,40.0,14,60,9.1,9.0,75.1,9,0.09,Low,Medium
E100200,Female,Service,Yes,41.5,19,54,5.5,1.3,76.3,6,0.48,Medium,Low
E100201,Male,Service,Yes,39.0,15,23,6.5,8.1,51.2,3,0.12,Low,Low
E100202,Male,Service,Yes,45.1,8,96,9.9,4.5,90.1,5,0.54,Medium,Medium
E100203,Female,Service,Yes,50.4,11,76,5.7,5.9,71.2,5,0.23,Low,Medium
E100204,Female,Service,No,41.9,1,30,8.1,3.1,75.9,2,0.56,Medium,Low
E100205,Male,Service,Yes,38.1,14,82,4.7,6.2,69.5,1,0.18,Low,Medium
E100206,Male,Product,No,46.5,8,54,1.3,7.6,77.6,2,0.03,Low,High
E100207,Female,Service,Yes,44.7,15,49,8.5,2.8,52.7,7,0.61,High,Low
E100208,Male,Service,Yes,50.0,16,97,9.5,4.1,69.2,0,0.56,Medium,Medium
E100209,Male,Product,Yes,42.7,19,74,4.9,6.1,83.4,10,0.19,Low,Medium
E100210,Male,Product,Yes,43.7,3,84,5.5,4.8,96.9,2,0.29,Low,Medium
E100211,Female,Service,Yes,44.3,7,17,4.8,3.6,92.5,5,0.31,Medium,Low
E100212,Female,Service,Yes,45.4,6,67,10.0,5.1,98.1,11,0.49,Medium,Low
E100213,Male,Service,Yes,43.0,5,73,9.1,3.6,89.1,11,0.58,Medium,Low
E100214,Female,Product,No,42.2,4,50,1.4,3.7,81.6,6,0.09,Low,Medium
E100215,Male,Product,Yes,35.7,9,80,8.0,6.5,71.2,11,0.28,Low,Medium
E100216,Male,Product,No,42.2,2,51,6.4,5.3,56.2,9,0.3,Low,Low
E100217,Female,Service,Yes,48.6,19,93,1.2,7.1,62.5,11,0.03,Low,High
E100218,Female,Service,No,49.3,16,58,5.0,8.5,63.6,3,0.08,Low,Medium
E100219,Female,Service,No,42.6,15,78,2.3,9.5,71.4,7,0.01,Low,High
E100220,Female,Product,Yes,51.5,10,65,8.9,2.4,80.5,10,0.68,High,Low
E100221,Female,Product,No,44.9,12,20,1.1,6.6,80.9,7,0.04,Low,Medium
E100222,Male,Product,Yes,38.3,17,83,8.9,6.2,72.8,3,0.34,Medium,Medium
E100223,Male,Service,No,36.7,13,35,9.5,8.8,63.7,3,0.11,Low,Low
E100224,Male,Service,Yes,51.1,1,71,1.7,9.1,52.8,10,0.02,Low,High
E100225,Male,Service,Yes,43.1,11,42,7.5,7.8,99.4,4,0.16,Low,Low
E100226,Female,Product,Yes,38.9,9,99,5.9,6.4,97.0,2,0.21,Low,High
E100227,Male,Product,Yes,33.7,6,38,9.6,2.8,59.1,5,0.69,High,Low
E100228,Female,Service,Yes,43.0,1,89,8.2,3.5,80.3,8,0.53,Medium,Medium
E100229,Female,Service,No,47.0,17,77,7.2,6.4,64.8,1,0.26,Low,Medium
E100230,Female,Service,No,41.5,16,36,9.3,2.3,59.7,2,0.72,High,Low
E100231,Male,Service,Yes,39.7,15,48,2.4,2.7,84.2,9,0.18,Low,Medium
E100232,Female,Product,No,42.3,1,51,4.4,9.2,89.3,10,0.04,Low,Medium
E100233,Male,Service,No,51.2,10,55,8.6,9.6,70.3,0,0.03,Low,Medium
E100234,Male,Product,Yes,38.0,18,95,1.9,1.0,53.0,5,0.17,Low,Medium
E100235,Female,Service,Yes,41.8,6,93,9.4,8.8,70.1,10,0.11,Low,Medium
E100236,Male,Product,Yes,51.1,16,57,7.7,9.4,76.6,10,0.05,Low,Medium
E100237,Male,Service,No,47.5,14,36,5.0,5.7,94.7,2,0.21,Low,Low
E100238,Female,Product,No,45.9,8,29,4.0,5.0,82.8,0,0.2,Low,Low
E100239,Male,Service,Yes,41.8,11,35,2.3,9.3,85.5,6,0.02,Low,Medium
E100240,Female,Service,Yes,45.2,7,66,1.8,1.1,60.1,11,0.16,Low,Medium
E100241,Female,Service,No,42.3,1,18,4.8,8.6,86.0,5,0.07,Low,Low
E100242,Female,Service,No,40.7,16,61,8.6,3.7,75.1,9,0.54,Medium,Low
E100243,Male,Service,No,39.6,15,32,5.8,6.8,91.0,9,0.19,Low,Low
E100244,Male,Service,Yes,48.9,15,85,5.1,3.9,60.8,6,0.31,Medium,Medium
E100245,Female,Product,Yes,44.7,2,94,3.9,5.7,75.7,6,0.17,Low,High
E100246,Male,Service,Yes,46.6,18,49,2.4,8.3,60.5,1,0.04,Low,Medium
E100247,Female,Product,Yes,45.8,15,90,9.9,2.6,64.3,3,0.73,High,Low
E100248,Female,Product,No,47.2,10,21,1.2,7.0,91.6,4,0.04,Low,Medium
E100249,Female,Service,Yes,43.7,8,55,3.8,9.1,84.4,8,0.03,Low,Medium
E100250,Male,Product,No,42.6,13,24,7.9,9.1,86.4,10,0.07,Low,Low
E100251,Male,Service,Yes,40.9,1,76,5.7,9.0,53.4,10,0.06,Low,High
E100252,Female,Service,No,37.9,12,79,3.8,5.7,86.4,7,0.16,Low,Medium
E100253,Male,Service,Yes,39.4,4,26,9.9,7.9,74.6,7,0.21,Low,Low
E100254,Male,Product,Yes,43.2,19,42,6.6,5.0,73.0,8,0.33,Medium,Low
E100255,Female,Service,Yes,37.0,13,72,3.7,5.1,70.6,6,0.18,Low,Medium
E100256,Female,Service,Yes,38.1,0,70,8.6,3.6,92.6,10,0.55,Medium,Low
E100257,Female,Service,No,50.2,5,32,2.4,3.6,58.9,5,0.15,Low,Low
E100258,Female,Product,Yes,46.1,10,79,5.2,1.3,90.7,8,0.45,Medium,Medium
E100259,Male,Service,Yes,42.7,16,71,8.6,5.8,96.4,4,0.36,Medium,Medium
E100260,Female,Product,No,56.4,13,64,9.9,3.8,58.4,4,0.61,High,Low
E100261,Other,Product,No,36.8,13,95,4.4,2.7,100.0,2,0.32,Medium,Medium
E100262,Male,Product,Yes,49.9,19,59,2.2,2.1,99.5,8,0.17,Low,Medium
E100263,Male,Product,No,44.4,6,76,6.1,4.1,81.1,1,0.36,Medium,Medium
E100264,Female,Product,Yes,48.9,18,79,9.5,9.1,63.4,9,0.09,Low,Medium
E100265,Female,Service,Yes,45.5,5,69,7.0,5.6,71.5,2,0.31,Medium,Medium
E100266,Female,Service,Yes,35.6,12,52,6.4,6.0,58.5,3,0.26,Low,Low
E100267,Female,Service,Yes,45.5,9,18,3.8,1.5,56.0,11,0.32,Medium,Low
E100268,Male,Service,Yes,46.7,18,29,6.5,5.7,85.2,0,0.28,Low,Low
E100269,Male,Service,Yes,34.0,9,35,9.0,7.0,79.0,1,0.27,Low,Low
E100270,Female,Service,Yes,54.7,4,35,4.4,2.4,78.2,4,0.33,Medium,Low
E100271,Female,Service,No,46.6,12,65,3.2,9.9,62.4,5,0.0,Low,High
E100272,Female,Product,Yes,48.4,16,92,5.3,9.2,61.7,5,0.04,Low,High
E100273,Female,Service,No,39.2,4,49,4.4,9.9,99.5,2,0.0,Low,Medium
E100274,Male,Product,No,48.5,6,18,5.2,4.2,81.4,3,0.3,Low,Low
E100275,Male,Service,Yes,50.4,19,46,1.9,8.4,91.0,10,0.03,Low,Medium
E100276,Female,Product,Yes,46.3,6,26,4.0,4.0,68.9,8,0.24,Low,Low
E100277,Female,Product,Yes,45.0,14,68,8.4,7.7,92.2,0,0.19,Low,Medium
E100278,Female,Service,No,40.5,14,44,4.6,9.5,86.1,8,0.02,Low,Medium
E100279,Female,Service,Yes,43.9,0,23,9.7,2.4,67.5,7,0.74,High,Low
E100280,Female,Service,Yes,42.4,11,33,7.4,2.3,85.9,3,0.57,Medium,Low
E100281,Male,Service,No,47.9,1,94,4.3,1.9,96.3,3,0.35,Medium,Medium
E100282,Male,Product,Yes,40.8,17,44,3.3,8.2,60.7,4,0.06,Low,Medium
E100283,Male,Product,Yes,47.8,14,79,7.2,7.0,77.4,10,0.22,Low,Medium
E100284,Female,Service,Yes,40.8,6,59,3.7,5.7,98.3,9,0.16,Low,Medium
E100285,Male,Service,No,43.7,8,37,9.3,8.0,91.1,1,0.19,Low,Low
E100286,Male,Service,No,48.1,2,90,2.0,8.6,81.0,6,0.03,Low,High
E100287,Male,Service,Yes,41.5,9,19,1.3,9.5,53.5,1,0.01,Low,Medium
E100288,Male,Product,Yes,48.3,1,98,3.0,2.8,70.3,6,0.22,Low,Medium
E100289,Female,Service,No,47.8,11,81,6.5,5.0,82.5,11,0.32,Medium,Medium
E100290,Male,Service,No,43.6,6,80,8.5,9.3,70.5,4,0.06,Low,Medium
E100291,Male,Service,No,50.8,4,57,2.5,5.2,99.9,6,0.12,Low,Medium
E100292,Female,Service,Yes,45.4,3,98,6.3,5.4,87.7,0,0.29,Low,Medium
E100293,Male,Product,No,50.5,0,16,2.3,9.5,59.4,8,0.01,Low,Medium
E100294,Male,Service,Yes,54.0,14,62,6.1,7.6,74.5,3,0.15,Low,Medium
E100295,Male,Product,Yes,43.8,8,72,1.2,6.0,69.2,9,0.05,Low,High
E100296,Female,Product,No,48.2,5,54,6.0,4.2,79.7,10,0.35,Medium,Low
E100297,Male,Service,Yes,41.8,13,67,5.7,9.2,72.3,7,0.05,Low,Medium
E100298,Female,Service,No,39.8,1,73,1.4,1.1,61.9,5,0.12,Low,Medium
E100299,Male,Product,Yes,44.0,11,82,7.2,3.9,86.2,3,0.44,Medium,Medium
E100300,Male,Product,No,38.2,5,77,6.2,9.5,55.3,9,0.03,Low,High
E100301,Male,Product,Yes,40.3,12,50,6.6,5.5,76.6,7,0.3,Low,Low
E100302,Male,Service,Yes,48.0,3,54,5.8,6.6,65.5,8,0.2,Low,Medium
E100303,Female,Product,Yes,42.4,15,20,7.5,5.8,98.3,4,0.32,Medium,Low
E100304,Female,Service,Yes,48.6,10,28,5.7,4.6,65.2,9,0.31,Medium,Low
E100305,Female,Product,No,46.5,5,93,9.3,7.0,67.0,7,0.28,Low,Medium
E100306,Male,Product,Yes,54.3,4,47,9.5,7.9,85.4,3,0.2,Low,Low
E100307,Male,Service,Yes,47.6,0,33,7.5,4.3,56.4,9,0.43,Medium,Low
E100308,Female,Product,Yes,50.6,18,90,9.2,6.3,66.2,3,0.34,Medium,Medium
E100309,Male,Service,No,47.0,6,57,9.3,1.7,84.8,8,0.77,High,Low
E100310,Male,Product,Yes,46.6,17,68,3.4,5.9,51.5,6,0.14,Low,Medium
E100311,Male,Service,Yes,50.8,9,87,9.9,7.7,65.6,4,0.23,Low,Medium
E100312,Male,Product,Yes,48.3,9,97,3.4,6.3,50.4,6,0.13,Low,High
E100313,Female,Service,No,46.1,16,75,1.2,8.9,57.5,11,0.01,Low,High
E100314,Female,Product,Yes,46.0,6,27,9.7,3.6,80.2,0,0.62,High,Low
E100315,Female,Service,Yes,47.7,0,56,3.0,5.4,72.8,10,0.14,Low,Medium
E100316,Male,Service,No,41.6,11,32,6.3,1.8,57.8,1,0.52,Medium,Low
E100317,Male,Service,Yes,41.4,16,86,9.7,7.3,53.9,3,0.26,Low,Medium
E100318,Male,Product,Yes,52.1,15,79,1.4,5.0,52.8,9,0.07,Low,High
E100319,Male,Service,No,54.3,19,62,3.4,5.8,54.3,1,0.14,Low,Medium
E100320,Male,Service,Yes,40.4,14,98,6.5,2.2,54.8,5,0.51,Medium,Medium
E100321,Female,Service,Yes,41.7,18,50,7.9,10.0,54.3,1,0.0,Low,Medium
E100322,Female,Product,Yes,50.7,19,95,8.3,7.9,52.8,7,0.17,Low,Medium
E100323,Male,Service,No,47.7,16,59,9.0,4.6,84.9,10,0.49,Medium,Low
E100324,Female,Service,Yes,48.4,3,24,2.5,6.1,97.1,6,0.1,Low,Medium
E100325,Female,Service,Yes,49.5,3,23,4.3,6.6,92.8,4,0.15,Low,Low
E100326,Female,Service,Yes,43.8,2,60,7.4,9.6,63.3,9,0.03,Low,Medium
E100327,Female,Service,No,46.6,7,31,7.4,7.9,60.2,10,0.16,Low,Low
E100328,Male,Service,Yes,46.3,8,81,3.8,4.1,52.4,11,0.22,Low,Medium
E100329,Male,Product,Yes,40.7,1,47,3.7,9.8,57.8,0,0.01,Low,Medium
E100330,Male,Product,Yes,46.6,18,79,3.9,3.7,78.4,10,0.25,Low,Medium
E100331,Female,Service,Yes,51.2,17,34,9.0,6.2,99.9,7,0.34,Medium,Low
E100332,Male,Service,No,43.3,15,80,9.2,7.3,93.0,3,0.25,Low,Medium
E100333,Male,Product,Yes,45.8,17,30,1.1,3.4,75.7,3,0.07,Low,Low
E100334,Male,Service,No,46.0,17,87,3.9,9.6,71.2,3,0.02,Low,High
E100335,Male,Product,Yes,43.6,11,28,4.5,2.9,57.4,0,0.32,Medium,Low
E100336,Female,Service,No,48.4,1,15,9.8,5.0,70.9,9,0.49,Medium,Low
E100337,Female,Service,Yes,41.6,0,49,9.5,2.6,79.7,9,0.7,High,Low
E100338,Male,Service,Yes,51.7,15,96,6.7,8.9,79.8,1,0.07,Low,High
E100339,Male,Product,No,48.1,16,15,1.4,3.0,77.9,10,0.1,Low,Low
E100340,Male,Service,No,40.3,0,57,2.7,1.3,91.2,6,0.23,Low,Low
E100341,Male,Service,Yes,53.5,2,83,4.9,1.4,75.5,0,0.42,Medium,Medium
E100342,Male,Service,Yes,45.8,19,89,9.6,4.7,73.6,4,0.51,Medium,Medium
E100343,Male,Product,Yes,41.4,15,69,1.9,5.7,65.3,8,0.08,Low,Medium
E100344,Male,Product,No,50.5,13,30,8.1,1.4,59.0,7,0.7,High,Low
E100345,Female,Service,Yes,47.5,15,81,2.7,1.8,50.1,7,0.22,Low,Medium
E100346,Female,Service,Yes,36.1,8,77,5.6,1.9,66.1,4,0.45,Medium,Medium
E100347,Male,Product,Yes,42.4,1,86,7.9,7.0,81.7,3,0.24,Low,Medium
E100348,Male,Service,No,46.4,12,36,7.2,3.7,77.9,9,0.45,Medium,Low
E100349,Female,Service,Yes,34.2,4,70,8.0,6.1,76.5,1,0.31,Medium,Medium
E100350,Male,Service,Yes,45.4,19,66,8.3,1.7,88.6,0,0.69,High,Low
E100351,Female,Product,Yes,45.8,16,95,3.8,9.0,61.6,1,0.04,Low,High
E100352,Female,Service,Yes,39.1,5,41,4.3,3.7,83.9,6,0.27,Low,Low
E100353,Male,Product,Yes,46.4,16,78,8.3,8.0,80.4,5,0.17,Low,Medium
E100354,Male,Service,No,45.0,1,59,1.3,8.4,66.9,6,0.02,Low,High
E100355,Female,Service,No,39.0,6,81,5.6,9.9,60.9,9,0.01,Low,High
E100356,Male,Product,Yes,49.6,16,40,9.3,7.7,78.1,2,0.21,Low,Low
E100357,Female,Service,No,49.2,7,27,9.0,5.0,97.3,4,0.45,Medium,Low
E100358,Female,Service,Yes,43.6,0,95,8.2,2.4,53.8,2,0.62,High,Medium
E100359,Female,Product,Yes,44.0,18,44,1.2,1.4,97.6,8,0.1,Low,Low
E100360,Male,Product,No,48.6,4,92,9.0,9.0,73.2,7,0.09,Low,Medium
E100361,Female,Product,Yes,44.0,4,44,9.2,5.0,85.5,6,0.46,Medium,Low
E100362,Male,Product,Yes,35.3,0,58,7.0,7.7,90.2,5,0.16,Low,Medium
E100363,Male,Product,No,47.4,9,62,3.7,5.5,57.6,3,0.17,Low,Medium
E100364,Female,Service,Yes,40.9,9,23,5.4,8.9,52.2,3,0.06,Low,Low
E100365,Male,Service,No,43.1,2,62,7.9,7.7,56.4,1,0.18,Low,Medium
E100366,Female,Product,No,52.3,11,70,8.3,1.8,67.0,11,0.68,High,Low
E100367,Female,Service,Yes,44.3,11,82,4.1,7.8,97.8,10,0.09,Low,High
E100368,Male,Product,Yes,45.0,6,20,3.9,3.4,52.1,5,0.26,Low,Low
E100369,Male,Product,Yes,47.5,15,79,7.6,8.0,96.0,5,0.15,Low,Medium
E100370,Male,Service,Yes,47.5,19,81,7.2,9.5,78.1,9,0.04,Low,Medium
E100371,Male,Product,Yes,40.4,2,35,5.6,9.4,55.1,1,0.03,Low,Medium
E100372,Male,Service,No,44.7,6,92,4.8,2.1,57.6,6,0.38,Medium,Medium
E100373,Female,Service,Yes,45.2,13,44,6.9,1.5,84.5,9,0.59,Medium,Low
E100374,Male,Product,Yes,46.4,3,71,1.3,8.0,80.4,3,0.03,Low,High
E100375,Male,Service,Yes,46.4,9,69,1.7,7.4,58.4,5,0.04,Low,High
E100376,Female,Service,Yes,57.9,1,16,6.2,2.6,95.2,10,0.46,Medium,Low
E100377,Male,Service,No,39.1,15,62,2.9,7.2,56.6,11,0.08,Low,Medium
E100378,Female,Product,Yes,49.9,2,36,8.0,1.1,75.6,11,0.71,High,Low
E100379,Male,Product,No,50.9,14,27,8.0,6.7,76.4,5,0.26,Low,Low
E100380,Male,Product,Yes,47.5,7,57,7.4,8.5,93.5,6,0.11,Low,Medium
E100381,Female,Product,Yes,41.7,15,89,9.1,6.8,51.1,11,0.29,Low,Medium
E100382,Female,Service,Yes,53.3,10,88,2.3,1.6,56.8,2,0.19,Low,Medium
E100383,Female,Product,Yes,34.0,10,63,3.3,9.9,58.5,4,0.0,Low,High
E100384,Female,Product,Yes,41.6,10,51,3.3,4.2,53.1,4,0.19,Low,Medium
E100385,Female,Service,Yes,50.9,0,49,8.0,4.4,81.6,3,0.45,Medium,Low
E100386,Male,Service,No,43.1,1,33,5.7,1.8,61.5,9,0.47,Medium,Low
E100387,Male,Product,Yes,53.0,19,42,3.3,2.5,78.8,9,0.25,Low,Low
E100388,Female,Product,No,37.4,0,71,2.2,3.4,89.1,11,0.15,Low,Medium
E100389,Female,Product,Yes,39.4,18,75,9.0,8.2,70.4,9,0.16,Low,Medium
E100390,Other,Product,Yes,42.3,19,57,7.2,7.2,88.4,10,0.2,Low,Medium
E100391,Male,Service,Yes,47.1,9,74,5.8,6.3,88.9,6,0.21,Low,Medium
E100392,Male,Product,Yes,43.9,18,24,9.7,8.8,63.2,4,0.12,Low,Low
E100393,Female,Service,No,42.5,10,93,8.6,10.0,50.8,2,0.0,Low,High
E100394,Male,Service,Yes,52.1,11,81,2.6,4.5,55.2,3,0.14,Low,Medium
E100395,Female,Product,Yes,52.6,9,38,5.6,4.5,91.2,1,0.31,Medium,Low
E100396,Female,Service,Yes,42.9,6,88,5.4,7.6,70.3,11,0.13,Low,High
E100397,Male,Product,Yes,36.5,7,58,8.6,6.8,92.0,2,0.28,Low,Low
E100398,Female,Service,No,34.2,10,44,2.3,1.1,77.4,4,0.2,Low,Low
E100399,Female,Service,Yes,46.2,17,59,5.1,6.9,59.9,0,0.16,Low,Medium
E100400,Male,Service,No,48.3,15,74,6.7,7.5,85.6,11,0.17,Low,Medium
E100401,Female,Service,Yes,45.3,0,67,9.5,9.9,77.9,11,0.01,Low,Medium
E100402,Male,Service,No,44.6,5,39,9.1,6.3,67.6,3,0.34,Medium,Low
E100403,Female,Service,No,41.0,16,90,5.8,7.2,54.4,11,0.16,Low,High
E100404,Male,Product,Yes,48.3,12,18,6.5,8.1,55.1,4,0.12,Low,Low
E100405,Female,Service,Yes,53.4,9,98,8.7,1.9,59.4,4,0.7,High,Low
E100406,Male,Service,No,33.9,9,88,7.7,7.6,83.6,7,0.18,Low,Medium
E100407,Male,Service,Yes,44.6,0,45,8.9,5.9,86.4,2,0.36,Medium,Low
E100408,Female,Product,No,40.1,6,33,9.1,1.9,81.5,8,0.74,High,Low
E100409,Male,Service,Yes,37.5,19,16,8.5,7.0,66.9,3,0.26,Low,Low
E100410,Male,Product,Yes,39.4,8,18,1.1,3.1,72.0,10,0.08,Low,Low
E100411,Female,Product,No,46.9,10,93,3.8,5.8,85.5,9,0.16,Low,High
E100412,Female,Service,Yes,47.0,19,52,4.6,3.5,83.0,4,0.3,Low,Low
E100413,Female,Service,Yes,52.3,1,47,7.1,1.9,88.7,1,0.58,Medium,Low
E100414,Female,Product,Yes,45.0,0,32,3.8,3.3,62.1,1,0.25,Low,Low
E100415,Male,Product,Yes,36.2,11,46,3.9,4.9,50.2,10,0.2,Low,Medium
E100416,Male,Product,No,43.8,6,91,4.6,5.4,63.3,8,0.21,Low,Medium
E100417,Male,Service,No,38.1,18,94,9.6,2.3,67.4,8,0.74,High,Low
E100418,Female,Service,No,39.0,4,47,4.9,3.9,98.0,1,0.3,Low,Low
E100419,Female,Service,Yes,47.9,11,48,2.3,8.7,60.9,0,0.03,Low,Medium
E100420,Female,Service,Yes,46.0,13,65,1.1,9.2,91.3,0,0.01,Low,High
E100421,Female,Service,No,47.9,6,77,3.1,5.8,81.1,11,0.13,Low,Medium
E100422,Male,Product,Yes,43.2,7,92,9.4,5.4,58.4,8,0.43,Medium,Medium
E100423,Male,Service,Yes,49.0,13,61,9.6,6.2,70.2,11,0.36,Medium,Low
E100424,Male,Product,No,42.9,11,80,5.8,2.9,75.5,4,0.41,Medium,Medium
E100425,Male,Product,Yes,50.6,8,27,6.8,9.9,67.2,2,0.01,Low,Medium
E100426,Male,Service,Yes,46.7,9,66,8.2,7.7,61.3,0,0.19,Low,Medium
E100427,Female,Product,Yes,44.0,9,66,1.5,3.1,62.6,3,0.1,Low,Medium
E100428,Male,Service,Yes,46.1,0,57,4.4,3.4,79.3,10,0.29,Low,Medium
E100429,Male,Product,Yes,44.9,5,75,6.8,6.8,84.4,2,0.22,Low,Medium
E100430,Male,Service,No,53.0,13,95,9.1,3.9,73.4,4,0.56,Medium,Medium
E100431,Female,Service,Yes,46.2,8,17,7.5,4.2,97.1,9,0.43,Medium,Low
E100432,Female,Product,Yes,45.0,11,82,4.2,8.0,86.4,7,0.08,Low,High
E100433,Male,Service,No,43.8,18,73,9.2,3.4,94.6,6,0.61,High,Low
E100434,Male,Product,Yes,49.2,19,68,7.0,7.3,73.8,10,0.19,Low,Medium
E100435,Female,Service,Yes,48.5,11,83,8.5,9.4,50.7,4,0.05,Low,Medium
E100436,Male,Service,Yes,43.6,12,16,4.5,2.1,79.6,9,0.36,Medium,Low
E100437,Female,Service,No,39.2,2,82,1.0,2.3,90.9,2,0.08,Low,Medium
E100438,Female,Service,Yes,40.5,10,58,2.5,9.5,76.8,4,0.01,Low,High
E100439,Male,Service,Yes,44.1,1,52,9.3,2.8,78.4,11,0.67,High,Low
E100440,Male,Product,Yes,51.7,17,74,1.3,1.2,98.7,10,0.11,Low,Medium
E100441,Other,Product,Yes,43.7,17,41,6.4,8.8,68.3,10,0.08,Low,Medium
E100442,Male,Product,Yes,42.0,8,29,4.7,3.5,90.1,0,0.31,Medium,Low
E100443,Male,Product,Yes,36.2,0,53,4.9,3.7,75.3,2,0.31,Medium,Low
E100444,Female,Service,Yes,52.6,15,52,4.6,3.0,73.2,1,0.32,Medium,Low
E100445,Female,Product,Yes,47.8,0,68,1.6,9.3,57.3,0,0.01,Low,High
E100446,Other,Service,Yes,49.0,19,77,2.1,8.0,87.4,4,0.04,Low,High
E100447,Female,Product,Yes,49.8,4,72,1.6,6.4,91.2,0,0.06,Low,High
E100448,Male,Service,Yes,44.2,16,76,1.5,5.1,71.5,1,0.07,Low,High
E100449,Male,Product,No,45.4,7,92,1.8,2.3,88.2,0,0.14,Low,Medium
E100450,Female,Product,No,52.4,5,32,7.3,9.3,79.1,9,0.05,Low,Low
E100451,Female,Product,No,45.9,0,43,2.0,7.7,62.9,7,0.05,Low,Medium
E100452,Male,Product,Yes,47.9,12,85,3.4,3.5,96.2,7,0.22,Low,Medium
E100453,Female,Product,Yes,49.4,17,71,6.9,9.5,84.8,0,0.03,Low,Medium
E100454,Male,Product,Yes,48.2,3,38,2.0,9.4,93.9,6,0.01,Low,Medium
E100455,Male,Service,Yes,44.4,14,52,9.2,6.9,64.1,2,0.29,Low,Low
E100456,Male,Service,Yes,44.8,13,20,5.3,9.9,95.8,2,0.01,Low,Medium
E100457,Male,Service,Yes,48.9,15,34,9.7,2.7,68.2,1,0.71,High,Low
E100458,Male,Service,Yes,48.9,4,56,2.7,7.6,50.5,1,0.06,Low,Medium
E100459,Male,Service,Yes,50.8,0,88,1.3,2.4,53.8,9,0.1,Low,Medium
E100460,Male,Service,Yes,47.8,3,36,6.3,7.2,54.5,5,0.18,Low,Low
E100461,Female,Service,Yes,48.0,16,47,4.0,9.3,60.4,4,0.03,Low,Medium
E100462,Female,Product,Yes,42.8,5,60,6.2,5.8,59.3,5,0.26,Low,Medium
E100463,Female,Product,Yes,42.1,3,68,5.3,7.9,52.9,9,0.11,Low,Medium
E100464,Female,Service,No,48.9,6,56,5.1,2.3,94.8,2,0.39,Medium,Low
E100465,Male,Service,Yes,42.1,0,65,8.7,6.7,91.4,6,0.29,Low,Medium
E100466,Male,Service,Yes,44.9,9,82,2.7,1.6,88.1,10,0.23,Low,Medium
E100467,Female,Service,No,51.9,12,99,5.5,1.3,74.0,9,0.48,Medium,Medium
E100468,Male,Product,Yes,51.1,8,70,4.7,6.7,71.3,3,0.16,Low,Medium
E100469,Female,Service,Yes,46.5,13,91,7.1,6.2,71.3,1,0.27,Low,Medium
E100470,Male,Service,Yes,43.5,0,56,1.5,4.0,63.1,6,0.09,Low,Medium
E100471,Female,Product,Yes,44.4,8,27,5.8,5.6,80.4,3,0.26,Low,Low
E100472,Male,Product,Yes,49.3,5,68,5.3,7.2,53.0,0,0.15,Low,Medium
E100473,Female,Service,Yes,44.8,9,26,9.8,6.8,82.9,8,0.31,Medium,Low
E100474,Male,Product,Yes,42.2,10,49,7.8,1.7,75.7,10,0.65,High,Low
E100475,Other,Service,No,51.1,6,97,2.4,7.1,90.8,0,0.07,Low,High
E100476,Male,Service,Yes,45.9,19,23,5.6,6.9,98.6,0,0.17,Low,Low
E100477,Female,Service,Yes,42.1,11,27,8.1,7.0,93.8,6,0.24,Low,Low
E100478,Female,Service,Yes,47.4,11,36,5.7,8.6,86.0,6,0.08,Low,Medium
E100479,Male,Service,Yes,49.9,13,54,4.2,6.2,71.6,8,0.16,Low,Medium
E100480,Female,Service,No,40.0,9,50,4.4,9.4,60.7,4,0.03,Low,Medium
E100481,Female,Product,Yes,44.0,15,55,4.3,9.8,83.2,1,0.01,Low,Medium
E100482,Male,Product,No,43.8,3,21,1.2,7.8,60.1,11,0.03,Low,Medium
E100483,Female,Service,Yes,47.3,13,69,7.6,4.2,51.0,7,0.44,Medium,Low
E100484,Female,Service,No,48.2,1,89,6.5,2.3,78.7,2,0.5,Medium,Medium
E100485,Female,Product,Yes,42.2,1,93,3.4,8.4,69.7,4,0.05,Low,High
E100486,Male,Service,Yes,37.5,10,27,6.7,2.3,93.8,5,0.52,Medium,Low
E100487,Male,Product,No,50.2,10,34,3.8,2.3,82.3,2,0.29,Low,Low
E100488,Female,Product,No,39.4,5,72,3.2,9.3,82.4,5,0.02,Low,High
E100489,Female,Service,Yes,46.4,2,37,7.7,6.0,89.4,4,0.31,Medium,Low
E100490,Male,Service,No,44.3,8,67,8.3,3.6,66.8,10,0.53,Medium,Low
E100491,Female,Service,Yes,45.8,2,51,6.6,9.7,97.9,6,0.02,Low,Medium
E100492,Male,Service,Yes,53.3,0,34,8.1,7.4,61.1,9,0.21,Low,Low
E100493,Male,Service,Yes,60.2,1,33,4.3,5.8,93.6,1,0.18,Low,Low
E100494,Male,Product,No,36.8,14,32,1.6,4.0,95.5,7,0.1,Low,Medium
E100495,Male,Service,No,49.9,10,82,6.4,7.1,52.0,5,0.19,Low,Medium
E100496,Female,Service,Yes,44.2,7,75,3.3,7.6,81.6,0,0.08,Low,High
E100497,Male,Service,Yes,50.2,15,86,8.0,7.4,87.5,10,0.21,Low,Medium
E100498,Female,Service,Yes,49.8,16,60,4.2,2.8,97.7,10,0.3,Low,Medium
E100499,Other,Service,Yes,52.0,2,62,7.0,7.3,62.6,1,0.19,Low,Medium
E100500,Female,Service,Yes,46.4,7,34,6.0,6.2,78.1,2,0.23,Low,Low
E100501,Male,Service,Yes,40.6,6,86,8.4,8.7,88.7,2,0.11,Low,Medium
E100502,Male,Product,Yes,49.6,2,83,8.5,6.6,57.4,9,0.29,Low,Medium
E100503,Female,Service,Yes,45.6,6,48,1.6,2.3,92.6,2,0.12,Low,Medium
E100504,Female,Product,Yes,43.8,4,21,3.7,3.9,70.2,10,0.23,Low,Low
E100505,Male,Service,No,42.6,0,64,8.8,7.7,82.0,4,0.2,Low,Medium
E100506,Female,Service,Yes,50.0,4,67,4.6,7.7,52.1,8,0.11,Low,Medium
E100507,Female,Service,Yes,53.0,2,87,5.6,3.0,61.1,5,0.39,Medium,Medium
E100508,Female,Product,Yes,39.0,17,25,2.7,4.2,73.9,8,0.16,Low,Low
E100509,Female,Service,Yes,48.1,18,90,6.0,1.1,64.5,2,0.53,Medium,Medium
E100510,Female,Service,Yes,43.1,9,22,3.4,4.0,97.9,8,0.2,Low,Low
E100511,Male,Service,Yes,37.7,3,46,8.5,1.2,89.7,3,0.75,High,Low
E100512,Female,Service,No,45.7,12,77,2.8,8.9,93.2,6,0.03,Low,High
E100513,Female,Service,Yes,40.8,0,69,4.2,7.0,73.3,0,0.13,Low,Medium
E100514,Male,Product,Yes,37.1,3,73,1.9,9.7,73.7,9,0.01,Low,High
E100515,Male,Service,Yes,41.1,8,77,6.3,9.0,90.3,2,0.06,Low,Medium
E100516,Male,Product,Yes,39.9,16,31,9.5,6.4,69.4,3,0.34,Medium,Low
E100517,Female,Service,No,41.8,10,40,2.6,5.5,74.0,11,0.12,Low,Medium
E100518,Other,Product,No,38.4,6,65,1.2,9.0,76.4,7,0.01,Low,High
E100519,Male,Product,Yes,43.0,6,47,4.8,3.7,80.4,0,0.3,Low,Low
E100520,Female,Service,Yes,41.4,12,40,7.7,3.0,82.5,6,0.54,Medium,Low
E100521,Male,Product,No,46.9,18,36,9.8,4.7,84.0,3,0.52,Medium,Low
E100522,Female,Product,Yes,48.0,16,81,1.5,1.5,72.2,10,0.13,Low,Medium
E100523,Female,Service,No,46.3,17,92,8.1,3.7,64.8,2,0.51,Medium,Medium
E100524,Female,Service,No,43.8,12,96,4.3,1.8,96.0,7,0.35,Medium,Medium
E100525,Male,Product,Yes,43.7,16,77,2.4,1.5,91.3,4,0.2,Low,Medium
E100526,Male,Service,No,40.8,17,31,2.7,6.0,50.2,5,0.11,Low,Medium
E100527,Male,Service,No,40.9,19,55,9.3,7.4,75.6,1,0.24,Low,Low
E100528,Male,Product,No,48.5,1,90,8.3,5.8,63.7,0,0.35,Medium,Medium
E100529,Female,Service,Yes,36.2,18,53,3.8,1.6,82.1,11,0.32,Medium,Low
E100530,Female,Product,Yes,44.6,14,47,9.5,4.6,75.1,6,0.51,Medium,Low
E100531,Other,Product,Yes,43.4,8,46,1.9,2.0,51.1,7,0.15,Low,Low
E100532,Other,Product,Yes,48.0,13,35,3.9,6.9,86.4,2,0.12,Low,Medium
E100533,Female,Service,Yes,37.9,18,67,6.9,8.4,63.8,5,0.11,Low,Medium
E100534,Female,Service,Yes,45.1,7,78,10.0,2.1,63.0,11,0.79,High,Low
E100535,Female,Service,Yes,46.7,11,92,5.2,1.6,51.6,0,0.44,Medium,Medium
E100536,Female,Service,Yes,35.5,16,80,8.3,4.7,91.4,3,0.44,Medium,Medium
E100537,Male,Service,Yes,39.6,11,63,9.2,3.7,78.9,11,0.58,Medium,Low
E100538,Male,Service,Yes,44.5,14,85,1.1,3.3,74.2,1,0.07,Low,High
E100539,Male,Service,No,47.6,4,93,3.6,2.9,83.8,0,0.26,Low,Medium
E100540,Female,Service,Yes,45.9,1,45,1.9,3.9,67.3,11,0.12,Low,Medium
E100541,Female,Product,Yes,47.8,19,55,8.0,9.7,78.5,2,0.02,Low,Medium
E100542,Male,Product,No,39.6,17,86,6.1,8.7,62.5,10,0.08,Low,High
E100543,Female,Product,Yes,37.1,2,85,1.9,6.4,53.1,1,0.07,Low,High
E100544,Female,Product,Yes,45.4,4,50,4.8,8.2,78.1,4,0.09,Low,Medium
E100545,Male,Service,No,38.9,1,88,5.6,1.1,61.1,8,0.5,Medium,Medium
E100546,Male,Product,No,40.7,8,53,7.3,2.0,87.5,7,0.58,Medium,Low
E100547,Female,Product,Yes,49.7,4,55,8.0,3.6,72.6,11,0.51,Medium,Low
E100548,Male,Service,No,45.9,16,55,1.8,6.8,62.5,1,0.06,Low,Medium
E100549,Female,Service,No,42.2,19,19,5.4,9.0,80.4,6,0.05,Low,Low
E100550,Male,Service,Yes,41.5,14,99,2.5,3.1,55.8,10,0.17,Low,High
E100551,Female,Service,Yes,48.1,12,20,7.8,2.3,88.1,11,0.6,Medium,Low
E100552,Female,Service,Yes,46.1,8,76,6.9,8.6,72.6,2,0.1,Low,Medium
E100553,Female,Service,Yes,38.9,1,30,7.5,4.7,90.6,5,0.4,Medium,Low
E100554,Female,Product,Yes,35.3,1,94,1.7,7.3,56.9,11,0.05,Low,High
E100555,Male,Service,No,54.4,10,33,5.6,5.9,69.1,8,0.23,Low,Low
E100556,Male,Service,Yes,38.9,2,97,8.6,2.6,59.0,2,0.64,High,Medium
E100557,Male,Product,Yes,47.6,2,51,7.4,7.3,53.1,9,0.2,Low,Medium
E100558,Female,Service,Yes,52.6,9,78,8.8,4.8,97.8,9,0.46,Medium,Low
E100559,Female,Product,Yes,45.7,1,73,2.9,3.6,86.3,1,0.19,Low,Medium
E100560,Female,Service,Yes,42.0,0,83,3.6,9.1,66.3,1,0.03,Low,High
E100561,Male,Product,Yes,37.9,5,87,5.0,1.1,62.3,4,0.44,Medium,Medium
E100562,Male,Service,Yes,37.8,5,99,5.7,4.6,60.2,5,0.31,Medium,Medium
E100563,Male,Service,No,46.9,10,21,3.3,3.7,52.2,3,0.21,Low,Low
E100564,Male,Service,Yes,52.3,15,56,4.4,1.5,55.1,5,0.37,Medium,Low
E100565,Female,Product,Yes,43.0,0,39,7.2,1.7,55.1,3,0.6,Medium,Low
E100566,Male,Product,Yes,42.2,4,70,6.8,2.6,83.3,11,0.5,Medium,Low
E100567,Male,Service,Yes,48.5,9,61,2.0,5.5,79.7,4,0.09,Low,Medium
E100568,Female,Product,Yes,41.6,5,99,9.9,3.5,78.4,6,0.64,High,Medium
E100569,Male,Service,Yes,46.4,10,91,6.1,8.5,86.7,5,0.09,Low,High
E100570,Male,Product,No,45.2,15,64,5.4,3.2,62.6,1,0.37,Medium,Low
E100571,Female,Product,Yes,43.0,19,99,9.7,7.5,67.1,8,0.24,Low,Medium
E100572,Male,Service,Yes,44.9,12,88,2.3,2.9,56.3,9,0.16,Low,Medium
E100573,Female,Service,Yes,53.8,11,47,5.9,1.4,79.4,4,0.51,Medium,Low
E100574,Female,Product,No,48.0,17,40,8.2,3.4,96.6,8,0.54,Medium,Low
E100575,Female,Product,Yes,50.5,12,31,4.6,8.5,93.2,4,0.07,Low,Medium
E100576,Male,Product,No,40.4,4,35,7.6,1.7,77.7,2,0.63,High,Low
E100577,Female,Product,Yes,50.5,12,16,9.1,4.1,82.2,6,0.54,Medium,Low
E100578,Male,Service,Yes,48.2,12,93,3.4,1.1,99.6,11,0.3,Low,Medium
E100579,Male,Product,No,37.5,18,58,3.2,6.7,75.9,7,0.11,Low,Medium
E100580,Male,Service,No,47.7,18,80,4.2,9.5,93.5,11,0.02,Low,High
E100581,Other,Product,Yes,42.4,12,85,4.8,4.5,75.0,4,0.26,Low,Medium
E100582,Male,Service,Yes,37.3,10,50,2.0,6.2,52.4,8,0.08,Low,Medium
E100583,Male,Service,Yes,45.6,15,60,3.1,5.1,96.7,2,0.15,Low,Medium
E100584,Female,Service,Yes,47.7,13,64,8.9,9.8,55.6,7,0.02,Low,Medium
E100585,Male,Service,No,45.8,9,81,6.1,7.6,85.2,10,0.15,Low,Medium
E100586,Male,Service,Yes,44.5,1,17,3.4,1.4,61.9,1,0.29,Low,Low
E100587,Male,Product,Yes,43.3,7,47,9.5,2.0,95.1,9,0.76,High,Low
E100588,Male,Product,No,57.3,7,59,8.0,5.2,60.0,0,0.38,Medium,Low
E100589,Male,Service,Yes,39.1,19,39,4.3,6.7,57.0,6,0.14,Low,Medium
E100590,Male,Product,Yes,49.4,13,51,7.9,3.6,71.9,9,0.51,Medium,Low
E100591,Female,Product,No,45.1,13,50,6.4,7.1,74.8,11,0.19,Low,Medium
E100592,Male,Service,Yes,40.7,17,49,7.2,6.2,90.9,4,0.27,Low,Low
E100593,Male,Service,Yes,44.8,14,33,3.9,4.9,88.1,11,0.2,Low,Low
E100594,Female,Product,Yes,38.0,15,59,2.9,6.2,66.4,6,0.11,Low,Medium
E100595,Male,Product,Yes,42.0,13,97,3.3,9.2,69.2,2,0.03,Low,High
E100596,Female,Service,Yes,44.8,9,32,1.8,3.2,78.8,2,0.12,Low,Low
E100597,Male,Product,Yes,37.2,1,41,5.2,8.1,77.6,0,0.1,Low,Medium
E100598,Male,Service,No,47.5,4,45,4.7,1.1,93.1,2,0.42,Medium,Low
E100599,Male,Service,No,40.2,2,53,1.0,1.8,73.6,0,0.08,Low,Medium
E100600,Male,Service,No,37.7,6,81,8.7,9.5,94.7,3,0.04,Low,Medium
E100601,Male,Service,Yes,39.6,11,36,7.1,7.3,60.3,9,0.19,Low,Low
E100602,Male,Product,No,55.9,9,66,5.0,6.7,93.4,4,0.16,Low,Medium
E100603,Male,Product,Yes,35.1,10,24,9.7,4.0,65.2,9,0.58,Medium,Low
E100604,Male,Service,Yes,47.2,16,22,9.5,2.7,89.5,8,0.69,High,Low
E100605,Male,Service,No,41.2,3,48,1.9,4.4,78.3,0,0.11,Low,Medium
E100606,Male,Product,Yes,43.2,5,67,6.5,6.4,93.8,7,0.23,Low,Medium
E100607,Male,Product,Yes,48.0,6,32,8.4,6.7,61.6,3,0.28,Low,Low
E100608,Male,Product,No,47.8,4,26,2.6,2.5,85.1,3,0.2,Low,Low
E100609,Female,Product,Yes,41.6,5,78,2.2,5.0,92.4,0,0.11,Low,Medium
E100610,Male,Service,Yes,38.2,16,71,3.3,6.1,88.8,11,0.13,Low,Medium
E100611,Female,Product,Yes,48.1,13,16,3.5,9.6,78.3,7,0.01,Low,Medium
E100612,Female,Service,No,47.8,10,31,9.7,5.9,83.8,4,0.4,Medium,Low
E100613,Male,Service,Yes,43.6,4,66,8.0,6.2,59.8,2,0.3,Low,Medium
E100614,Female,Service,Yes,47.2,1,90,1.5,7.9,60.8,4,0.03,Low,High
E100615,Female,Service,Yes,42.8,13,85,8.1,4.8,63.4,6,0.42,Medium,Medium
E100616,Male,Product,Yes,40.9,15,93,2.5,4.5,91.4,8,0.14,Low,High
E100617,Male,Product,No,45.0,1,16,4.2,6.3,58.4,10,0.16,Low,Low
E100618,Female,Service,Yes,47.6,16,41,3.9,8.0,64.9,8,0.08,Low,Medium
E100619,Female,Service,Yes,46.5,15,40,3.5,6.7,96.0,6,0.12,Low,Medium
E100620,Male,Service,Yes,47.5,8,39,3.8,2.7,87.8,8,0.28,Low,Low
E100621,Male,Service,No,41.2,19,26,7.8,4.6,86.7,11,0.42,Medium,Low
E100622,Male,Product,Yes,52.9,19,31,3.4,5.6,72.8,8,0.15,Low,Low
E100623,Male,Product,Yes,43.3,8,79,8.2,5.7,85.1,11,0.35,Medium,Medium
E100624,Female,Product,Yes,44.4,4,54,1.8,4.1,78.3,2,0.11,Low,Medium
E100625,Male,Product,Yes,38.4,3,19,6.4,5.7,53.6,4,0.28,Low,Low
E100626,Male,Product,No,44.0,6,42,8.8,7.1,78.8,1,0.26,Low,Low
E100627,Female,Service,No,47.7,4,86,1.7,5.2,72.6,9,0.08,Low,High
E100628,Male,Service,No,48.8,2,66,6.7,5.1,55.7,4,0.33,Medium,Medium
E100629,Male,Service,No,52.8,7,28,5.6,8.2,67.2,6,0.1,Low,Low
E100630,Female,Service,No,47.6,15,20,4.0,7.8,94.7,4,0.09,Low,Low
E100631,Female,Product,Yes,46.4,5,32,1.9,4.8,90.2,7,0.1,Low,Medium
E100632,Male,Service,No,42.8,8,51,7.1,10.0,95.7,9,0.0,Low,Medium
E100633,Male,Service,Yes,41.7,19,88,3.8,1.6,85.9,1,0.32,Medium,Medium
E100634,Male,Service,Yes,49.9,17,78,4.1,3.9,81.6,5,0.25,Low,Medium
E100635,Male,Product,Yes,49.8,10,49,7.5,1.3,57.0,9,0.65,High,Low
E100636,Male,Service,No,39.6,18,31,9.5,8.6,55.4,5,0.13,Low,Low
E100637,Male,Product,Yes,48.6,6,24,4.0,7.8,62.3,3,0.09,Low,Medium
E100638,Male,Product,No,48.3,9,65,7.7,7.2,65.7,0,0.22,Low,Medium
E100639,Male,Service,Yes,39.4,4,95,9.6,2.9,80.4,5,0.68,High,Low
E100640,Male,Service,Yes,47.7,6,66,1.9,7.4,93.9,8,0.05,Low,High
E100641,Male,Product,Yes,39.8,5,78,5.8,4.2,94.5,11,0.34,Medium,Medium
E100642,Male,Service,Yes,32.9,17,47,1.1,8.8,84.1,0,0.01,Low,High
E100643,Male,Product,Yes,44.2,14,31,8.4,2.8,78.7,5,0.6,Medium,Low
E100644,Male,Service,Yes,46.3,9,96,3.6,3.0,62.2,11,0.25,Low,Medium
E100645,Female,Service,No,44.4,5,63,4.0,9.6,96.9,3,0.02,Low,High
E100646,Female,Product,Yes,59.3,0,21,7.2,5.7,83.6,8,0.31,Medium,Low
E100647,Female,Product,Yes,46.9,9,79,8.1,5.0,76.7,8,0.4,Medium,Medium
E100648,Female,Product,Yes,45.7,14,76,4.6,4.2,55.2,6,0.27,Low,Medium
E100649,Male,Product,Yes,47.1,13,89,7.0,8.5,91.3,0,0.11,Low,High
E100650,Male,Product,Yes,42.8,15,24,9.6,4.2,67.4,2,0.56,Medium,Low
E100651,Male,Product,Yes,49.6,4,45,9.0,4.2,95.0,0,0.52,Medium,Low
E100652,Female,Product,Yes,46.8,13,39,7.3,2.1,58.4,4,0.58,Medium,Low
E100653,Female,Service,Yes,46.6,15,71,9.5,5.7,52.4,6,0.41,Medium,Low
E100654,Male,Service,No,41.9,13,79,8.9,9.3,71.7,4,0.06,Low,Medium
E100655,Male,Product,No,37.2,6,57,7.6,9.6,53.9,2,0.03,Low,Medium
E100656,Male,Service,Yes,42.5,18,17,9.3,10.0,53.1,4,0.0,Low,Low
E100657,Male,Service,Yes,46.4,3,69,8.4,5.3,85.7,8,0.39,Medium,Low
E100658,Female,Service,Yes,42.8,17,62,5.5,8.0,62.9,2,0.11,Low,Medium
E100659,Female,Service,Yes,46.5,14,79,5.5,6.0,81.9,9,0.22,Low,Medium
E100660,Male,Service,No,43.8,16,85,1.1,5.9,78.5,5,0.05,Low,High
E100661,Other,Service,Yes,47.2,0,74,1.3,8.3,57.0,1,0.02,Low,High
E100662,Female,Product,Yes,40.1,14,28,7.7,8.5,69.3,3,0.12,Low,Low
E100663,Male,Service,Yes,46.0,15,95,6.0,1.2,53.3,6,0.53,Medium,Medium
E100664,Male,Service,No,41.8,10,28,7.8,9.5,71.1,8,0.04,Low,Low
E100665,Male,Service,No,37.3,8,23,9.5,8.4,59.1,3,0.15,Low,Low
E100666,Male,Service,No,44.2,16,99,5.1,7.5,54.8,9,0.13,Low,High
E100667,Male,Service,Yes,52.7,14,59,1.8,8.7,65.8,2,0.02,Low,High
E100668,Male,Product,Yes,37.7,7,16,6.6,5.8,50.2,6,0.28,Low,Low
E100669,Male,Service,Yes,45.6,17,46,1.9,8.0,87.9,1,0.04,Low,Medium
E100670,Male,Product,Yes,49.0,7,22,6.6,6.4,57.9,3,0.24,Low,Low
E100671,Female,Service,Yes,56.5,2,50,5.7,5.9,81.3,4,0.23,Low,Medium
E100672,Male,Service,Yes,42.5,18,51,7.4,2.9,91.6,2,0.53,Medium,Low
E100673,Male,Service,Yes,41.8,13,29,4.2,8.6,95.9,4,0.06,Low,Medium
E100674,Male,Service,No,39.2,1,48,2.3,9.0,77.9,1,0.02,Low,Medium
E100675,Other,Product,Yes,50.7,0,35,3.1,9.7,89.4,7,0.01,Low,Medium
E100676,Male,Product,Yes,40.7,4,23,7.2,2.1,72.7,4,0.57,Medium,Low
E100677,Male,Product,Yes,43.1,16,54,5.3,3.6,74.5,7,0.34,Medium,Low
E100678,Female,Service,Yes,35.8,0,40,5.9,7.2,77.3,11,0.17,Low,Medium
E100679,Female,Service,Yes,49.4,15,36,3.9,8.7,83.5,2,0.05,Low,Medium
E100680,Female,Service,Yes,50.8,2,27,8.5,7.8,83.5,1,0.19,Low,Low
E100681,Male,Product,Yes,49.2,9,39,10.0,5.1,89.3,8,0.49,Medium,Low
E100682,Male,Service,Yes,37.0,18,85,3.8,7.5,80.8,4,0.1,Low,High
E100683,Female,Product,Yes,48.0,10,29,7.5,1.6,94.1,7,0.63,High,Low
E100684,Female,Service,Yes,36.6,2,90,2.5,7.0,85.5,9,0.08,Low,High
E100685,Female,Service,Yes,45.3,1,59,7.7,1.1,96.4,4,0.69,High,Low
E100686,Female,Service,Yes,46.0,2,35,4.9,1.4,87.5,5,0.42,Medium,Low
E100687,Male,Service,Yes,46.6,14,54,6.4,7.8,86.9,11,0.14,Low,Medium
E100688,Female,Product,No,47.7,19,61,3.1,5.3,93.0,1,0.15,Low,Medium
E100689,Male,Service,Yes,45.0,8,75,8.7,1.5,82.8,10,0.74,High,Low
E100690,Male,Product,Yes,35.2,14,28,2.6,5.3,59.0,0,0.12,Low,Low
E100691,Male,Service,No,47.7,1,86,9.4,1.6,54.1,1,0.79,High,Low
E100692,Male,Product,No,45.5,5,81,1.6,4.1,65.8,1,0.09,Low,High
E100693,Male,Service,No,40.5,4,90,3.6,2.4,90.7,8,0.27,Low,Medium
E100694,Male,Product,Yes,37.2,5,61,6.1,3.0,51.1,6,0.43,Medium,Low
E100695,Female,Product,Yes,52.7,4,30,8.7,2.8,57.5,4,0.63,High,Low
E100696,Male,Product,Yes,51.2,11,85,6.2,4.3,55.3,8,0.35,Medium,Medium
E100697,Female,Service,Yes,48.5,3,32,2.9,2.0,51.9,7,0.23,Low,Low
E100698,Male,Product,No,41.6,13,59,8.7,5.7,90.5,9,0.37,Medium,Low
E100699,Male,Service,Yes,32.4,13,37,6.4,4.7,64.0,6,0.34,Medium,Low
E100700,Male,Service,No,48.8,10,40,3.1,8.6,86.4,4,0.04,Low,Medium
E100701,Male,Service,Yes,46.8,0,80,6.1,8.4,57.1,7,0.1,Low,Medium
E100702,Male,Service,Yes,43.1,4,16,7.1,8.4,70.4,9,0.11,Low,Low
E100703,Male,Product,No,50.6,4,36,7.1,5.2,55.8,4,0.34,Medium,Low
E100704,Male,Service,No,49.2,11,52,7.5,3.6,50.1,10,0.48,Medium,Low
E100705,Other,Service,No,45.9,4,56,9.1,4.7,80.7,11,0.48,Medium,Low
E100706,Male,Product,No,45.2,12,42,8.4,7.2,74.0,4,0.24,Low,Low
E100707,Female,Service,Yes,45.3,10,77,6.5,5.8,70.8,4,0.27,Low,Medium
E100708,Male,Product,Yes,48.4,0,31,1.3,6.6,53.9,1,0.04,Low,Medium
E100709,Female,Service,No,40.7,11,96,7.7,7.2,79.4,8,0.22,Low,Medium
E100710,Female,Service,Yes,47.1,5,73,9.8,9.3,89.0,9,0.07,Low,Medium
E100711,Female,Service,Yes,40.4,10,16,3.8,9.5,53.4,5,0.02,Low,Medium
E100712,Male,Product,Yes,51.7,11,93,6.5,8.6,70.7,11,0.09,Low,High
E100713,Male,Product,Yes,47.7,5,93,7.9,1.6,65.6,1,0.66,High,Low
E100714,Male,Product,Yes,41.6,4,64,6.8,9.8,94.6,0,0.01,Low,Medium
E100715,Female,Service,No,45.4,17,29,9.3,7.3,63.1,3,0.25,Low,Low
E100716,Female,Service,Yes,40.7,15,32,5.3,7.2,97.2,3,0.15,Low,Low
E100717,Female,Service,Yes,52.5,12,91,5.8,1.2,91.4,4,0.51,Medium,Medium
E100718,Male,Service,No,53.1,6,52,1.3,5.3,55.0,3,0.06,Low,Medium
E100719,Female,Service,Yes,48.5,13,22,9.1,6.6,74.0,0,0.31,Medium,Low
E100720,Female,Product,No,52.8,0,94,3.4,3.5,82.5,1,0.22,Low,Medium
E100721,Male,Service,Yes,45.8,11,34,9.8,1.7,79.7,11,0.81,High,Low
E100722,Male,Service,No,48.8,2,74,2.8,5.8,84.0,5,0.12,Low,Medium
E100723,Female,Product,Yes,51.1,17,40,3.3,5.0,71.3,10,0.16,Low,Medium
E100724,Female,Product,Yes,45.0,10,49,5.4,1.4,95.2,9,0.46,Medium,Low
E100725,Female,Service,No,45.4,19,95,6.9,5.7,63.5,8,0.3,Low,Medium
E100726,Male,Service,No,49.7,6,40,5.0,2.0,54.7,7,0.4,Medium,Low
E100727,Female,Service,Yes,48.2,9,32,4.2,4.8,98.9,6,0.22,Low,Low
E100728,Male,Service,No,41.2,18,58,5.9,3.4,82.6,6,0.39,Medium,Low
E100729,Male,Product,Yes,34.1,12,21,9.6,9.7,83.0,0,0.03,Low,Low
E100730,Male,Service,No,44.1,13,49,9.7,1.3,90.9,4,0.84,High,Low
E100731,Female,Product,Yes,34.5,14,26,4.0,6.0,71.1,3,0.16,Low,Low
E100732,Female,Product,Yes,40.0,5,58,7.1,2.4,69.3,4,0.54,Medium,Low
E100733,Male,Product,Yes,40.6,6,55,7.5,3.9,97.5,11,0.46,Medium,Low
E100734,Male,Service,Yes,42.2,12,68,6.9,2.7,69.3,5,0.5,Medium,Low
E100735,Female,Service,Yes,49.1,15,15,2.0,10.0,53.9,5,0.0,Low,Medium
E100736,Male,Product,Yes,50.2,14,39,5.9,1.3,65.4,9,0.51,Medium,Low
E100737,Female,Service,Yes,47.5,17,94,7.9,5.9,93.7,4,0.32,Medium,Medium
E100738,Male,Service,Yes,48.2,2,29,2.8,6.5,54.7,2,0.1,Low,Medium
E100739,Male,Service,Yes,48.3,15,89,4.1,7.9,85.8,2,0.09,Low,High
E100740,Male,Service,No,32.5,0,17,2.8,6.6,63.3,7,0.1,Low,Low
E100741,Male,Product,Yes,45.1,0,59,9.0,3.1,87.3,7,0.62,High,Low
E100742,Female,Service,No,36.0,18,59,8.7,6.4,75.7,11,0.31,Medium,Low
E100743,Male,Service,No,47.5,5,65,2.5,9.8,81.8,7,0.0,Low,High
E100744,Male,Service,Yes,34.5,10,56,7.8,8.6,62.2,10,0.11,Low,Medium
E100745,Female,Service,No,44.1,6,53,4.3,5.1,58.4,6,0.21,Low,Medium
E100746,Male,Product,Yes,47.7,2,34,7.2,5.3,53.2,10,0.34,Medium,Low
E100747,Male,Product,Yes,39.4,5,93,5.4,2.2,91.3,4,0.42,Medium,Medium
E100748,Female,Service,Yes,49.8,0,32,5.2,6.1,85.5,11,0.2,Low,Low
E100749,Female,Service,Yes,47.5,7,53,8.9,3.5,64.7,5,0.58,Medium,Low
E100750,Male,Service,No,46.9,13,43,6.7,2.0,91.8,5,0.54,Medium,Low
E100751,Female,Product,Yes,48.5,3,34,3.1,5.3,91.7,10,0.15,Low,Medium
E100752,Female,Service,Yes,43.2,3,56,2.0,1.4,56.9,8,0.17,Low,Medium
E100753,Male,Product,No,45.8,15,93,9.4,2.1,85.7,4,0.74,High,Low
E100754,Male,Service,Yes,45.1,10,26,2.4,3.0,64.6,10,0.17,Low,Low
E100755,Female,Product,Yes,44.9,6,70,7.6,9.9,73.4,6,0.01,Low,Medium
E100756,Female,Service,Yes,41.6,0,26,5.5,8.3,71.5,8,0.09,Low,Low
E100757,Male,Product,No,38.8,8,67,2.3,5.9,80.0,8,0.09,Low,Medium
E100758,Female,Service,No,43.3,5,22,8.0,3.1,67.4,0,0.55,Medium,Low
E100759,Female,Product,Yes,43.0,12,72,9.1,5.7,53.7,11,0.39,Medium,Low
E100760,Male,Service,Yes,41.3,11,38,2.1,6.8,83.6,6,0.07,Low,Medium
E100761,Male,Service,Yes,49.3,18,75,1.6,1.0,98.0,8,0.14,Low,Medium
E100762,Male,Product,Yes,39.1,16,15,8.6,9.9,83.4,3,0.01,Low,Low
E100763,Female,Service,No,44.1,0,92,5.5,6.6,77.0,2,0.19,Low,High
E100764,Male,Product,Yes,50.8,8,84,7.1,9.9,58.2,0,0.01,Low,High
E100765,Female,Product,Yes,49.5,7,59,5.0,5.2,81.3,6,0.24,Low,Medium
E100766,Female,Service,No,51.1,1,23,4.7,6.6,80.6,7,0.16,Low,Low
E100767,Female,Service,No,42.0,17,15,3.7,5.2,80.9,8,0.18,Low,Low
E100768,Male,Service,Yes,48.9,3,87,6.1,1.1,94.6,2,0.54,Medium,Medium
E100769,Female,Service,Yes,39.7,0,38,2.4,8.6,85.8,2,0.03,Low,Medium
E100770,Male,Service,Yes,43.6,11,74,7.5,5.0,89.2,0,0.38,Medium,Medium
E100771,Female,Product,Yes,44.1,15,96,5.9,5.2,65.7,4,0.28,Low,Medium
E100772,Male,Service,Yes,42.1,17,62,8.6,4.2,63.5,7,0.5,Medium,Low
E100773,Male,Service,Yes,43.2,4,53,9.3,4.9,60.3,6,0.47,Medium,Low
E100774,Female,Service,No,42.5,15,32,9.1,7.5,88.9,6,0.23,Low,Low
E100775,Male,Service,No,40.1,8,66,6.4,7.3,84.9,3,0.17,Low,Medium
E100776,Male,Service,Yes,49.3,8,16,3.9,8.3,67.1,0,0.07,Low,Low
E100777,Female,Product,Yes,44.1,1,50,4.2,9.8,57.1,6,0.01,Low,Medium
E100778,Female,Product,No,46.0,13,62,6.9,4.5,92.3,2,0.38,Medium,Low
E100779,Female,Service,No,45.8,10,49,7.4,4.1,69.2,11,0.44,Medium,Low
E100780,Female,Product,No,45.3,1,84,2.5,5.4,59.5,4,0.12,Low,High
E100781,Male,Service,Yes,45.5,15,95,10.0,2.4,57.2,8,0.76,High,Low
E100782,Male,Product,Yes,43.5,18,86,2.0,7.8,96.0,2,0.04,Low,High
E100783,Male,Product,No,52.1,12,56,6.5,6.2,56.5,11,0.25,Low,Medium
E100784,Male,Product,Yes,48.8,16,88,5.8,2.9,68.0,1,0.41,Medium,Medium
E100785,Female,Service,Yes,45.1,0,94,6.3,8.8,81.6,11,0.08,Low,High
E100786,Female,Service,Yes,42.8,18,52,5.8,6.6,70.4,10,0.2,Low,Medium
E100787,Male,Service,No,44.4,15,40,1.5,1.3,73.9,10,0.13,Low,Low
E100788,Male,Product,Yes,47.1,12,45,10.0,2.8,90.1,9,0.72,High,Low
E100789,Female,Service,No,52.5,18,66,9.8,9.0,100.0,7,0.1,Low,Medium
E100790,Male,Product,Yes,38.1,2,74,5.7,4.4,73.4,1,0.32,Medium,Medium
E100791,Female,Service,No,48.3,2,22,2.9,9.9,68.9,5,0.0,Low,Medium
E100792,Male,Product,Yes,50.6,0,75,2.6,5.8,70.3,5,0.11,Low,Medium
E100793,Female,Service,Yes,37.6,2,49,1.5,2.9,68.5,1,0.11,Low,Medium
E100794,Male,Service,No,44.1,15,48,6.5,6.3,73.7,4,0.24,Low,Low
E100795,Female,Service,No,39.7,7,24,5.3,1.9,66.7,10,0.43,Medium,Low
E100796,Female,Service,No,47.2,15,54,4.7,8.3,73.1,0,0.08,Low,Medium
E100797,Female,Service,Yes,43.2,12,66,5.7,6.7,97.3,10,0.19,Low,Medium
E100798,Female,Product,Yes,44.3,12,26,8.9,9.7,64.3,11,0.03,Low,Low
E100799,Female,Service,Yes,42.9,10,41,1.6,7.2,82.6,6,0.04,Low,Medium
E100800,Female,Service,Yes,48.6,3,33,5.9,1.4,74.3,1,0.51,Medium,Low
E100801,Male,Product,No,46.1,3,71,7.3,5.3,86.6,11,0.34,Medium,Medium
E100802,Female,Service,Yes,46.2,14,68,9.7,5.8,73.6,8,0.41,Medium,Low
E100803,Female,Product,Yes,45.8,3,29,7.7,9.3,58.0,11,0.05,Low,Low
E100804,Male,Product,Yes,47.9,7,51,5.9,4.9,93.6,0,0.3,Low,Low
E100805,Female,Service,Yes,43.7,1,75,7.9,6.3,83.8,3,0.29,Low,Medium
E100806,Female,Service,No,53.5,14,32,10.0,2.7,76.3,5,0.73,High,Low
E100807,Female,Service,Yes,38.8,13,58,9.0,3.2,91.6,2,0.61,High,Low
E100808,Male,Product,Yes,36.4,1,98,1.8,5.9,98.8,5,0.07,Low,High
E100809,Male,Service,No,36.0,2,35,6.2,7.3,70.5,3,0.17,Low,Low
E100810,Other,Product,Yes,34.6,10,43,8.1,4.9,67.7,1,0.41,Medium,Low
E100811,Female,Product,Yes,48.4,6,29,7.0,4.9,87.7,9,0.36,Medium,Low
E100812,Male,Service,Yes,47.8,15,82,4.8,3.3,72.7,10,0.32,Medium,Medium
E100813,Female,Product,Yes,51.0,6,78,3.9,7.3,54.3,4,0.11,Low,High
E100814,Female,Product,Yes,39.7,10,28,6.6,1.0,67.7,9,0.59,Medium,Low
E100815,Male,Service,Yes,48.7,1,51,4.7,5.6,90.4,11,0.21,Low,Medium
E100816,Female,Product,Yes,45.3,7,68,4.5,1.0,85.3,7,0.4,Medium,Low
E100817,Male,Product,Yes,45.8,6,73,8.5,6.3,93.1,1,0.31,Medium,Medium
E100818,Male,Service,Yes,48.1,5,73,3.8,1.3,57.3,10,0.33,Medium,Medium
E100819,Male,Service,Yes,41.2,15,99,6.8,9.5,62.2,5,0.03,Low,High
E100820,Female,Service,No,57.9,10,69,8.9,5.3,60.7,7,0.42,Medium,Low
E100821,Male,Service,Yes,51.7,2,57,6.6,7.2,98.6,5,0.18,Low,Medium
E100822,Male,Product,No,42.3,17,66,5.4,8.7,58.4,4,0.07,Low,Medium
E100823,Male,Service,Yes,39.5,8,53,1.3,3.1,79.9,2,0.09,Low,Medium
E100824,Male,Product,Yes,44.6,16,91,7.1,5.9,81.6,7,0.29,Low,Medium
E100825,Female,Service,Yes,45.9,1,33,10.0,8.8,80.9,11,0.12,Low,Low
E100826,Male,Service,No,50.3,9,70,8.3,5.8,84.6,9,0.35,Medium,Medium
E100827,Male,Product,Yes,39.2,9,50,6.7,4.5,74.2,11,0.37,Medium,Low
E100828,Female,Product,Yes,46.4,16,66,5.2,4.3,54.2,1,0.3,Low,Medium
E100829,Male,Service,No,37.4,7,58,3.0,4.5,85.1,9,0.16,Low,Medium
E100830,Male,Service,No,47.2,19,60,7.2,6.5,64.1,8,0.25,Low,Medium
E100831,Male,Service,Yes,44.5,5,54,2.6,1.4,53.8,7,0.22,Low,Low
E100832,Male,Service,No,54.7,10,94,9.0,4.7,58.5,5,0.48,Medium,Medium
E100833,Male,Service,No,37.3,4,67,4.2,6.0,64.4,10,0.17,Low,Medium
E100834,Male,Service,Yes,51.9,9,71,4.6,8.1,71.6,8,0.09,Low,Medium
E100835,Male,Product,Yes,36.5,0,33,2.9,5.8,93.1,5,0.12,Low,Medium
E100836,Female,Service,Yes,38.4,7,92,5.3,9.3,76.8,7,0.04,Low,High
E100837,Male,Product,Yes,36.6,3,58,7.1,5.0,73.6,11,0.36,Medium,Low
E100838,Female,Product,No,46.3,6,34,3.7,6.9,59.6,11,0.11,Low,Medium
E100839,Female,Service,Yes,39.1,18,58,7.3,1.2,98.0,4,0.64,High,Low
E100840,Male,Product,Yes,38.3,14,57,6.6,3.1,95.4,6,0.46,Medium,Low
E100841,Female,Service,No,46.0,1,21,4.4,8.3,90.8,1,0.07,Low,Medium
E100842,Male,Product,Yes,47.3,16,56,3.8,6.3,66.2,0,0.14,Low,Medium
E100843,Female,Service,No,45.2,15,76,8.8,9.5,78.1,7,0.04,Low,Medium
E100844,Male,Service,No,44.2,13,16,1.1,7.8,69.4,4,0.02,Low,Medium
E100845,Male,Product,No,54.1,2,91,7.4,5.0,70.1,8,0.37,Medium,Medium
E100846,Male,Service,No,45.7,18,60,4.8,8.0,53.6,6,0.1,Low,Medium
E100847,Other,Product,Yes,49.0,7,52,7.5,5.2,57.0,3,0.36,Medium,Low
E100848,Male,Product,Yes,45.7,16,15,5.6,4.0,98.1,4,0.34,Medium,Low
E100849,Female,Service,Yes,39.5,17,61,1.8,1.4,80.5,2,0.15,Low,Medium
E100850,Male,Service,Yes,47.7,0,27,9.8,8.8,50.3,4,0.12,Low,Low
E100851,Female,Service,Yes,41.7,6,74,1.8,4.8,90.5,9,0.09,Low,Medium
E100852,Male,Product,Yes,44.5,3,95,2.4,7.2,54.4,3,0.07,Low,High
E100853,Female,Product,No,46.5,2,78,4.8,2.4,85.4,2,0.36,Medium,Medium
E100854,Male,Service,No,35.3,18,82,9.5,8.5,81.0,7,0.14,Low,Medium
E100855,Male,Service,Yes,37.0,9,69,3.6,8.4,53.1,3,0.06,Low,High
E100856,Male,Product,Yes,49.5,2,45,6.1,5.3,76.5,9,0.29,Low,Low
E100857,Male,Service,Yes,41.7,1,28,5.7,7.0,52.4,3,0.17,Low,Low
E100858,Female,Product,No,41.9,4,99,4.0,5.7,53.2,10,0.17,Low,High
E100859,Male,Product,Yes,45.8,16,19,7.3,6.0,52.6,7,0.29,Low,Low
E100860,Female,Product,Yes,43.1,4,68,5.5,9.0,62.8,4,0.05,Low,Medium
E100861,Male,Service,Yes,47.1,13,67,6.2,9.7,90.1,4,0.02,Low,Medium
E100862,Male,Service,Yes,44.7,15,51,2.9,4.3,68.1,4,0.17,Low,Medium
E100863,Male,Service,No,46.0,13,71,9.3,4.0,82.0,10,0.56,Medium,Low
E100864,Male,Service,Yes,41.5,18,17,2.0,3.7,56.2,5,0.13,Low,Low
E100865,Female,Product,Yes,46.0,12,91,7.2,7.9,96.6,4,0.15,Low,Medium
E100866,Male,Service,No,50.5,11,25,9.0,7.5,75.2,0,0.22,Low,Low
E100867,Male,Product,No,42.2,15,56,1.8,1.4,51.2,0,0.15,Low,Medium
E100868,Female,Service,No,49.6,16,69,1.3,1.8,76.9,5,0.11,Low,Medium
E100869,Female,Service,Yes,44.7,19,52,4.0,6.8,59.2,1,0.13,Low,Medium
E100870,Male,Service,Yes,48.7,5,38,8.1,3.5,59.8,2,0.53,Medium,Low
E100871,Male,Product,Yes,45.6,13,23,7.5,1.8,80.0,5,0.62,High,Low
E100872,Female,Service,Yes,44.8,15,27,8.4,4.7,61.3,1,0.45,Medium,Low
E100873,Male,Service,Yes,46.7,2,32,4.6,8.9,60.7,5,0.05,Low,Medium
E100874,Male,Product,Yes,51.1,18,24,9.9,4.3,77.0,11,0.56,Medium,Low
E100875,Male,Service,Yes,46.2,6,26,4.3,7.3,61.8,5,0.12,Low,Low
E100876,Female,Service,No,47.4,4,61,8.2,9.1,55.5,1,0.07,Low,Medium
E100877,Female,Service,Yes,43.2,19,97,4.2,2.5,70.4,9,0.32,Medium,Medium
E100878,Male,Service,No,52.9,9,97,3.0,6.5,52.6,1,0.1,Low,High
E100879,Male,Product,Yes,48.2,8,24,4.0,9.2,95.3,6,0.03,Low,Medium
E100880,Male,Service,Yes,45.4,2,15,2.7,2.7,72.6,11,0.2,Low,Low
E100881,Female,Service,Yes,44.4,9,71,2.2,9.9,50.7,11,0.0,Low,High
E100882,Male,Service,No,49.9,15,85,4.3,4.3,61.2,8,0.25,Low,Medium
E100883,Male,Product,Yes,42.0,8,25,2.3,3.0,97.9,0,0.16,Low,Low
E100884,Female,Service,No,36.1,1,67,5.5,8.5,74.8,7,0.08,Low,Medium
E100885,Male,Product,Yes,45.4,5,18,1.3,5.2,67.9,3,0.06,Low,Low
E100886,Female,Service,No,51.0,4,75,4.9,7.0,65.8,5,0.15,Low,Medium
E100887,Male,Service,Yes,53.0,2,99,9.6,5.4,70.8,2,0.44,Medium,Medium
E100888,Male,Product,No,44.5,6,24,4.2,6.8,60.6,9,0.13,Low,Low
E100889,Male,Service,Yes,45.2,14,19,2.2,1.3,87.5,10,0.19,Low,Low
E100890,Female,Product,No,47.6,5,75,3.7,4.2,75.4,0,0.21,Low,Medium
E100891,Female,Service,Yes,43.7,3,90,8.1,6.9,87.6,11,0.25,Low,Medium
E100892,Female,Product,Yes,47.6,12,44,3.8,4.2,62.7,0,0.22,Low,Low
E100893,Male,Service,No,44.6,4,71,4.5,8.0,50.1,11,0.09,Low,Medium
E100894,Female,Product,Yes,50.1,14,47,8.1,9.6,98.3,4,0.03,Low,Medium
E100895,Male,Service,Yes,48.6,6,51,3.3,1.3,75.6,3,0.29,Low,Low
E100896,Male,Service,No,49.1,6,96,5.3,8.7,54.0,10,0.07,Low,High
E100897,Female,Service,Yes,44.0,9,82,1.6,2.5,55.2,7,0.12,Low,Medium
E100898,Male,Service,Yes,54.6,12,37,2.6,9.3,71.7,10,0.02,Low,Medium
E100899,Male,Service,Yes,47.4,10,84,2.9,9.5,84.8,2,0.01,Low,High
E100900,Male,Service,No,46.2,0,21,5.2,6.1,69.8,2,0.2,Low,Low
E100901,Male,Service,Yes,41.2,19,33,8.4,5.3,91.0,1,0.39,Medium,Low
E100902,Male,Product,Yes,44.5,10,29,4.2,7.8,66.5,8,0.09,Low,Medium
E100903,Female,Product,No,45.6,0,46,4.4,9.3,52.3,4,0.03,Low,Medium
E100904,Male,Product,No,41.1,2,93,3.7,3.1,50.4,8,0.26,Low,Medium
E100905,Female,Service,No,43.5,7,73,3.9,4.4,93.0,6,0.22,Low,Medium
E100906,Female,Service,No,44.2,12,84,4.6,4.8,99.2,7,0.24,Low,Medium
E100907,Male,Service,Yes,45.3,6,84,9.1,8.6,56.6,11,0.13,Low,Medium
E100908,Male,Product,Yes,36.2,2,20,1.2,2.2,53.1,6,0.09,Low,Low
E100909,Male,Service,Yes,44.3,19,90,6.6,6.6,95.7,4,0.22,Low,Medium
E100910,Female,Service,No,43.1,1,80,9.0,4.2,55.0,1,0.52,Medium,Low
E100911,Male,Product,No,44.9,17,18,4.8,9.0,61.4,7,0.05,Low,Low
E100912,Female,Service,No,50.2,4,84,6.9,4.1,90.1,4,0.41,Medium,Medium
E100913,Male,Product,Yes,55.3,17,71,6.3,9.8,99.9,7,0.01,Low,Medium
E100914,Female,Product,Yes,48.4,15,75,4.0,1.1,74.3,4,0.36,Medium,Medium
E100915,Male,Service,Yes,38.8,6,70,2.2,3.2,60.5,11,0.15,Low,Medium
E100916,Male,Service,Yes,43.3,0,28,3.0,5.1,92.4,0,0.15,Low,Low
E100917,Female,Service,No,48.0,8,97,1.5,3.3,69.7,9,0.1,Low,High
E100918,Female,Product,Yes,47.4,14,21,7.9,7.6,63.6,8,0.19,Low,Low
E100919,Male,Service,Yes,49.9,0,68,5.8,8.3,74.5,4,0.1,Low,Medium
E100920,Female,Product,No,44.5,16,96,8.1,7.3,92.8,1,0.22,Low,Medium
E100921,Male,Service,Yes,43.2,8,72,3.6,9.7,61.7,3,0.01,Low,High
E100922,Female,Service,Yes,53.8,14,75,8.2,5.1,71.2,0,0.4,Medium,Medium
E100923,Female,Service,Yes,45.3,9,86,3.8,9.8,72.2,3,0.01,Low,High
E100924,Male,Product,No,39.9,19,42,2.1,2.1,91.6,4,0.17,Low,Low
E100925,Male,Service,No,52.4,2,99,5.8,8.6,83.8,1,0.08,Low,High
E100926,Male,Product,Yes,37.5,4,69,9.5,1.3,89.0,5,0.83,High,Low
E100927,Male,Service,Yes,27.5,1,88,4.7,5.8,84.7,3,0.2,Low,Medium
E100928,Female,Service,Yes,48.8,5,67,5.6,5.4,79.6,4,0.26,Low,Medium
E100929,Male,Product,Yes,49.6,15,97,5.1,8.7,56.6,11,0.07,Low,High
E100930,Male,Product,Yes,47.1,11,58,5.1,7.3,91.6,11,0.14,Low,Medium
E100931,Female,Service,Yes,38.5,16,42,2.9,5.0,80.4,9,0.14,Low,Medium
E100932,Other,Service,Yes,44.7,11,60,4.8,9.1,85.1,9,0.04,Low,Medium
E100933,Male,Product,No,43.6,16,63,5.5,9.0,88.9,4,0.05,Low,Medium
E100934,Male,Service,Yes,42.3,6,81,7.7,1.2,65.6,3,0.68,High,Low
E100935,Male,Service,Yes,52.1,15,41,2.3,8.8,71.9,0,0.03,Low,Medium
E100936,Male,Product,Yes,39.8,17,95,6.1,5.7,77.1,4,0.26,Low,Medium
E100937,Female,Service,Yes,46.6,7,93,7.0,8.6,67.1,3,0.1,Low,High
E100938,Male,Service,Yes,51.0,17,53,4.4,2.6,62.9,5,0.33,Medium,Low
E100939,Female,Service,Yes,46.9,1,98,5.9,2.4,88.8,6,0.45,Medium,Medium
E100940,Male,Product,No,51.2,8,41,7.4,7.5,87.7,3,0.18,Low,Low
E100941,Female,Product,No,47.8,15,49,5.2,3.5,91.6,10,0.34,Medium,Low
E100942,Female,Service,No,47.1,16,61,4.0,6.0,84.8,2,0.16,Low,Medium
E100943,Female,Service,Yes,46.8,9,66,8.4,7.2,65.6,0,0.24,Low,Medium
E100944,Male,Service,No,48.1,0,83,9.9,6.5,66.4,1,0.35,Medium,Medium
E100945,Male,Product,Yes,43.1,17,80,2.9,7.3,76.4,0,0.08,Low,High
E100946,Male,Service,No,38.5,14,55,9.0,6.6,91.8,8,0.31,Medium,Low
E100947,Female,Product,Yes,49.8,8,64,5.9,4.4,67.3,3,0.33,Medium,Medium
E100948,Female,Service,Yes,50.8,2,59,5.0,1.8,88.3,6,0.41,Medium,Low
E100949,Female,Product,Yes,46.3,15,34,9.0,8.7,65.3,5,0.12,Low,Low
E100950,Female,Service,No,42.3,14,85,9.2,8.6,66.9,0,0.13,Low,Medium
E100951,Female,Product,No,37.2,1,50,3.5,1.1,87.6,1,0.31,Medium,Low
E100952,Male,Service,No,45.4,9,86,4.2,8.6,83.9,3,0.06,Low,High
E100953,Female,Service,Yes,38.3,3,84,8.7,2.4,60.4,5,0.66,High,Low
E100954,Male,Product,Yes,37.6,18,38,5.4,4.0,91.4,4,0.32,Medium,Low
E100955,Male,Product,No,44.9,16,50,3.6,4.7,89.2,2,0.19,Low,Medium
E100956,Male,Service,Yes,41.2,9,19,9.7,7.1,89.9,8,0.28,Low,Low
E100957,Male,Product,No,46.7,5,98,3.0,1.8,73.5,11,0.25,Low,Medium
E100958,Male,Service,Yes,44.2,0,34,6.5,8.4,66.4,10,0.1,Low,Low
E100959,Female,Product,Yes,42.0,10,67,4.9,9.5,92.5,6,0.02,Low,High
E100960,Male,Service,No,36.5,15,54,5.1,9.6,79.4,5,0.02,Low,Medium
E100961,Female,Service,Yes,40.7,19,64,2.0,1.8,96.5,4,0.16,Low,Medium
E100962,Male,Service,No,40.9,6,88,3.3,9.3,62.7,7,0.02,Low,High
E100963,Male,Service,Yes,38.9,2,81,2.5,6.1,98.8,7,0.1,Low,High
E100964,Male,Product,No,43.4,13,49,7.7,7.5,69.0,9,0.19,Low,Low
E100965,Male,Service,Yes,39.3,3,78,7.3,9.4,69.2,9,0.04,Low,Medium
E100966,Female,Service,No,44.2,8,51,8.1,6.9,61.9,9,0.25,Low,Low
E100967,Male,Service,Yes,46.2,14,59,7.3,5.1,98.3,9,0.36,Medium,Low
E100968,Female,Product,Yes,40.9,11,52,2.2,5.7,52.0,4,0.09,Low,Medium
E100969,Male,Service,Yes,47.1,15,99,9.8,7.2,73.7,0,0.27,Low,Medium
E100970,Female,Service,No,38.2,18,41,2.7,9.5,68.3,2,0.01,Low,Medium
E100971,Female,Product,Yes,39.4,13,79,4.2,9.0,58.0,3,0.04,Low,High
E100972,Female,Service,Yes,44.4,3,87,7.4,6.2,85.7,0,0.28,Low,Medium
E100973,Male,Product,No,48.4,5,17,2.3,2.9,94.9,0,0.16,Low,Low
E100974,Male,Product,Yes,49.3,10,73,2.5,4.1,62.2,3,0.15,Low,Medium
E100975,Male,Service,Yes,53.1,3,44,8.9,4.3,74.9,3,0.51,Medium,Low
E100976,Female,Product,Yes,43.1,7,30,4.0,3.6,78.9,6,0.26,Low,Low
E100977,Male,Product,No,44.4,8,43,7.0,7.7,69.5,10,0.16,Low,Low
E100978,Male,Service,Yes,39.8,1,84,8.7,8.5,96.1,5,0.13,Low,Medium
E100979,Female,Service,Yes,38.7,19,92,9.8,3.9,73.1,0,0.6,Medium,Low
E100980,Male,Product,No,46.1,2,88,2.9,8.6,99.1,10,0.04,Low,High
E100981,Female,Service,No,41.1,5,38,2.1,7.6,64.8,0,0.05,Low,Medium
E100982,Male,Product,Yes,51.2,1,21,7.7,5.0,53.7,5,0.38,Medium,Low
E100983,Male,Service,No,37.7,7,63,2.7,7.3,78.7,11,0.07,Low,Medium
E100984,Female,Service,No,47.4,19,77,6.2,7.9,91.2,6,0.13,Low,Medium
E100985,Male,Service,Yes,40.0,7,60,5.8,6.0,69.4,1,0.23,Low,Medium
E100986,Female,Service,No,40.9,2,62,6.0,5.0,59.3,2,0.3,Low,Medium
E100987,Male,Service,Yes,47.7,16,39,6.8,1.9,86.9,10,0.55,Medium,Low
E100988,Male,Product,Yes,41.6,10,57,8.7,1.0,63.5,1,0.78,High,Low
E100989,Female,Product,Yes,42.4,2,69,3.4,9.4,88.5,5,0.02,Low,High
E100990,Female,Product,Yes,40.9,11,48,6.0,3.4,63.1,0,0.4,Medium,Low
E100991,Female,Product,Yes,53.9,13,79,4.0,7.0,77.9,6,0.12,Low,High
E100992,Male,Product,No,41.9,0,42,3.9,9.5,94.4,9,0.02,Low,Medium
E100993,Female,Service,Yes,45.3,11,55,1.2,8.4,60.2,1,0.02,Low,High
E100994,Male,Product,Yes,44.0,17,43,6.4,2.1,91.0,4,0.51,Medium,Low
E100995,Male,Service,Yes,46.1,3,46,9.8,8.2,63.3,0,0.18,Low,Low
E100996,Female,Product,No,41.9,2,83,7.9,7.5,83.0,9,0.2,Low,Medium
E100997,Male,Product,Yes,44.0,16,48,3.2,4.0,62.2,9,0.19,Low,Medium
E100998,Female,Service,Yes,47.0,12,73,7.4,7.2,55.7,6,0.21,Low,Medium
E100999,Male,Service,Yes,40.7,16,75,3.7,8.4,83.2,4,0.06,Low,High
E101000,Male,Service,No,50.4,16,66,7.8,3.6,79.7,4,0.5,Medium,Low
E101001,Male,Service,Yes,50.9,18,77,8.7,8.8,70.1,7,0.1,Low,Medium
E101002,Female,Service,No,48.0,4,40,4.0,1.7,51.8,7,0.33,Medium,Low
E101003,Female,Service,Yes,45.3,7,91,1.0,5.7,73.8,7,0.04,Low,High
E101004,Female,Service,Yes,30.0,1,26,3.7,3.1,57.4,11,0.26,Low,Low
E101005,Female,Product,Yes,47.1,8,36,2.9,7.6,68.0,2,0.07,Low,Medium
E101006,Female,Product,No,43.0,6,87,6.6,2.6,79.3,7,0.49,Medium,Medium
E101007,Female,Product,Yes,43.8,15,70,3.6,4.1,97.0,4,0.21,Low,Medium
E101008,Male,Product,Yes,35.5,11,20,1.3,2.1,75.6,0,0.1,Low,Low
E101009,Male,Service,Yes,47.5,4,50,5.8,8.3,59.7,3,0.1,Low,Medium
E101010,Male,Service,Yes,37.8,5,88,8.9,2.2,97.3,10,0.69,High,Low
E101011,Other,Product,Yes,45.6,16,73,5.1,7.5,51.3,11,0.13,Low,Medium
E101012,Female,Product,No,49.5,14,73,4.4,7.4,82.1,4,0.11,Low,Medium
E101013,Male,Service,Yes,42.7,9,82,2.6,2.3,63.1,7,0.2,Low,Medium
E101014,Female,Product,Yes,51.1,2,66,4.5,6.1,87.9,9,0.18,Low,Medium
E101015,Female,Product,Yes,41.3,6,82,4.0,5.5,66.6,1,0.18,Low,Medium
E101016,Male,Product,Yes,48.0,1,91,10.0,6.4,71.4,5,0.36,Medium,Medium
E101017,Female,Product,Yes,38.5,12,94,1.3,9.4,88.5,3,0.01,Low,High
E101018,Female,Service,Yes,50.2,13,65,3.1,1.7,94.9,2,0.26,Low,Medium
E101019,Male,Product,No,49.4,3,82,1.6,8.4,59.1,10,0.03,Low,High
E101020,Female,Product,Yes,47.3,7,40,8.7,8.8,64.8,8,0.1,Low,Low
E101021,Male,Service,No,43.0,4,87,4.8,2.1,50.2,4,0.38,Medium,Medium
E101022,Female,Product,Yes,38.0,11,55,8.2,6.9,92.8,1,0.25,Low,Low
E101023,Female,Service,Yes,43.0,11,89,7.2,7.3,97.4,2,0.19,Low,Medium
E101024,Female,Service,No,50.6,10,19,9.4,5.9,64.0,8,0.39,Medium,Low
E101025,Male,Service,No,45.6,1,67,1.2,5.5,69.2,7,0.05,Low,Medium
E101026,Female,Service,Yes,37.2,4,52,2.9,3.9,71.4,11,0.18,Low,Medium
E101027,Female,Service,Yes,39.4,12,67,7.3,7.2,70.5,5,0.2,Low,Medium
E101028,Male,Product,Yes,51.3,17,70,6.3,3.6,69.6,7,0.4,Medium,Medium
E101029,Female,Service,Yes,47.4,16,33,7.3,5.1,73.8,0,0.36,Medium,Low
E101030,Male,Service,Yes,38.8,5,79,6.2,8.7,57.7,1,0.08,Low,Medium
E101031,Female,Service,No,36.2,18,83,6.2,1.8,52.9,5,0.51,Medium,Medium
E101032,Male,Service,Yes,41.9,16,67,9.4,5.8,86.2,4,0.39,Medium,Low
E101033,Male,Product,Yes,35.7,16,33,9.3,5.4,92.3,0,0.43,Medium,Low
E101034,Male,Product,Yes,44.2,17,80,1.3,4.4,90.5,3,0.07,Low,High
E101035,Female,Product,Yes,57.3,14,62,4.7,6.4,81.3,7,0.17,Low,Medium
E101036,Male,Product,Yes,37.0,19,80,5.6,1.1,98.4,8,0.5,Medium,Low
E101037,Female,Service,Yes,44.1,3,87,4.2,5.4,50.1,11,0.19,Low,Medium
E101038,Male,Product,No,51.6,3,32,1.4,5.4,66.0,0,0.06,Low,Medium
E101039,Male,Product,Yes,48.7,4,94,5.3,5.6,65.5,1,0.23,Low,Medium
E101040,Male,Service,No,44.3,14,53,9.8,2.9,67.5,2,0.7,High,Low
E101041,Female,Product,Yes,44.3,1,87,1.6,2.9,90.0,6,0.11,Low,Medium
E101042,Male,Product,No,39.2,10,65,8.4,6.8,67.6,4,0.27,Low,Medium
E101043,Female,Product,No,43.7,2,37,2.8,1.8,76.4,11,0.23,Low,Low
E101044,Female,Service,No,46.2,10,47,6.2,3.8,80.7,1,0.38,Medium,Low
E101045,Female,Product,No,50.5,2,74,4.5,8.5,92.3,11,0.07,Low,High
E101046,Male,Service,Yes,41.9,10,73,4.1,1.9,80.8,2,0.33,Medium,Medium
E101047,Male,Service,No,44.1,1,40,8.8,5.2,69.1,7,0.42,Medium,Low
E101048,Female,Service,No,40.3,19,31,9.8,7.0,84.7,3,0.29,Low,Low
E101049,Male,Service,Yes,46.1,19,67,4.5,2.3,75.8,10,0.35,Medium,Medium
E101050,Female,Service,Yes,48.9,14,92,6.8,3.8,76.4,10,0.42,Medium,Medium
E101051,Male,Service,Yes,48.1,7,91,6.0,6.0,66.8,11,0.24,Low,Medium
E101052,Female,Product,Yes,39.1,1,57,1.7,3.9,50.1,9,0.1,Low,Medium
E101053,Female,Product,Yes,45.7,17,62,1.4,2.0,67.8,8,0.11,Low,Medium
E101054,Other,Product,Yes,41.6,7,96,8.0,3.1,65.1,5,0.55,Medium,Medium
E101055,Male,Service,Yes,50.1,11,34,4.6,2.0,55.0,7,0.37,Medium,Low
E101056,Female,Service,No,44.2,5,49,3.8,9.9,59.9,9,0.0,Low,Medium
E101057,Male,Product,Yes,37.4,1,47,9.9,3.1,99.0,5,0.68,High,Low
E101058,Male,Service,No,43.9,11,95,1.8,5.8,64.0,1,0.08,Low,High
E101059,Female,Product,Yes,47.3,11,90,3.4,4.9,75.9,9,0.17,Low,High
E101060,Female,Product,Yes,46.2,12,16,8.7,6.1,77.5,7,0.34,Medium,Low
E101061,Other,Service,Yes,42.4,8,48,4.7,5.5,78.0,6,0.21,Low,Medium
E101062,Female,Product,Yes,42.1,14,90,6.3,7.5,52.4,3,0.16,Low,Medium
E101063,Male,Product,Yes,40.1,10,46,1.4,8.9,88.6,5,0.02,Low,High
E101064,Male,Service,Yes,43.0,8,35,9.3,3.6,86.5,8,0.6,Medium,Low
E101065,Female,Service,Yes,40.7,7,19,2.2,2.7,98.9,0,0.16,Low,Low
E101066,Male,Service,Yes,49.9,19,42,2.9,9.9,59.2,10,0.0,Low,Medium
E101067,Male,Service,Yes,40.5,17,62,2.4,8.8,77.7,8,0.03,Low,High
E101068,Male,Service,Yes,45.6,10,83,5.5,4.3,90.2,9,0.31,Medium,Medium
E101069,Male,Service,Yes,45.3,4,84,8.4,9.1,56.2,3,0.08,Low,Medium
E101070,Male,Service,Yes,49.7,3,97,3.4,7.0,89.5,0,0.1,Low,High
E101071,Male,Product,Yes,50.4,4,54,2.3,4.9,63.5,7,0.12,Low,Medium
E101072,Male,Service,Yes,48.5,6,20,4.7,8.9,64.0,10,0.05,Low,Medium
E101073,Male,Service,Yes,46.8,16,28,9.8,7.1,97.3,7,0.28,Low,Low
E101074,Other,Service,Yes,39.8,17,81,1.1,8.4,65.7,8,0.02,Low,High
E101075,Male,Service,Yes,39.7,0,25,5.5,4.8,79.2,11,0.29,Low,Low
E101076,Male,Service,Yes,40.8,15,53,7.0,8.2,72.0,9,0.13,Low,Medium
E101077,Female,Service,Yes,48.8,8,55,8.3,4.3,53.9,0,0.47,Medium,Low
E101078,Male,Service,Yes,45.4,11,38,7.7,7.6,97.5,11,0.18,Low,Low
E101079,Female,Product,Yes,49.3,18,57,1.7,4.9,60.7,10,0.09,Low,Medium
E101080,Female,Product,No,50.0,10,96,5.2,4.6,63.4,1,0.28,Low,Medium
E101081,Male,Service,No,41.4,5,88,1.7,8.2,68.9,5,0.03,Low,High
E101082,Male,Service,Yes,45.2,3,40,6.6,2.1,74.9,10,0.52,Medium,Low
E101083,Female,Product,No,44.9,15,43,1.7,9.4,57.2,4,0.01,Low,High
E101084,Female,Product,Yes,43.4,2,16,1.4,5.6,81.5,2,0.06,Low,Low
E101085,Male,Service,Yes,42.3,7,44,3.8,6.7,75.7,2,0.13,Low,Medium
E101086,Female,Product,No,50.9,15,88,9.4,4.6,65.2,8,0.51,Medium,Medium
E101087,Male,Service,No,45.3,1,90,7.4,6.8,84.6,0,0.24,Low,Medium
E101088,Other,Service,Yes,45.1,12,98,1.0,7.4,75.7,10,0.03,Low,High
E101089,Male,Product,Yes,41.0,18,71,3.6,8.8,92.0,3,0.04,Low,High
E101090,Female,Product,Yes,48.4,15,73,1.2,8.7,92.8,6,0.02,Low,High
E101091,Female,Product,Yes,40.0,18,33,3.6,4.2,99.0,4,0.21,Low,Low
E101092,Female,Service,Yes,47.3,7,68,7.2,6.5,53.4,8,0.25,Low,Medium
E101093,Male,Service,Yes,47.4,1,84,7.8,8.0,70.3,9,0.16,Low,Medium
E101094,Male,Service,No,42.9,0,37,8.2,7.9,75.1,11,0.17,Low,Low
E101095,Male,Service,Yes,46.6,16,97,9.2,9.0,61.7,7,0.09,Low,Medium
E101096,Male,Product,No,45.9,17,47,4.3,8.5,96.1,0,0.06,Low,Medium
E101097,Male,Product,Yes,44.8,6,80,8.8,7.5,54.4,7,0.22,Low,Medium
E101098,Female,Product,Yes,45.1,8,93,7.5,7.7,71.4,9,0.17,Low,Medium
E101099,Male,Product,Yes,45.3,2,25,5.8,8.3,59.3,9,0.1,Low,Low
E101100,Male,Service,Yes,45.6,10,32,9.6,8.5,84.1,10,0.14,Low,Low
E101101,Female,Product,Yes,45.3,15,79,9.5,4.2,85.2,4,0.55,Medium,Low
E101102,Female,Product,Yes,39.5,8,46,9.1,8.0,93.6,5,0.18,Low,Low
E101103,Female,Service,Yes,44.2,11,18,2.8,9.5,70.4,0,0.01,Low,Medium
E101104,Other,Product,Yes,46.3,13,50,2.9,3.1,88.8,10,0.2,Low,Medium
E101105,Male,Service,Yes,45.5,3,71,9.1,1.4,77.5,10,0.78,High,Low
E101106,Male,Product,Yes,49.8,3,47,4.6,1.7,90.6,4,0.38,Medium,Low
E101107,Female,Service,Yes,48.1,10,28,8.2,3.0,54.3,3,0.57,Medium,Low
E101108,Female,Service,Yes,40.6,1,62,7.2,9.3,73.2,10,0.05,Low,Medium
E101109,Male,Product,Yes,44.2,17,51,7.9,2.1,57.5,11,0.62,High,Low
E101110,Female,Product,No,43.4,2,19,1.2,7.7,89.5,10,0.03,Low,Medium
E101111,Male,Service,Yes,45.0,1,64,4.9,8.8,57.6,8,0.06,Low,Medium
E101112,Male,Service,Yes,45.0,0,75,8.7,8.9,50.4,3,0.1,Low,Medium
E101113,Male,Service,Yes,48.1,4,83,5.4,4.8,96.5,5,0.28,Low,Medium
E101114,Female,Service,Yes,45.9,6,52,7.2,5.5,74.2,9,0.32,Medium,Low
E101115,Female,Product,Yes,51.2,19,60,7.8,3.9,99.3,10,0.48,Medium,Low
E101116,Male,Product,Yes,46.2,3,29,2.1,2.3,72.6,2,0.16,Low,Low
E101117,Female,Service,No,40.8,2,51,2.4,2.9,79.5,10,0.17,Low,Medium
E101118,Male,Product,Yes,42.7,5,41,7.5,2.2,87.2,8,0.58,Medium,Low
E101119,Male,Service,Yes,48.0,11,15,1.5,4.7,64.0,7,0.08,Low,Low
E101120,Female,Product,Yes,36.9,15,43,4.1,2.5,56.6,8,0.31,Medium,Low
E101121,Female,Service,Yes,38.3,7,86,9.3,4.6,83.1,9,0.5,Medium,Medium
E101122,Female,Service,Yes,45.1,10,21,6.2,8.7,75.5,5,0.08,Low,Low
E101123,Female,Product,No,49.8,12,43,9.2,6.9,91.3,10,0.29,Low,Low
E101124,Female,Service,No,51.5,13,45,3.8,7.0,52.3,7,0.11,Low,Medium
E101125,Female,Product,No,43.9,17,52,6.7,8.3,77.2,0,0.11,Low,Medium
E101126,Male,Product,Yes,50.3,7,22,3.6,1.4,59.3,0,0.31,Medium,Low
E101127,Male,Service,No,45.4,0,51,2.0,8.2,80.9,9,0.04,Low,Medium
E101128,Male,Service,Yes,37.3,3,73,9.9,2.8,88.0,3,0.71,High,Low
E101129,Male,Product,No,45.0,16,93,2.6,4.1,63.2,0,0.15,Low,High
E101130,Female,Product,No,41.9,19,68,2.7,3.8,74.1,6,0.17,Low,Medium
E101131,Male,Service,Yes,49.6,5,72,8.6,2.0,71.0,3,0.69,High,Low
E101132,Male,Service,Yes,44.9,4,40,8.2,2.6,87.7,0,0.61,High,Low
E101133,Male,Product,Yes,38.6,13,62,9.8,9.6,80.0,0,0.04,Low,Medium
E101134,Female,Service,No,37.5,18,25,1.6,6.4,56.0,5,0.06,Low,Medium
E101135,Male,Service,Yes,44.9,13,37,1.8,5.3,98.8,5,0.08,Low,Medium
E101136,Female,Service,No,32.9,1,48,5.0,7.8,95.6,5,0.11,Low,Medium
E101137,Male,Product,Yes,42.4,8,47,6.3,8.3,78.9,8,0.11,Low,Medium
E101138,Male,Product,Yes,46.2,6,95,1.3,2.0,88.9,11,0.1,Low,High
E101139,Female,Product,Yes,39.7,17,16,2.4,7.7,51.0,6,0.06,Low,Medium
E101140,Female,Product,No,50.0,19,75,7.3,9.4,60.1,6,0.04,Low,Medium
E101141,Male,Product,Yes,51.0,10,18,7.0,6.3,88.4,0,0.26,Low,Low
E101142,Female,Service,Yes,39.9,7,26,1.8,6.5,55.3,7,0.06,Low,Medium
E101143,Female,Product,Yes,43.5,9,43,9.4,8.8,52.1,5,0.11,Low,Low
E101144,Male,Service,Yes,50.0,17,56,3.3,7.1,80.8,10,0.1,Low,Medium
E101145,Female,Product,Yes,45.0,16,97,9.0,10.0,51.7,11,0.0,Low,High
E101146,Female,Service,Yes,38.0,16,71,9.3,3.5,59.2,4,0.6,Medium,Low
E101147,Female,Service,No,44.3,0,64,5.4,8.6,54.0,5,0.08,Low,Medium
E101148,Female,Product,No,40.7,3,80,4.7,6.5,76.7,8,0.16,Low,Medium
E101149,Female,Product,Yes,50.5,10,21,3.5,4.3,83.8,3,0.2,Low,Low
E101150,Female,Service,No,48.0,8,71,8.3,8.9,59.2,6,0.09,Low,Medium
E101151,Female,Product,No,43.4,8,60,2.8,10.0,73.4,2,0.0,Low,High
E101152,Female,Service,Yes,45.7,2,36,6.6,1.5,51.0,1,0.56,Medium,Low
E101153,Female,Service,Yes,38.5,5,25,6.1,9.3,63.2,2,0.04,Low,Low
E101154,Female,Product,Yes,41.2,5,47,3.2,2.8,59.0,6,0.23,Low,Low
E101155,Female,Service,Yes,52.8,9,68,9.8,2.8,58.3,5,0.71,High,Low
E101156,Male,Product,Yes,45.3,9,34,8.6,1.4,61.3,2,0.74,High,Low
E101157,Female,Service,No,49.7,16,19,1.2,9.3,90.3,3,0.01,Low,Medium
E101158,Female,Product,No,46.2,14,82,4.8,7.8,97.5,0,0.11,Low,High
E101159,Male,Product,Yes,51.6,3,28,4.2,1.5,85.3,6,0.36,Medium,Low
E101160,Female,Service,Yes,35.0,9,17,8.9,6.7,53.6,4,0.29,Low,Low
E101161,Male,Service,Yes,44.1,7,96,3.4,2.1,81.4,0,0.27,Low,Medium
E101162,Male,Product,No,53.2,0,72,10.0,7.8,86.7,11,0.22,Low,Medium
E101163,Female,Product,Yes,49.8,16,41,2.8,4.7,55.6,3,0.15,Low,Medium
E101164,Male,Service,Yes,51.6,11,18,3.2,1.5,64.7,10,0.27,Low,Low
E101165,Female,Service,Yes,45.0,11,81,7.0,8.5,71.4,3,0.11,Low,Medium
E101166,Female,Service,Yes,42.3,12,78,2.4,6.2,65.5,6,0.09,Low,High
E101167,Male,Service,Yes,39.9,13,56,9.0,8.0,75.9,10,0.18,Low,Low
E101168,Male,Service,No,39.5,7,43,2.0,7.1,56.5,5,0.06,Low,Medium
E101169,Male,Service,Yes,49.0,13,94,9.8,4.9,72.2,9,0.5,Medium,Medium
E101170,Female,Product,No,47.6,6,49,8.9,7.3,86.7,9,0.24,Low,Low
E101171,Other,Product,Yes,44.7,16,33,8.6,1.1,73.0,3,0.77,High,Low
E101172,Female,Product,Yes,47.5,10,93,4.7,4.1,60.5,4,0.28,Low,Medium
E101173,Male,Product,Yes,45.7,0,83,5.6,8.0,90.1,1,0.11,Low,High
E101174,Female,Product,No,49.8,7,45,5.1,7.9,69.7,6,0.11,Low,Medium
E101175,Male,Service,No,49.8,12,57,9.9,9.0,71.3,8,0.1,Low,Medium
E101176,Female,Product,Yes,39.7,16,87,1.3,6.5,67.9,8,0.05,Low,High
E101177,Male,Product,No,46.4,11,91,4.4,9.5,64.5,6,0.02,Low,High
E101178,Female,Product,Yes,36.7,15,35,9.7,6.0,80.1,6,0.39,Medium,Low
E101179,Male,Service,Yes,45.7,9,79,4.3,5.5,59.4,7,0.19,Low,Medium
E101180,Female,Product,Yes,48.0,15,91,4.6,2.8,88.5,4,0.33,Medium,Medium
E101181,Male,Product,No,38.4,2,48,6.7,8.0,74.1,0,0.13,Low,Medium
E101182,Female,Product,Yes,42.9,0,75,9.2,7.2,94.2,11,0.26,Low,Medium
E101183,Female,Service,Yes,45.0,18,50,3.7,5.1,96.9,9,0.18,Low,Medium
E101184,Male,Product,Yes,46.2,7,94,9.5,1.8,69.1,9,0.78,High,Low
E101185,Female,Product,Yes,43.6,15,88,3.5,2.1,57.9,10,0.28,Low,Medium
E101186,Female,Service,Yes,39.1,14,55,8.3,2.0,75.3,9,0.66,High,Low
E101187,Male,Product,Yes,44.7,6,48,3.5,4.4,63.5,2,0.2,Low,Medium
E101188,Male,Service,Yes,36.7,1,39,1.7,2.4,71.3,2,0.13,Low,Low
E101189,Female,Product,No,43.8,12,71,8.3,8.7,68.9,2,0.11,Low,Medium
E101190,Male,Product,Yes,42.8,4,79,5.1,9.1,72.5,10,0.05,Low,High
E101191,Female,Service,Yes,44.3,9,90,4.5,8.7,74.9,4,0.06,Low,High
E101192,Male,Service,Yes,42.2,7,36,4.9,6.5,81.4,6,0.17,Low,Low
E101193,Female,Product,Yes,37.5,12,74,6.5,6.4,50.2,8,0.23,Low,Medium
E101194,Male,Service,No,43.2,18,68,3.4,9.0,62.8,3,0.03,Low,High
E101195,Female,Service,Yes,49.7,5,36,3.1,4.7,58.5,7,0.16,Low,Low
E101196,Female,Product,No,51.3,17,75,5.4,1.6,85.5,9,0.45,Medium,Low
E101197,Female,Service,No,57.2,7,80,1.3,5.2,91.6,5,0.06,Low,High
E101198,Female,Service,No,53.5,8,59,6.8,6.0,86.3,2,0.27,Low,Medium
E101199,Male,Product,Yes,39.0,16,86,8.4,5.9,98.7,9,0.34,Medium,Medium
E101200,Female,Service,Yes,43.0,3,83,7.5,2.4,53.9,4,0.57,Medium,Low
E101201,Male,Service,Yes,44.9,17,78,5.2,8.1,73.2,7,0.1,Low,High
E101202,Male,Product,No,44.6,5,24,6.1,7.6,95.0,0,0.15,Low,Low
E101203,Male,Product,Yes,45.3,10,81,1.2,3.1,66.0,2,0.08,Low,Medium
E101204,Male,Product,Yes,57.0,9,25,9.2,6.0,90.1,7,0.37,Medium,Low
E101205,Female,Product,Yes,39.6,10,42,6.0,8.1,78.1,6,0.11,Low,Medium
E101206,Female,Product,Yes,41.4,7,19,3.8,1.1,98.9,0,0.34,Medium,Low
E101207,Male,Service,No,53.2,2,26,3.6,3.5,68.6,11,0.23,Low,Low
E101208,Male,Service,Yes,41.9,1,58,6.9,5.2,70.9,3,0.33,Medium,Low
E101209,Other,Service,Yes,47.0,17,43,6.3,8.6,58.2,4,0.09,Low,Medium
E101210,Male,Service,Yes,50.2,1,92,2.7,8.2,58.0,11,0.05,Low,High
E101211,Male,Product,Yes,47.4,11,50,4.7,2.4,93.1,4,0.36,Medium,Low
E101212,Male,Product,No,46.0,4,49,7.1,5.2,70.4,4,0.34,Medium,Low
E101213,Female,Service,No,49.7,3,22,3.7,3.7,81.0,3,0.23,Low,Low
E101214,Female,Product,Yes,40.5,15,30,5.6,4.6,87.6,11,0.3,Low,Low
E101215,Male,Service,Yes,42.5,13,57,3.3,5.9,71.9,8,0.14,Low,Medium
E101216,Male,Service,Yes,47.7,1,83,1.6,5.5,97.7,0,0.07,Low,High
E101217,Female,Product,No,34.7,6,30,4.5,2.3,96.9,6,0.35,Medium,Low
E101218,Female,Service,No,52.1,10,70,7.6,2.1,84.0,0,0.6,Medium,Low
E101219,Male,Service,No,46.5,11,55,2.9,2.2,99.8,2,0.23,Low,Medium
E101220,Female,Service,Yes,45.8,4,91,7.8,8.6,50.1,10,0.11,Low,Medium
E101221,Male,Service,No,36.8,15,22,7.0,1.2,50.5,9,0.62,High,Low
E101222,Male,Product,No,38.6,6,68,5.6,2.8,53.4,4,0.4,Medium,Low
E101223,Female,Product,Yes,43.0,7,19,9.7,9.6,97.2,10,0.04,Low,Low
E101224,Male,Service,Yes,49.0,3,23,9.0,1.6,80.2,7,0.76,High,Low
E101225,Female,Service,No,34.6,3,80,6.1,1.3,96.4,10,0.53,Medium,Low
E101226,Male,Product,Yes,48.9,5,85,6.0,4.5,56.4,6,0.33,Medium,Medium
E101227,Male,Product,Yes,43.2,1,44,3.5,2.4,51.6,6,0.27,Low,Low
E101228,Other,Service,Yes,43.9,8,95,9.3,6.1,77.2,4,0.36,Medium,Medium
E101229,Male,Service,Yes,46.3,7,79,9.1,4.0,58.8,9,0.55,Medium,Low
E101230,Female,Product,Yes,46.3,17,44,7.7,2.9,93.0,6,0.55,Medium,Low
E101231,Male,Product,Yes,41.4,11,61,2.2,10.0,71.0,11,0.0,Low,High
E101232,Male,Service,No,48.1,15,45,7.3,4.1,88.5,9,0.43,Medium,Low
E101233,Male,Product,No,33.4,0,74,3.3,6.8,75.8,2,0.11,Low,High
E101234,Female,Service,No,42.7,19,89,2.7,8.9,76.4,10,0.03,Low,High
E101235,Male,Service,Yes,45.8,3,94,7.8,9.3,84.1,3,0.05,Low,High
E101236,Female,Service,Yes,43.3,13,23,9.6,4.7,66.8,3,0.51,Medium,Low
E101237,Male,Product,Yes,35.9,17,90,2.0,9.8,97.4,1,0.0,Low,High
E101238,Female,Service,Yes,48.8,4,68,2.5,7.5,70.0,4,0.06,Low,High
E101239,Male,Service,Yes,38.8,2,75,3.0,6.2,69.9,8,0.11,Low,Medium
E101240,Female,Service,No,44.7,18,78,9.7,7.2,85.4,1,0.27,Low,Medium
E101241,Female,Product,Yes,45.8,11,94,7.3,4.2,81.8,10,0.42,Medium,Medium
E101242,Female,Service,Yes,45.1,18,20,7.1,4.8,99.8,0,0.37,Medium,Low
E101243,Female,Service,Yes,50.8,19,59,5.5,6.3,92.5,9,0.2,Low,Medium
E101244,Female,Service,Yes,44.7,10,79,5.8,3.9,64.2,7,0.35,Medium,Medium
E101245,Female,Product,No,47.1,19,91,3.6,7.9,55.1,4,0.08,Low,High
E101246,Male,Service,No,44.7,8,51,2.4,3.3,55.3,3,0.16,Low,Medium
E101247,Male,Service,Yes,48.1,19,87,8.0,8.2,68.1,2,0.14,Low,Medium
E101248,Female,Service,Yes,52.0,4,31,5.2,2.4,73.9,6,0.4,Medium,Low
E101249,Female,Product,Yes,45.7,9,39,3.3,3.0,81.9,6,0.23,Low,Low
E101250,Female,Service,No,48.9,8,64,6.7,7.8,92.9,8,0.15,Low,Medium
E101251,Male,Product,Yes,52.3,12,85,2.9,3.4,99.5,3,0.19,Low,Medium
E101252,Male,Product,Yes,51.8,7,45,5.4,8.2,70.4,2,0.1,Low,Medium
E101253,Male,Product,Yes,43.1,12,46,2.7,8.1,77.3,5,0.05,Low,Medium
E101254,Female,Service,Yes,50.2,17,62,7.8,3.3,80.0,5,0.52,Medium,Low
E101255,Male,Product,Yes,46.2,8,97,3.9,1.7,77.9,4,0.32,Medium,Medium
E101256,Male,Service,Yes,50.6,8,31,5.0,2.5,54.5,1,0.38,Medium,Low
E101257,Male,Service,Yes,47.8,1,75,7.8,7.8,55.8,10,0.17,Low,Medium
E101258,Male,Product,Yes,46.4,6,71,6.9,8.6,94.4,1,0.1,Low,Medium
E101259,Female,Service,No,47.2,4,71,4.6,4.4,83.8,4,0.26,Low,Medium
E101260,Male,Service,Yes,46.3,5,84,1.6,2.5,83.9,2,0.12,Low,Medium
E101261,Female,Service,Yes,46.5,12,47,9.3,1.7,90.7,2,0.77,High,Low
E101262,Male,Product,No,44.2,17,33,1.1,2.9,54.2,9,0.08,Low,Low
E101263,Male,Service,No,43.7,2,29,7.6,9.8,70.8,7,0.02,Low,Low
E101264,Male,Product,Yes,53.8,9,49,9.5,2.5,62.3,0,0.71,High,Low
E101265,Male,Product,Yes,47.4,2,63,3.8,1.8,83.0,4,0.31,Medium,Low
E101266,Male,Product,Yes,42.1,0,50,1.7,8.1,60.7,4,0.03,Low,Medium
E101267,Male,Service,No,43.6,5,68,3.2,6.5,84.6,8,0.11,Low,Medium
E101268,Female,Product,No,50.3,15,50,3.8,5.8,69.4,0,0.16,Low,Medium
E101269,Male,Service,Yes,41.3,16,67,5.1,5.0,72.0,10,0.26,Low,Medium
E101270,Female,Service,Yes,37.6,15,74,5.7,7.3,90.9,0,0.15,Low,Medium
E101271,Female,Service,Yes,38.0,9,88,7.5,7.3,67.4,2,0.2,Low,Medium
E101272,Female,Service,Yes,36.4,6,58,9.1,4.8,62.8,5,0.47,Medium,Low
E101273,Male,Service,Yes,38.5,7,47,5.2,3.1,92.5,8,0.36,Medium,Low
E101274,Male,Service,Yes,39.1,2,58,7.7,8.6,84.3,9,0.11,Low,Medium
E101275,Male,Service,Yes,51.9,4,69,2.1,2.5,70.2,6,0.16,Low,Medium
E101276,Male,Service,Yes,44.8,18,88,4.0,5.8,74.9,10,0.17,Low,High
E101277,Other,Product,Yes,43.2,6,58,2.1,7.2,67.4,9,0.06,Low,Medium
E101278,Male,Product,Yes,37.8,17,65,7.2,6.7,77.6,8,0.24,Low,Medium
E101279,Male,Product,Yes,44.3,17,65,9.2,6.6,56.9,1,0.31,Medium,Low
E101280,Female,Service,Yes,36.3,5,21,9.0,7.0,94.4,4,0.27,Low,Low
E101281,Female,Service,No,43.2,4,99,3.9,8.9,77.7,0,0.04,Low,High
E101282,Female,Product,Yes,55.3,5,15,3.1,4.3,69.3,7,0.18,Low,Low
E101283,Male,Service,No,48.3,5,27,3.5,6.6,78.6,2,0.12,Low,Medium
E101284,Male,Product,Yes,44.0,10,87,3.6,7.3,58.1,6,0.1,Low,High
E101285,Male,Service,No,48.5,16,62,1.7,6.3,53.9,0,0.06,Low,Medium
E101286,Male,Product,No,42.4,8,98,2.2,9.1,77.4,11,0.02,Low,High
E101287,Male,Service,Yes,41.0,15,61,2.9,6.9,53.5,5,0.09,Low,Medium
E101288,Male,Service,Yes,53.5,9,61,1.1,4.8,83.0,10,0.06,Low,Medium
E101289,Male,Product,Yes,39.3,14,24,1.4,8.6,90.0,8,0.02,Low,Medium
E101290,Male,Service,No,43.2,7,40,7.3,5.4,99.4,4,0.34,Medium,Low
E101291,Male,Service,Yes,46.5,13,64,6.6,5.8,88.5,6,0.28,Low,Medium
E101292,Female,Service,Yes,40.3,15,61,9.5,6.2,98.7,6,0.36,Medium,Low
E101293,Female,Product,Yes,48.3,18,58,4.6,3.9,51.1,7,0.28,Low,Medium
E101294,Female,Service,No,43.5,2,15,5.0,7.5,77.9,10,0.12,Low,Low
E101295,Male,Service,Yes,48.3,12,77,1.6,1.9,58.2,10,0.13,Low,Medium
E101296,Male,Service,Yes,47.9,8,31,2.4,8.8,62.3,4,0.03,Low,Medium
E101297,Male,Service,Yes,43.8,11,31,7.2,7.8,86.7,10,0.16,Low,Low
E101298,Female,Product,Yes,53.6,4,53,3.1,4.2,62.6,10,0.18,Low,Medium
E101299,Female,Service,Yes,41.7,18,57,8.0,3.0,59.0,11,0.56,Medium,Low
E101300,Male,Service,Yes,51.7,6,90,7.4,4.5,68.6,10,0.41,Medium,Medium
E101301,Female,Service,No,50.9,6,55,7.7,8.2,54.2,3,0.14,Low,Medium
E101302,Male,Service,No,53.9,18,29,7.2,1.3,57.3,0,0.63,High,Low
E101303,Male,Service,No,45.9,7,15,7.4,5.2,57.3,7,0.36,Medium,Low
E101304,Female,Service,Yes,41.1,5,72,5.9,3.3,61.3,5,0.4,Medium,Medium
E101305,Female,Service,No,55.4,2,68,7.1,8.9,93.5,0,0.08,Low,Medium
E101306,Female,Product,Yes,43.3,0,89,5.7,4.7,64.8,4,0.3,Low,Medium
E101307,Female,Service,Yes,40.9,5,19,2.9,7.3,63.7,9,0.08,Low,Medium
E101308,Male,Product,No,44.1,19,76,3.0,4.2,56.3,1,0.17,Low,Medium
E101309,Female,Service,No,40.1,19,96,4.6,4.0,50.8,5,0.28,Low,Medium
E101310,Male,Service,Yes,47.6,18,96,1.1,3.9,58.0,0,0.07,Low,High
E101311,Female,Service,No,42.0,12,85,9.0,7.1,86.1,3,0.26,Low,Medium
E101312,Male,Service,No,43.6,16,60,3.4,9.7,98.5,2,0.01,Low,High
E101313,Female,Product,Yes,49.8,17,79,1.5,2.9,87.2,5,0.11,Low,Medium
E101314,Male,Product,Yes,48.1,19,42,4.8,6.8,92.7,6,0.15,Low,Medium
E101315,Female,Product,No,45.1,5,98,8.3,3.4,89.3,4,0.55,Medium,Medium
E101316,Male,Product,Yes,45.9,10,55,4.6,5.9,64.8,7,0.19,Low,Medium
E101317,Female,Service,Yes,45.1,5,37,3.4,5.9,86.6,2,0.14,Low,Medium
E101318,Male,Service,No,42.8,6,46,5.9,5.1,87.5,2,0.29,Low,Low
E101319,Male,Product,Yes,45.0,0,72,6.2,5.5,62.9,1,0.28,Low,Medium
E101320,Male,Product,Yes,47.5,7,53,7.8,8.9,96.0,8,0.09,Low,Medium
E101321,Male,Service,Yes,44.4,13,96,8.2,1.8,99.9,3,0.67,High,Low
E101322,Female,Service,Yes,47.1,19,47,7.4,8.5,78.1,1,0.11,Low,Medium
E101323,Male,Service,No,40.8,0,72,1.0,5.2,65.8,6,0.05,Low,High
E101324,Female,Product,Yes,42.0,4,46,1.0,4.0,67.9,10,0.06,Low,Medium
E101325,Male,Service,Yes,41.3,4,64,9.8,2.6,79.1,7,0.73,High,Low
E101326,Male,Service,No,42.2,13,65,3.4,8.3,50.4,2,0.06,Low,High
E101327,Female,Service,No,51.4,6,91,3.5,6.3,65.4,8,0.13,Low,High
E101328,Female,Product,Yes,48.6,16,33,7.6,7.6,52.5,3,0.18,Low,Low
E101329,Male,Service,No,39.6,10,17,6.2,3.8,81.2,6,0.38,Medium,Low
E101330,Female,Product,Yes,47.2,6,31,5.2,4.5,80.2,8,0.29,Low,Low
E101331,Female,Service,Yes,43.0,0,57,2.0,9.2,79.6,6,0.02,Low,High
E101332,Male,Product,Yes,41.6,14,43,1.7,9.7,57.5,4,0.01,Low,High
E101333,Other,Product,Yes,37.6,18,58,7.3,7.7,97.2,9,0.17,Low,Medium
E101334,Female,Service,Yes,49.9,9,66,2.1,7.7,76.7,0,0.05,Low,High
E101335,Female,Service,Yes,38.2,8,42,4.9,7.2,77.8,10,0.14,Low,Medium
E101336,Male,Service,Yes,44.7,12,98,7.6,6.3,77.2,1,0.28,Low,Medium
E101337,Female,Service,Yes,40.3,12,48,9.3,6.4,76.2,6,0.33,Medium,Low
E101338,Male,Product,Yes,48.9,5,94,8.9,9.7,96.9,4,0.03,Low,High
E101339,Male,Service,Yes,43.3,7,68,8.8,7.8,80.1,8,0.19,Low,Medium
E101340,Male,Service,Yes,44.3,11,16,4.2,6.9,74.3,2,0.13,Low,Low
E101341,Male,Service,Yes,44.5,1,31,9.3,2.7,88.3,8,0.68,High,Low
E101342,Female,Service,Yes,46.5,15,98,7.2,9.8,62.6,9,0.01,Low,High
E101343,Female,Product,Yes,45.1,11,32,9.0,5.7,59.6,5,0.39,Medium,Low
E101344,Female,Service,Yes,44.8,17,42,1.8,9.5,72.0,9,0.01,Low,High
E101345,Male,Product,Yes,42.4,2,42,1.4,7.4,50.8,9,0.04,Low,Medium
E101346,Male,Product,No,37.1,17,66,4.9,1.4,64.7,2,0.42,Medium,Low
E101347,Male,Service,No,39.4,10,30,8.5,5.9,71.0,0,0.35,Medium,Low
E101348,Other,Service,No,48.6,4,47,4.7,9.0,78.9,9,0.05,Low,Medium
E101349,Male,Product,Yes,43.5,12,99,9.0,1.5,77.2,8,0.76,High,Low
E101350,Female,Service,Yes,41.7,9,19,3.1,8.8,68.4,10,0.04,Low,Medium
E101351,Female,Service,Yes,38.0,14,59,1.4,6.5,67.2,2,0.05,Low,Medium
E101352,Male,Service,No,36.4,5,51,7.9,1.4,50.1,1,0.68,High,Low
E101353,Female,Service,Yes,41.5,15,96,6.6,4.4,94.1,0,0.37,Medium,Medium
E101354,Male,Product,Yes,49.4,7,66,5.0,1.3,61.6,3,0.44,Medium,Low
E101355,Female,Service,Yes,42.2,19,78,8.6,1.0,67.9,6,0.77,High,Low
E101356,Female,Service,No,47.0,2,76,8.4,9.1,51.0,2,0.08,Low,Medium
E101357,Male,Product,Yes,42.0,4,19,3.9,7.7,97.8,9,0.09,Low,Low
E101358,Male,Product,Yes,48.2,14,25,8.5,3.6,74.7,5,0.54,Medium,Low
E101359,Female,Service,No,43.2,2,17,4.1,2.0,51.2,2,0.33,Medium,Low
E101360,Female,Product,Yes,38.8,14,65,6.6,1.5,62.6,8,0.56,Medium,Low
E101361,Male,Service,Yes,43.7,1,74,2.7,9.3,94.0,11,0.02,Low,High
E101362,Female,Product,Yes,54.2,11,80,3.4,6.6,68.8,6,0.12,Low,High
E101363,Female,Service,Yes,53.9,4,71,5.0,2.4,84.5,5,0.38,Medium,Medium
E101364,Female,Service,Yes,47.4,8,31,3.8,7.1,80.7,3,0.11,Low,Medium
E101365,Male,Product,Yes,44.3,3,17,2.2,10.0,73.6,3,0.0,Low,Medium
E101366,Female,Service,Yes,46.5,6,17,5.3,8.1,91.7,3,0.1,Low,Low
E101367,Female,Product,No,46.6,15,54,5.6,5.0,52.0,4,0.28,Low,Medium
E101368,Male,Service,Yes,44.8,12,94,2.4,8.3,95.6,0,0.04,Low,High
E101369,Male,Product,Yes,47.2,1,90,2.6,7.7,85.9,11,0.06,Low,High
E101370,Female,Product,Yes,46.0,1,77,1.3,1.8,93.2,6,0.11,Low,Medium
E101371,Male,Service,No,43.4,8,65,1.3,9.3,50.8,8,0.01,Low,High
E101372,Female,Product,Yes,39.0,14,15,4.2,9.0,54.2,5,0.04,Low,Medium
E101373,Male,Service,Yes,42.7,3,65,2.3,6.3,60.3,1,0.09,Low,Medium
E101374,Male,Product,Yes,49.0,16,18,9.3,5.6,79.7,6,0.41,Medium,Low
E101375,Female,Service,Yes,44.8,8,95,2.8,3.0,54.6,2,0.2,Low,Medium
E101376,Male,Product,Yes,46.5,14,97,1.6,8.5,96.6,5,0.02,Low,High
E101377,Male,Service,No,43.6,0,18,4.6,4.9,87.4,8,0.23,Low,Low
E101378,Male,Service,Yes,39.7,1,61,2.7,6.2,90.4,9,0.1,Low,Medium
E101379,Female,Service,No,43.8,8,53,1.6,2.5,79.2,11,0.12,Low,Medium
E101380,Male,Service,Yes,39.9,10,98,7.8,2.9,81.5,7,0.55,Medium,Medium
E101381,Male,Product,No,39.6,18,63,6.0,9.9,61.1,5,0.01,Low,Medium
E101382,Female,Product,Yes,51.0,0,71,1.5,5.4,95.5,9,0.07,Low,High
E101383,Male,Product,Yes,42.9,18,53,5.2,8.3,82.4,4,0.09,Low,Medium
E101384,Female,Service,Yes,41.3,8,82,1.3,8.5,70.9,3,0.02,Low,High
E101385,Male,Service,Yes,53.1,1,31,4.2,9.8,94.1,7,0.01,Low,Medium
E101386,Female,Service,No,49.1,4,29,4.3,9.8,93.2,5,0.01,Low,Medium
E101387,Male,Product,Yes,43.1,16,42,8.4,5.1,50.0,10,0.41,Medium,Low
E101388,Female,Product,Yes,47.1,0,30,7.6,9.6,96.2,7,0.03,Low,Low
E101389,Male,Service,Yes,43.8,13,20,9.1,4.3,68.2,11,0.52,Medium,Low
E101390,Male,Service,No,41.5,11,46,2.3,6.5,71.1,8,0.08,Low,Medium
E101391,Male,Service,Yes,47.4,9,95,5.8,8.4,54.3,3,0.09,Low,High
E101392,Male,Product,No,43.4,18,39,1.2,9.2,93.9,9,0.01,Low,Medium
E101393,Male,Product,No,45.4,14,53,8.4,5.7,77.0,1,0.36,Medium,Low
E101394,Male,Product,No,50.1,0,31,4.3,4.8,95.3,6,0.22,Low,Low
E101395,Female,Service,Yes,49.6,0,60,1.6,7.6,89.0,7,0.04,Low,High
E101396,Male,Product,Yes,42.2,10,93,3.9,5.1,94.9,3,0.19,Low,High
E101397,Male,Product,Yes,47.4,10,67,3.6,7.0,97.4,1,0.11,Low,Medium
E101398,Female,Service,No,39.4,4,65,7.9,8.2,94.3,8,0.14,Low,Medium
E101399,Female,Service,No,47.3,2,32,2.1,8.6,60.5,2,0.03,Low,Medium
E101400,Male,Service,Yes,45.7,10,34,6.0,3.3,53.5,2,0.4,Medium,Low
E101401,Male,Service,No,46.9,3,19,8.1,6.1,81.0,8,0.32,Medium,Low
E101402,Male,Product,Yes,43.5,5,76,7.7,1.2,57.8,7,0.68,High,Low
E101403,Female,Service,Yes,55.4,17,26,9.4,8.2,93.2,3,0.17,Low,Low
E101404,Female,Product,Yes,40.5,6,95,1.0,2.1,97.4,9,0.08,Low,High
E101405,Male,Service,No,49.9,3,44,4.2,8.8,56.1,3,0.05,Low,Medium
E101406,Female,Service,No,39.8,13,97,4.3,4.7,61.8,11,0.23,Low,High
E101407,Female,Service,No,47.5,7,30,1.3,2.5,81.3,0,0.1,Low,Low
E101408,Female,Service,No,47.9,19,16,8.4,8.2,86.3,0,0.15,Low,Low
E101409,Female,Service,Yes,45.3,10,90,7.2,2.8,75.6,11,0.52,Medium,Medium
E101410,Male,Service,No,42.5,13,17,5.8,4.5,68.5,10,0.32,Medium,Low
E101411,Male,Service,Yes,45.7,2,22,4.6,6.1,65.3,8,0.18,Low,Low
E101412,Male,Service,No,46.3,10,51,9.1,4.2,83.3,0,0.53,Medium,Low
E101413,Male,Service,No,53.9,3,67,3.4,2.6,87.2,1,0.25,Low,Medium
E101414,Male,Service,Yes,40.6,8,69,4.0,4.7,64.4,6,0.21,Low,Medium
E101415,Female,Service,Yes,42.2,4,63,9.6,2.3,66.3,1,0.74,High,Low
E101416,Male,Product,Yes,46.4,12,73,1.6,7.5,73.0,10,0.04,Low,High
E101417,Male,Service,No,43.7,19,74,8.0,2.5,72.5,3,0.6,Medium,Low
E101418,Male,Product,Yes,44.5,3,92,7.5,5.3,92.1,9,0.35,Medium,Medium
E101419,Female,Service,Yes,50.4,6,60,9.1,6.0,71.8,1,0.36,Medium,Low
E101420,Male,Product,No,30.9,1,77,1.8,9.5,98.9,11,0.01,Low,High
E101421,Male,Service,Yes,42.0,19,93,9.7,1.7,65.5,2,0.81,High,Low
E101422,Male,Product,Yes,36.3,18,46,1.3,9.4,84.6,5,0.01,Low,High
E101423,Male,Service,Yes,39.0,6,80,4.0,2.9,87.9,6,0.28,Low,Medium
E101424,Other,Product,Yes,57.0,19,99,1.8,8.6,81.5,11,0.03,Low,High
E101425,Female,Service,No,48.0,8,18,1.5,1.8,68.4,1,0.12,Low,Low
E101426,Male,Service,Yes,49.8,18,43,9.7,9.9,62.9,8,0.01,Low,Low
E101427,Female,Product,Yes,44.6,19,63,7.5,8.3,80.2,1,0.13,Low,Medium
E101428,Female,Service,Yes,48.8,1,37,5.6,1.6,82.9,3,0.47,Medium,Low
E101429,Female,Service,Yes,36.2,15,17,2.0,2.9,62.9,4,0.14,Low,Low
E101430,Male,Service,No,50.2,5,68,5.7,5.9,66.8,7,0.23,Low,Medium
E101431,Male,Product,No,40.9,18,35,3.9,5.7,93.1,11,0.17,Low,Low
E101432,Male,Product,Yes,42.3,17,94,3.4,6.7,90.5,3,0.11,Low,High
E101433,Female,Service,Yes,47.5,16,58,6.6,5.2,59.2,0,0.32,Medium,Low
E101434,Male,Product,Yes,46.6,10,34,8.1,7.6,96.7,11,0.19,Low,Low
E101435,Male,Service,Yes,45.4,3,71,5.0,4.1,81.4,6,0.3,Low,Medium
E101436,Male,Service,Yes,38.2,7,83,5.4,2.6,74.8,8,0.4,Medium,Medium
E101437,Female,Product,No,45.5,17,85,6.9,1.3,60.0,10,0.6,Medium,Low
E101438,Male,Product,Yes,49.8,12,66,2.1,3.9,86.5,11,0.13,Low,Medium
E101439,Female,Product,Yes,42.3,7,94,8.5,4.8,96.0,10,0.44,Medium,Medium
E101440,Female,Service,Yes,51.6,9,31,8.5,6.9,53.2,4,0.26,Low,Low
E101441,Male,Service,Yes,40.6,17,80,5.9,8.3,76.0,10,0.1,Low,Medium
E101442,Female,Service,No,45.0,17,26,2.7,3.2,93.9,1,0.18,Low,Low
E101443,Male,Service,Yes,52.7,16,72,5.5,5.4,97.6,11,0.25,Low,Medium
E101444,Female,Service,Yes,41.6,15,91,2.0,3.1,53.6,11,0.14,Low,High
E101445,Male,Product,Yes,50.3,5,19,7.9,9.6,89.6,10,0.03,Low,Low
E101446,Female,Product,No,54.9,13,94,3.8,6.8,64.1,8,0.12,Low,High
E101447,Female,Service,Yes,45.9,4,86,3.8,7.1,77.1,2,0.11,Low,High
E101448,Female,Service,No,42.4,14,70,9.5,5.8,89.2,1,0.4,Medium,Low
E101449,Female,Product,Yes,41.1,12,60,4.8,3.5,77.3,3,0.31,Medium,Medium
E101450,Male,Service,No,51.5,15,86,8.1,2.8,55.5,3,0.58,Medium,Low
E101451,Female,Product,No,51.4,15,32,6.7,6.9,79.5,10,0.21,Low,Low
E101452,Female,Service,Yes,52.2,16,58,3.8,9.3,55.9,9,0.03,Low,Medium
E101453,Female,Service,No,44.8,4,57,2.1,2.9,67.4,4,0.15,Low,Medium
E101454,Male,Product,Yes,50.2,10,94,8.2,6.1,77.9,0,0.32,Medium,Medium
E101455,Female,Service,Yes,44.8,14,93,7.9,5.8,99.6,9,0.33,Medium,Medium
E101456,Female,Service,Yes,40.6,2,91,2.5,6.8,86.3,10,0.08,Low,High
E101457,Female,Service,Yes,50.6,7,36,3.2,6.3,65.2,0,0.12,Low,Medium
E101458,Male,Product,Yes,53.2,2,74,7.9,3.5,93.8,11,0.51,Medium,Low
E101459,Female,Product,No,39.9,3,99,9.9,7.2,61.3,9,0.28,Low,Medium
E101460,Male,Service,No,39.8,13,77,8.6,3.5,69.2,6,0.56,Medium,Low
E101461,Female,Service,Yes,45.2,19,38,7.2,6.9,82.4,10,0.22,Low,Low
E101462,Male,Product,No,49.8,5,79,9.2,3.7,70.5,4,0.58,Medium,Low
E101463,Female,Service,Yes,39.3,3,43,3.6,1.7,86.5,9,0.3,Low,Low
E101464,Other,Product,Yes,46.1,11,15,1.1,2.1,82.5,5,0.09,Low,Low
E101465,Male,Service,No,42.0,1,15,3.9,8.5,83.4,6,0.06,Low,Low
E101466,Female,Service,Yes,48.5,17,87,9.7,2.1,71.0,0,0.77,High,Low
E101467,Male,Product,Yes,41.0,13,35,8.9,4.0,52.8,4,0.53,Medium,Low
E101468,Female,Service,No,48.9,7,92,1.5,3.6,93.6,7,0.1,Low,High
E101469,Female,Product,Yes,44.2,7,42,5.5,1.5,53.7,2,0.47,Medium,Low
E101470,Female,Service,Yes,40.3,11,32,1.7,6.4,73.2,1,0.06,Low,Medium
E101471,Female,Service,Yes,45.3,0,66,8.1,8.2,65.1,1,0.15,Low,Medium
E101472,Female,Product,Yes,35.3,0,80,4.4,9.9,64.8,3,0.0,Low,High
E101473,Male,Service,No,42.2,3,76,9.2,9.4,61.3,6,0.06,Low,Medium
E101474,Male,Product,Yes,46.7,16,33,1.5,1.4,63.6,11,0.13,Low,Low
E101475,Female,Service,Yes,36.1,9,16,7.6,3.3,97.8,1,0.51,Medium,Low
E101476,Female,Product,Yes,32.1,0,84,4.6,4.7,98.6,5,0.24,Low,Medium
E101477,Female,Product,Yes,33.3,10,69,3.4,8.9,78.5,6,0.04,Low,High
E101478,Female,Service,Yes,51.6,16,93,5.7,4.2,76.2,8,0.33,Medium,Medium
E101479,Male,Product,Yes,44.6,9,71,5.4,6.1,52.4,11,0.21,Low,Medium
E101480,Female,Product,Yes,42.3,5,25,4.1,6.9,90.2,11,0.13,Low,Low
E101481,Male,Service,Yes,49.7,3,30,6.8,3.7,58.5,6,0.43,Medium,Low
E101482,Male,Service,Yes,43.0,12,99,7.0,6.2,57.1,0,0.27,Low,Medium
E101483,Male,Service,No,46.3,10,76,1.7,1.5,71.2,7,0.14,Low,Medium
E101484,Male,Service,No,45.1,4,41,6.4,5.3,67.4,2,0.3,Low,Low
E101485,Male,Service,No,42.6,13,36,7.4,4.4,54.8,6,0.41,Medium,Low
E101486,Male,Service,Yes,46.5,1,17,1.7,4.2,57.4,5,0.1,Low,Low
E101487,Female,Service,Yes,48.9,2,17,6.9,3.1,99.6,11,0.48,Medium,Low
E101488,Male,Product,No,44.1,2,35,8.2,8.4,86.7,2,0.13,Low,Low
E101489,Male,Service,Yes,42.7,10,57,8.5,8.9,79.9,1,0.09,Low,Medium
E101490,Male,Product,Yes,43.3,8,84,1.4,9.0,65.2,3,0.01,Low,High
E101491,Male,Service,No,33.5,18,51,7.3,4.6,71.4,0,0.39,Medium,Low
E101492,Male,Service,No,46.4,9,70,8.2,3.3,81.4,9,0.55,Medium,Low
E101493,Male,Product,No,39.0,5,53,4.6,1.9,89.2,9,0.37,Medium,Low
E101494,Female,Service,No,48.1,5,34,5.9,7.1,97.3,6,0.17,Low,Low
E101495,Female,Service,Yes,44.5,0,79,3.4,4.0,56.1,2,0.2,Low,Medium
E101496,Female,Service,Yes,45.5,0,49,3.8,3.5,59.6,1,0.25,Low,Low
E101497,Male,Service,No,48.5,18,57,5.5,4.3,78.4,4,0.31,Medium,Low
E101498,Male,Service,Yes,40.4,2,35,2.4,6.0,96.9,6,0.1,Low,Medium
E101499,Female,Product,No,46.8,5,24,4.3,2.5,72.6,0,0.32,Medium,Low
E101500,Male,Service,Yes,46.3,1,59,3.7,9.7,81.7,11,0.01,Low,High
E101501,Male,Product,Yes,44.1,14,17,3.1,7.6,64.7,0,0.07,Low,Medium
E101502,Male,Product,No,40.4,11,57,5.4,1.4,90.6,9,0.46,Medium,Low
E101503,Male,Service,Yes,48.0,9,66,8.5,3.8,80.3,7,0.53,Medium,Low
E101504,Male,Service,No,48.5,18,55,3.2,1.5,69.1,4,0.27,Low,Low
E101505,Male,Product,Yes,45.6,12,55,6.9,3.1,77.1,7,0.48,Medium,Low
E101506,Female,Product,No,39.6,2,91,3.3,3.6,84.7,10,0.21,Low,Medium
E101507,Male,Service,Yes,42.4,17,23,2.3,7.5,60.7,2,0.06,Low,Medium
E101508,Female,Service,Yes,44.7,19,60,9.5,7.5,67.1,1,0.24,Low,Low
E101509,Female,Service,Yes,48.4,4,30,6.7,1.4,62.5,6,0.58,Medium,Low
E101510,Female,Service,Yes,37.1,12,61,1.9,6.3,98.0,5,0.07,Low,Medium
E101511,Female,Service,No,42.2,13,42,6.7,9.6,52.1,3,0.03,Low,Medium
E101512,Female,Product,Yes,43.0,14,42,2.6,6.7,52.8,6,0.09,Low,Medium
E101513,Male,Service,Yes,44.6,17,89,9.0,9.6,67.8,8,0.04,Low,Medium
E101514,Male,Product,Yes,38.5,13,25,3.2,4.4,76.9,8,0.18,Low,Low
E101515,Male,Product,Yes,43.9,18,43,8.3,5.1,66.4,2,0.41,Medium,Low
E101516,Female,Service,Yes,43.4,2,70,2.8,5.5,92.8,0,0.13,Low,Medium
E101517,Female,Service,Yes,39.8,0,90,6.0,9.3,58.5,3,0.04,Low,High
E101518,Male,Product,Yes,44.4,6,86,9.2,4.4,68.2,9,0.52,Medium,Medium
E101519,Female,Product,No,42.3,19,71,3.7,9.9,74.4,0,0.0,Low,High
E101520,Male,Product,Yes,47.5,6,67,1.7,5.9,60.1,6,0.07,Low,Medium
E101521,Female,Service,No,40.6,16,88,6.0,3.0,64.5,1,0.42,Medium,Medium
E101522,Male,Service,Yes,45.4,14,73,2.6,1.9,97.4,7,0.21,Low,Medium
E101523,Male,Service,Yes,41.0,12,49,7.6,2.6,76.0,4,0.56,Medium,Low
E101524,Male,Service,Yes,42.0,14,66,6.3,1.4,93.5,9,0.54,Medium,Low
E101525,Male,Product,Yes,46.5,2,50,4.1,7.2,63.5,0,0.11,Low,Medium
E101526,Male,Service,Yes,46.2,16,91,7.4,5.7,80.6,1,0.32,Medium,Medium
E101527,Male,Product,No,42.9,15,72,3.1,7.6,88.2,3,0.07,Low,High
E101528,Female,Service,Yes,43.7,0,16,9.3,8.0,71.1,2,0.19,Low,Low
E101529,Male,Product,No,37.7,13,42,4.1,9.4,81.2,4,0.02,Low,Medium
E101530,Male,Product,Yes,52.0,2,99,7.9,2.1,93.2,3,0.62,High,Medium
E101531,Female,Service,Yes,48.4,19,84,3.3,2.7,57.0,1,0.24,Low,Medium
E101532,Female,Product,Yes,48.3,3,77,7.4,5.9,67.7,10,0.3,Low,Medium
E101533,Male,Service,No,37.0,8,66,1.3,2.2,91.2,8,0.1,Low,Medium
E101534,Male,Service,Yes,42.0,0,74,3.7,1.8,61.5,6,0.3,Low,Medium
E101535,Male,Product,No,43.3,13,50,1.8,7.0,77.8,4,0.05,Low,Medium
E101536,Male,Product,Yes,35.3,12,96,5.1,7.5,71.9,11,0.13,Low,High
E101537,Female,Service,Yes,49.4,14,76,4.9,8.6,83.2,11,0.07,Low,High
E101538,Male,Service,Yes,52.3,17,57,4.2,9.2,83.4,10,0.03,Low,Medium
E101539,Male,Product,No,55.3,15,53,9.8,5.0,78.9,3,0.49,Medium,Low
E101540,Female,Product,No,39.8,5,19,3.2,9.8,97.3,9,0.01,Low,Medium
E101541,Male,Service,Yes,45.6,15,89,8.1,1.3,58.8,4,0.7,High,Low
E101542,Female,Product,No,51.6,10,64,5.0,8.8,91.8,1,0.06,Low,Medium
E101543,Male,Service,Yes,43.7,6,30,4.0,3.9,74.5,7,0.24,Low,Low
E101544,Female,Service,No,42.2,8,97,2.8,9.3,83.1,1,0.02,Low,High
E101545,Male,Service,No,35.7,0,66,6.7,3.0,63.7,7,0.47,Medium,Low
E101546,Female,Service,No,50.7,9,83,4.0,7.7,54.7,4,0.09,Low,High
E101547,Female,Product,No,44.9,7,85,8.3,4.8,88.9,3,0.43,Medium,Medium
E101548,Male,Service,Yes,41.4,10,17,9.7,4.4,62.6,6,0.54,Medium,Low
E101549,Female,Product,Yes,46.4,4,24,3.0,1.5,69.5,0,0.26,Low,Low
E101550,Female,Service,Yes,45.8,5,65,2.2,7.4,52.4,6,0.06,Low,High
E101551,Female,Product,Yes,45.8,11,83,3.8,2.6,82.5,9,0.28,Low,Medium
E101552,Female,Product,Yes,43.9,10,46,5.2,5.2,84.4,11,0.25,Low,Low
E101553,Female,Product,Yes,53.1,6,19,3.7,2.3,95.1,4,0.28,Low,Low
E101554,Male,Product,Yes,44.3,6,57,9.7,6.4,94.6,5,0.35,Medium,Low
E101555,Male,Service,Yes,53.1,11,97,8.0,3.1,85.3,4,0.55,Medium,Medium
E101556,Female,Product,Yes,47.8,11,26,9.7,6.3,66.1,6,0.36,Medium,Low
E101557,Male,Product,Yes,46.8,0,45,4.4,9.5,68.7,0,0.02,Low,Medium
E101558,Female,Service,No,44.4,18,95,3.7,9.3,69.1,1,0.03,Low,High
E101559,Female,Product,Yes,49.9,3,36,4.7,2.8,56.5,5,0.34,Medium,Low
E101560,Male,Service,No,45.6,18,73,5.7,1.9,97.4,6,0.46,Medium,Low
E101561,Male,Service,Yes,40.3,18,66,7.7,1.4,90.9,7,0.66,High,Low
E101562,Female,Product,Yes,40.2,10,61,8.9,8.5,57.3,3,0.13,Low,Medium
E101563,Male,Service,Yes,47.1,8,63,5.2,3.2,97.3,10,0.35,Medium,Low
E101564,Female,Product,Yes,40.5,12,70,3.6,3.6,92.2,2,0.23,Low,Medium
E101565,Male,Service,Yes,44.7,18,45,3.9,3.0,95.9,8,0.27,Low,Low
E101566,Female,Service,Yes,50.3,4,73,7.3,8.6,64.3,1,0.1,Low,Medium
E101567,Male,Service,Yes,46.5,10,84,6.1,9.8,66.8,9,0.01,Low,High
E101568,Female,Service,Yes,41.4,2,90,5.4,7.8,73.5,0,0.12,Low,High
E101569,Male,Product,No,52.0,4,57,2.8,8.4,61.2,5,0.04,Low,Medium
E101570,Female,Service,Yes,47.7,12,95,8.9,6.6,73.3,10,0.3,Low,Medium
E101571,Male,Service,Yes,50.1,13,88,8.0,5.8,50.5,2,0.34,Medium,Medium
E101572,Female,Service,Yes,33.7,12,19,2.3,7.5,93.9,6,0.06,Low,Medium
E101573,Female,Service,Yes,46.7,1,18,4.3,1.3,58.1,11,0.37,Medium,Low
E101574,Male,Product,No,49.2,1,29,5.9,1.6,75.0,7,0.5,Medium,Low
E101575,Male,Service,Yes,53.5,17,16,5.1,7.2,96.4,1,0.14,Low,Low
E101576,Male,Product,Yes,37.7,5,63,4.6,4.0,91.0,6,0.28,Low,Medium
E101577,Female,Product,Yes,51.0,18,70,7.5,5.4,88.8,9,0.34,Medium,Medium
E101578,Female,Product,Yes,53.2,9,22,1.5,8.0,80.3,4,0.03,Low,Medium
E101579,Male,Product,Yes,34.9,7,30,5.2,6.2,71.8,11,0.2,Low,Low
E101580,Male,Service,No,47.4,4,78,3.4,8.2,72.3,4,0.06,Low,High
E101581,Male,Service,Yes,48.1,1,98,1.8,4.8,54.3,4,0.09,Low,High
E101582,Female,Product,Yes,43.4,5,38,5.2,3.6,53.2,4,0.33,Medium,Low
E101583,Male,Product,Yes,42.5,17,69,2.5,3.1,92.2,9,0.17,Low,Medium
E101584,Other,Product,Yes,48.3,7,68,3.3,2.2,70.4,4,0.26,Low,Medium
E101585,Male,Product,Yes,41.9,1,95,5.6,1.3,52.7,6,0.49,Medium,Medium
E101586,Female,Service,Yes,43.9,19,83,9.8,1.5,83.2,10,0.83,High,Low
E101587,Male,Service,Yes,49.1,3,92,7.2,3.4,84.2,7,0.48,Medium,Medium
E101588,Male,Product,Yes,53.8,14,92,3.5,3.5,61.4,10,0.23,Low,Medium
E101589,Female,Product,Yes,47.7,19,74,4.4,4.4,70.5,3,0.25,Low,Medium
E101590,Female,Service,Yes,45.7,8,45,4.7,6.3,78.7,6,0.17,Low,Medium
E101591,Other,Product,Yes,42.4,19,34,2.4,7.8,79.8,8,0.05,Low,Medium
E101592,Male,Service,Yes,39.9,5,91,2.4,2.8,75.6,1,0.17,Low,Medium
E101593,Male,Service,Yes,50.5,8,68,2.3,7.8,68.2,8,0.05,Low,High
E101594,Female,Product,Yes,44.2,12,23,5.7,2.3,53.4,5,0.44,Medium,Low
E101595,Female,Product,No,50.8,4,48,7.1,9.9,51.1,8,0.01,Low,Medium
E101596,Male,Service,No,43.4,13,90,6.3,3.6,73.0,6,0.4,Medium,Medium
E101597,Male,Service,No,41.8,13,94,9.8,8.5,60.1,4,0.15,Low,Medium
E101598,Male,Service,No,47.1,17,79,2.1,2.7,96.9,4,0.15,Low,Medium
E101599,Female,Product,No,44.6,6,30,9.9,9.6,82.0,0,0.04,Low,Low
E101600,Male,Service,No,39.0,5,84,5.2,8.4,79.3,2,0.08,Low,High
E101601,Male,Product,No,54.1,11,98,3.0,4.2,70.3,5,0.17,Low,High
E101602,Male,Product,No,41.9,13,20,9.5,4.8,66.5,1,0.49,Medium,Low
E101603,Male,Product,Yes,49.6,18,49,5.2,1.0,59.0,10,0.47,Medium,Low
E101604,Male,Service,Yes,49.2,15,17,4.1,3.3,53.0,5,0.27,Low,Low
E101605,Male,Product,No,38.7,18,35,2.9,3.6,81.7,4,0.19,Low,Low
E101606,Male,Service,Yes,40.0,9,21,3.4,5.1,89.0,0,0.17,Low,Low
E101607,Female,Service,No,43.5,10,92,9.8,2.3,92.9,2,0.75,High,Low
E101608,Male,Service,Yes,40.7,3,44,3.7,5.3,86.2,0,0.17,Low,Medium
E101609,Male,Service,Yes,53.6,19,36,9.8,7.0,94.8,6,0.29,Low,Low
E101610,Female,Product,No,44.0,1,28,4.0,4.3,99.1,10,0.23,Low,Low
E101611,Female,Service,No,49.4,8,69,3.1,3.1,98.1,6,0.21,Low,Medium
E101612,Male,Service,Yes,47.6,9,81,2.7,5.9,79.6,0,0.11,Low,High
E101613,Male,Product,No,46.3,7,19,4.7,1.3,61.2,7,0.41,Medium,Low
E101614,Male,Service,No,45.2,3,83,3.1,4.1,55.3,11,0.18,Low,Medium
E101615,Female,Product,Yes,51.2,12,73,7.3,5.7,99.7,6,0.31,Medium,Medium
E101616,Other,Service,Yes,40.9,5,23,3.2,4.0,65.4,2,0.19,Low,Low
E101617,Female,Service,Yes,53.6,5,62,8.5,4.1,51.7,1,0.5,Medium,Low
E101618,Female,Product,Yes,38.6,1,51,8.5,8.6,69.6,8,0.12,Low,Medium
E101619,Female,Service,Yes,48.9,8,82,3.6,9.4,87.4,6,0.02,Low,High
E101620,Male,Service,Yes,38.0,5,34,7.8,8.4,94.5,5,0.12,Low,Low
E101621,Male,Service,Yes,43.4,4,99,8.7,1.9,73.9,4,0.7,High,Low
E101622,Female,Service,No,45.5,1,64,6.3,3.6,64.7,4,0.4,Medium,Low
E101623,Female,Service,Yes,42.6,13,38,4.3,7.4,88.9,2,0.11,Low,Medium
E101624,Male,Service,Yes,44.1,9,85,5.0,9.8,75.2,4,0.01,Low,High
E101625,Female,Service,Yes,38.1,14,63,8.1,3.2,54.3,11,0.55,Medium,Low
E101626,Male,Product,No,40.1,16,22,3.6,9.1,94.4,7,0.03,Low,Medium
E101627,Male,Service,No,47.5,6,89,4.0,7.7,82.8,1,0.09,Low,High
E101628,Male,Service,Yes,45.1,19,87,2.4,9.9,51.8,2,0.0,Low,High
E101629,Male,Service,No,41.5,10,20,4.6,1.8,50.5,2,0.38,Medium,Low
E101630,Female,Product,No,51.6,12,54,1.8,4.6,54.4,5,0.1,Low,Medium
E101631,Male,Product,No,38.9,16,95,3.9,5.3,91.1,0,0.18,Low,High
E101632,Female,Product,No,43.2,4,68,4.4,7.0,74.1,4,0.13,Low,Medium
E101633,Female,Product,Yes,42.5,11,91,3.3,6.9,66.8,8,0.1,Low,High
E101634,Female,Service,Yes,48.1,3,31,1.9,9.2,62.5,0,0.02,Low,Medium
E101635,Male,Service,Yes,45.2,0,65,5.7,8.5,75.3,5,0.09,Low,Medium
E101636,Male,Product,Yes,44.5,9,16,8.8,1.5,54.2,6,0.75,High,Low
E101637,Male,Product,Yes,35.8,1,44,4.0,5.4,80.9,0,0.18,Low,Medium
E101638,Other,Service,No,49.3,12,46,3.1,4.7,69.0,11,0.16,Low,Medium
E101639,Female,Service,Yes,43.9,12,64,3.6,10.0,92.9,5,0.0,Low,High
E101640,Male,Product,No,45.6,11,85,8.8,4.8,87.7,3,0.46,Medium,Medium
E101641,Female,Product,Yes,41.3,0,30,5.8,7.1,50.9,3,0.17,Low,Low
E101642,Male,Service,Yes,40.5,9,97,2.2,3.6,58.3,5,0.14,Low,High
E101643,Female,Product,Yes,52.5,19,93,7.4,6.5,73.7,9,0.26,Low,Medium
E101644,Male,Service,Yes,36.1,4,69,2.4,2.9,82.9,11,0.17,Low,Medium
E101645,Female,Service,No,39.7,9,71,1.5,6.4,85.8,10,0.05,Low,High
E101646,Male,Service,No,52.4,6,92,3.3,8.8,90.8,9,0.04,Low,High
E101647,Female,Service,Yes,48.2,14,59,2.5,1.2,52.5,10,0.22,Low,Low
E101648,Female,Service,No,43.4,17,66,6.4,5.5,50.9,7,0.29,Low,Medium
E101649,Female,Product,No,51.2,19,85,5.4,9.8,80.0,11,0.01,Low,High
E101650,Male,Service,Yes,47.2,3,61,7.5,2.4,86.2,2,0.57,Medium,Low
E101651,Male,Service,Yes,46.2,0,47,5.6,2.7,89.3,6,0.41,Medium,Low
E101652,Male,Service,Yes,46.1,7,38,4.8,5.2,57.8,10,0.23,Low,Low
E101653,Male,Service,Yes,47.3,10,49,5.7,8.8,98.4,9,0.07,Low,Medium
E101654,Male,Product,No,47.5,2,78,4.9,6.1,61.5,3,0.19,Low,Medium
E101655,Female,Product,Yes,56.0,11,99,1.3,5.6,62.5,2,0.06,Low,High
E101656,Female,Product,Yes,44.0,12,94,7.1,1.8,57.7,2,0.58,Medium,Medium
E101657,Male,Product,Yes,44.2,19,74,9.7,9.7,52.2,10,0.03,Low,Medium
E101658,Male,Service,No,38.8,17,95,4.8,4.1,90.5,5,0.28,Low,Medium
E101659,Male,Service,No,44.7,11,43,4.8,3.3,50.3,10,0.32,Medium,Low
E101660,Female,Product,Yes,54.3,9,32,1.4,4.7,73.2,9,0.07,Low,Medium
E101661,Male,Product,Yes,49.9,14,72,9.0,4.7,54.6,7,0.48,Medium,Low
E101662,Female,Product,Yes,42.3,2,62,9.4,5.1,52.2,0,0.46,Medium,Low
E101663,Male,Product,No,45.2,14,25,8.3,7.2,96.7,3,0.23,Low,Low
E101664,Other,Product,Yes,38.5,16,17,2.0,8.8,91.3,0,0.02,Low,Medium
E101665,Female,Service,No,40.2,15,56,9.1,1.5,69.7,7,0.77,High,Low
E101666,Male,Service,No,45.7,1,32,1.2,5.4,72.9,4,0.06,Low,Medium
E101667,Female,Product,Yes,42.5,0,30,5.0,4.7,93.4,2,0.26,Low,Low
E101668,Male,Product,Yes,39.8,3,55,5.5,1.1,89.8,7,0.49,Medium,Low
E101669,Female,Service,Yes,47.4,16,79,8.5,8.3,84.6,8,0.14,Low,Medium
E101670,Male,Service,Yes,44.6,6,57,7.8,1.9,76.8,4,0.63,High,Low
E101671,Female,Service,Yes,37.2,4,57,8.2,2.0,80.4,0,0.66,High,Low
E101672,Female,Service,Yes,34.6,3,45,8.8,1.4,69.7,10,0.76,High,Low
E101673,Female,Product,Yes,42.1,19,42,5.3,2.8,76.4,10,0.38,Medium,Low
E101674,Female,Service,Yes,37.1,19,65,8.0,2.6,77.0,5,0.59,Medium,Low
E101675,Male,Service,No,35.7,4,41,1.6,4.1,93.2,11,0.09,Low,Medium
E101676,Male,Service,Yes,50.6,7,23,5.0,6.9,60.9,4,0.15,Low,Low
E101677,Male,Product,Yes,44.5,19,52,1.3,1.5,62.3,11,0.11,Low,Medium
E101678,Male,Service,No,43.7,8,50,9.2,8.7,60.5,10,0.12,Low,Low
E101679,Female,Service,Yes,44.1,5,74,9.6,3.9,79.0,5,0.59,Medium,Low
E101680,Male,Service,No,39.3,3,71,1.8,6.5,84.8,11,0.06,Low,High
E101681,Female,Service,No,47.1,4,61,5.8,1.1,61.9,11,0.52,Medium,Low
E101682,Female,Service,Yes,44.3,7,82,3.9,4.3,83.8,3,0.22,Low,Medium
E101683,Female,Service,Yes,41.2,19,65,4.1,1.0,81.4,6,0.37,Medium,Low
E101684,Male,Product,Yes,42.0,12,72,5.1,2.5,66.1,4,0.38,Medium,Medium
E101685,Female,Service,Yes,38.9,3,62,2.1,5.0,61.5,6,0.11,Low,Medium
E101686,Female,Service,Yes,43.0,6,73,2.6,5.8,94.1,9,0.11,Low,Medium
E101687,Male,Product,No,43.8,0,90,6.2,2.4,78.5,1,0.47,Medium,Medium
E101688,Female,Service,Yes,42.8,8,61,1.2,7.7,85.2,2,0.03,Low,High
E101689,Female,Product,Yes,45.3,4,29,6.4,2.7,96.3,0,0.47,Medium,Low
E101690,Male,Service,No,44.6,9,92,3.9,2.0,60.3,11,0.31,Medium,Medium
E101691,Male,Service,No,46.2,10,86,8.5,4.0,67.5,2,0.51,Medium,Medium
E101692,Male,Product,Yes,49.7,17,16,6.4,6.0,71.7,7,0.26,Low,Low
E101693,Male,Product,Yes,48.0,4,93,7.4,9.9,61.6,4,0.01,Low,High
E101694,Male,Service,Yes,49.8,3,75,2.0,4.8,92.0,8,0.1,Low,Medium
E101695,Male,Service,No,40.8,18,54,3.4,4.8,54.2,0,0.18,Low,Medium
E101696,Male,Service,Yes,42.5,15,57,10.0,1.5,62.0,4,0.85,High,Low
E101697,Male,Product,No,48.3,1,62,4.9,7.9,59.6,10,0.1,Low,Medium
E101698,Female,Product,Yes,48.4,14,86,4.2,2.6,97.7,10,0.31,Medium,Medium
E101699,Male,Service,No,41.6,8,83,8.9,7.7,81.4,1,0.2,Low,Medium
E101700,Female,Service,Yes,48.1,16,71,1.3,9.2,85.8,7,0.01,Low,High
E101701,Male,Service,No,40.3,1,82,5.8,7.9,55.4,1,0.12,Low,Medium
E101702,Male,Service,No,47.4,5,26,2.9,6.8,59.7,10,0.09,Low,Medium
E101703,Male,Service,Yes,44.9,0,88,4.3,6.4,90.5,8,0.15,Low,High
E101704,Male,Service,No,38.1,7,82,2.8,5.1,78.4,5,0.14,Low,High
E101705,Male,Product,No,42.8,10,65,1.3,2.3,52.3,9,0.1,Low,Medium
E101706,Female,Product,No,55.9,19,88,4.7,8.0,78.3,8,0.09,Low,High
E101707,Male,Product,Yes,46.0,14,43,8.1,5.3,73.8,1,0.38,Medium,Low
E101708,Female,Service,Yes,56.5,8,43,9.6,6.6,57.7,8,0.33,Medium,Low
E101709,Female,Service,No,37.8,1,97,6.6,4.4,79.6,3,0.37,Medium,Medium
E101710,Male,Product,No,48.8,6,27,4.5,2.8,58.7,2,0.32,Medium,Low
E101711,Male,Service,Yes,32.3,16,71,7.9,8.3,90.6,3,0.13,Low,Medium
E101712,Female,Product,No,45.0,2,60,5.5,4.1,80.9,10,0.32,Medium,Medium
E101713,Male,Service,Yes,48.2,3,34,4.3,8.8,93.6,7,0.05,Low,Medium
E101714,Male,Service,No,49.2,2,96,2.6,9.7,71.2,6,0.01,Low,High
E101715,Other,Service,Yes,41.0,7,73,8.2,8.5,75.6,5,0.12,Low,Medium
E101716,Male,Service,Yes,50.2,10,50,5.5,2.2,88.0,0,0.43,Medium,Low
E101717,Female,Product,Yes,42.3,15,15,9.7,8.7,77.3,1,0.13,Low,Low
E101718,Other,Service,Yes,44.2,13,17,8.2,5.7,78.6,9,0.35,Medium,Low
E101719,Male,Service,Yes,42.8,18,58,4.8,3.2,77.7,1,0.33,Medium,Low
E101720,Male,Service,Yes,39.3,1,69,7.7,1.8,74.6,7,0.63,High,Low
E101721,Male,Product,Yes,52.8,11,74,5.1,3.5,90.3,4,0.33,Medium,Medium
E101722,Male,Service,Yes,45.2,10,17,1.7,2.2,74.3,4,0.13,Low,Low
E101723,Male,Service,No,50.4,15,99,5.7,1.2,95.0,5,0.5,Medium,Medium
E101724,Female,Service,Yes,50.2,10,77,8.8,9.9,90.4,2,0.01,Low,Medium
E101725,Male,Service,Yes,40.2,2,96,8.7,8.5,84.6,1,0.13,Low,Medium
E101726,Male,Service,Yes,51.1,9,45,6.2,7.7,94.9,11,0.14,Low,Medium
E101727,Other,Product,No,47.5,4,75,4.4,2.7,76.9,2,0.32,Medium,Medium
E101728,Female,Service,No,39.8,12,63,1.1,1.2,91.1,4,0.1,Low,Medium
E101729,Female,Service,Yes,47.2,5,58,3.8,5.4,62.1,9,0.17,Low,Medium
E101730,Male,Product,No,39.9,19,66,9.9,7.7,53.6,8,0.23,Low,Medium
E101731,Female,Service,No,53.0,2,45,7.5,9.7,84.3,4,0.02,Low,Medium
E101732,Male,Service,Yes,49.1,8,86,7.5,8.6,65.1,5,0.11,Low,Medium
E101733,Male,Service,No,44.6,6,63,7.8,9.0,81.7,9,0.08,Low,Medium
E101734,Male,Service,Yes,51.3,6,60,6.6,3.1,53.9,2,0.46,Medium,Low
E101735,Female,Product,Yes,37.1,1,68,6.3,2.4,97.8,4,0.48,Medium,Low
E101736,Male,Product,Yes,41.3,7,98,5.1,3.2,75.8,3,0.35,Medium,Medium
E101737,Male,Product,Yes,43.7,17,25,5.0,2.2,50.5,6,0.39,Medium,Low
E101738,Male,Product,Yes,56.2,0,79,8.8,8.2,73.8,7,0.16,Low,Medium
E101739,Male,Service,Yes,39.6,9,99,4.5,9.1,89.5,11,0.04,Low,High
E101740,Female,Service,Yes,36.5,5,31,8.6,3.8,93.3,0,0.53,Medium,Low
E101741,Female,Service,Yes,37.8,17,42,8.5,8.9,73.1,2,0.09,Low,Low
E101742,Female,Service,Yes,49.5,12,96,7.9,1.5,56.3,8,0.67,High,Low
E101743,Male,Product,Yes,42.0,0,88,1.3,7.1,95.3,0,0.04,Low,High
E101744,Male,Product,Yes,44.2,0,23,2.3,5.7,99.1,7,0.1,Low,Low
E101745,Male,Service,No,48.8,11,48,3.8,3.5,53.2,1,0.25,Low,Low
E101746,Male,Service,Yes,44.2,7,34,8.6,7.9,53.9,9,0.18,Low,Low
E101747,Male,Service,Yes,46.0,4,17,8.9,2.9,78.3,9,0.63,High,Low
E101748,Female,Service,Yes,47.7,2,15,1.4,4.7,76.7,11,0.07,Low,Low
E101749,Male,Service,Yes,42.8,17,74,3.9,7.4,79.4,4,0.1,Low,High
E101750,Male,Service,Yes,44.2,5,64,8.7,4.0,65.9,2,0.52,Medium,Low
E101751,Male,Product,Yes,46.2,3,22,3.2,8.7,52.5,6,0.04,Low,Medium
E101752,Male,Product,No,49.3,14,32,9.8,8.8,79.0,1,0.12,Low,Low
E101753,Male,Service,Yes,41.0,3,44,5.4,2.8,57.6,10,0.39,Medium,Low
E101754,Female,Service,Yes,29.9,5,36,9.4,5.0,67.1,7,0.47,Medium,Low
E101755,Female,Service,Yes,48.4,17,95,4.9,4.9,79.1,0,0.25,Low,Medium
E101756,Female,Product,No,49.6,17,23,3.9,4.7,60.4,5,0.21,Low,Low
E101757,Male,Product,No,46.0,9,36,4.3,5.5,77.1,11,0.19,Low,Low
E101758,Male,Product,Yes,46.3,12,24,9.0,1.7,85.7,2,0.75,High,Low
E101759,Male,Service,Yes,42.2,19,81,4.0,8.8,53.3,10,0.05,Low,High
E101760,Male,Product,No,47.5,17,95,7.0,3.6,81.0,0,0.45,Medium,Medium
E101761,Female,Service,Yes,49.3,6,23,5.2,1.0,75.5,9,0.47,Medium,Low
E101762,Male,Service,Yes,45.3,7,61,9.5,7.2,54.9,0,0.27,Low,Low
E101763,Male,Service,Yes,57.5,5,54,2.4,6.9,85.3,10,0.07,Low,Medium
E101764,Male,Service,Yes,37.2,1,50,4.9,9.8,65.5,11,0.01,Low,Medium
E101765,Male,Product,No,45.8,7,33,2.1,7.5,59.1,2,0.05,Low,Medium
E101766,Female,Service,No,39.1,9,16,6.2,4.0,64.1,5,0.37,Medium,Low
E101767,Male,Service,No,49.4,16,59,4.6,9.6,77.3,6,0.02,Low,Medium
E101768,Male,Service,Yes,37.1,11,97,1.5,4.3,79.0,3,0.09,Low,High
E101769,Male,Service,Yes,38.3,10,47,8.6,8.4,58.5,11,0.14,Low,Low
E101770,Male,Service,Yes,41.8,16,78,4.4,4.0,96.8,2,0.26,Low,Medium
E101771,Female,Service,No,46.3,15,40,5.4,1.4,66.4,2,0.46,Medium,Low
E101772,Female,Service,No,42.0,9,48,4.7,7.6,63.4,3,0.11,Low,Medium
E101773,Female,Service,Yes,42.1,19,77,5.4,4.2,59.3,2,0.31,Medium,Medium
E101774,Female,Product,Yes,44.1,2,42,1.1,4.0,56.0,3,0.07,Low,Medium
E101775,Male,Service,Yes,43.8,18,94,8.3,7.4,99.1,5,0.22,Low,Medium
E101776,Female,Service,No,52.4,3,92,4.0,3.9,83.7,11,0.24,Low,Medium
E101777,Male,Service,Yes,48.4,18,20,7.5,2.1,89.4,10,0.59,Medium,Low
E101778,Male,Product,Yes,43.4,8,25,1.6,4.6,70.1,8,0.09,Low,Low
E101779,Female,Product,Yes,55.5,19,60,5.7,8.4,70.7,10,0.09,Low,Medium
E101780,Male,Service,Yes,47.5,16,34,9.2,2.2,99.3,9,0.72,High,Low
E101781,Female,Service,No,40.2,3,50,4.6,6.0,60.0,9,0.18,Low,Medium
E101782,Male,Product,No,46.3,16,30,2.8,2.2,66.3,6,0.22,Low,Low
E101783,Female,Product,No,47.7,2,84,1.9,1.4,59.8,6,0.16,Low,Medium
E101784,Female,Product,No,41.6,19,86,8.7,4.4,64.1,6,0.49,Medium,Medium
E101785,Female,Product,Yes,39.7,3,59,3.1,6.9,83.2,4,0.1,Low,Medium
E101786,Female,Product,Yes,45.4,8,62,9.8,3.5,65.4,6,0.64,High,Low
E101787,Female,Service,Yes,43.2,5,18,3.2,5.0,93.8,11,0.16,Low,Low
E101788,Male,Service,No,52.4,18,62,5.3,5.4,52.4,7,0.24,Low,Medium
E101789,Male,Product,Yes,48.7,6,98,5.1,8.6,67.7,6,0.07,Low,High
E101790,Male,Product,Yes,41.8,15,81,1.6,8.4,93.0,2,0.03,Low,High
E101791,Female,Service,Yes,47.1,14,42,5.8,1.0,81.1,9,0.52,Medium,Low
E101792,Male,Product,Yes,51.3,15,44,7.1,4.7,88.5,8,0.38,Medium,Low
E101793,Female,Service,No,38.0,13,43,7.7,6.9,66.2,9,0.24,Low,Low
E101794,Male,Service,No,39.9,3,35,5.7,8.7,68.5,5,0.07,Low,Medium
E101795,Male,Product,Yes,44.9,1,56,8.3,1.4,94.4,7,0.71,High,Low
E101796,Female,Service,Yes,45.2,6,64,7.8,6.7,87.5,11,0.26,Low,Medium
E101797,Male,Service,No,44.7,6,17,2.7,8.6,69.2,5,0.04,Low,Medium
E101798,Male,Service,No,43.4,5,79,4.6,3.3,60.8,3,0.31,Medium,Medium
E101799,Male,Service,Yes,43.4,19,37,2.3,2.8,55.3,0,0.17,Low,Low
E101800,Female,Service,Yes,46.9,8,19,2.2,5.2,93.1,6,0.11,Low,Low
E101801,Female,Service,Yes,50.7,16,39,7.4,9.7,84.9,7,0.02,Low,Medium
E101802,Male,Service,Yes,42.6,10,49,5.8,7.2,80.4,3,0.16,Low,Medium
E101803,Male,Product,No,57.2,15,79,6.4,4.8,88.8,8,0.33,Medium,Medium
E101804,Male,Product,Yes,54.8,0,93,7.6,1.2,95.7,7,0.67,High,Low
E101805,Female,Service,Yes,51.6,15,53,3.5,6.0,88.1,11,0.14,Low,Medium
E101806,Female,Product,Yes,48.1,16,32,4.6,4.1,71.0,9,0.27,Low,Low
E101807,Male,Service,Yes,55.0,5,39,6.5,2.7,58.8,1,0.47,Medium,Low
E101808,Male,Service,Yes,43.5,10,15,1.9,5.5,85.7,9,0.09,Low,Low
E101809,Male,Service,Yes,40.8,6,76,8.5,4.1,62.3,10,0.5,Medium,Low
E101810,Female,Product,Yes,42.4,15,23,4.1,1.3,89.1,7,0.36,Medium,Low
E101811,Female,Product,Yes,40.0,1,55,6.9,7.5,66.9,3,0.17,Low,Medium
E101812,Male,Service,Yes,45.6,19,36,10.0,7.6,57.8,11,0.24,Low,Low
E101813,Male,Service,Yes,46.5,12,80,5.3,6.6,62.7,9,0.18,Low,Medium
E101814,Male,Service,Yes,46.0,12,59,2.9,8.6,63.3,8,0.04,Low,High
E101815,Female,Service,Yes,44.9,14,66,2.9,2.8,68.9,2,0.21,Low,Medium
E101816,Male,Service,Yes,45.7,14,34,1.5,3.6,62.9,2,0.1,Low,Medium
E101817,Female,Service,Yes,53.7,8,26,7.9,5.1,61.3,6,0.39,Medium,Low
E101818,Female,Product,No,48.1,17,88,3.6,1.5,69.6,7,0.31,Medium,Medium
E101819,Male,Service,No,49.6,13,78,2.6,9.0,93.4,5,0.03,Low,High
E101820,Male,Product,Yes,46.0,13,46,7.4,5.4,53.5,5,0.34,Medium,Low
E101821,Male,Product,No,36.9,3,76,3.8,3.9,64.8,9,0.23,Low,Medium
E101822,Female,Service,Yes,35.9,13,19,6.4,5.3,78.1,7,0.3,Low,Low
E101823,Female,Product,Yes,55.4,9,58,4.8,3.9,93.7,10,0.29,Low,Medium
E101824,Female,Product,Yes,42.3,10,43,4.0,3.6,64.2,10,0.26,Low,Low
E101825,Male,Service,Yes,41.9,0,47,5.4,5.0,67.4,9,0.27,Low,Low
E101826,Male,Service,Yes,46.2,13,27,3.8,5.3,89.9,11,0.18,Low,Low
E101827,Female,Product,Yes,47.8,7,64,8.8,4.9,68.6,9,0.45,Medium,Low
E101828,Female,Service,No,48.4,5,16,1.7,5.9,92.6,1,0.07,Low,Low
E101829,Male,Service,Yes,53.9,10,89,1.3,8.1,72.8,4,0.02,Low,High
E101830,Female,Service,Yes,52.5,13,42,4.7,1.5,78.5,11,0.4,Medium,Low
E101831,Female,Product,Yes,40.9,6,32,2.6,8.3,78.0,1,0.04,Low,Medium
E101832,Female,Product,Yes,49.8,6,87,7.7,3.1,56.0,2,0.53,Medium,Medium
E101833,Female,Product,No,43.1,18,80,4.2,3.3,67.7,6,0.28,Low,Medium
E101834,Female,Service,No,44.3,9,60,3.4,6.4,62.1,0,0.12,Low,Medium
E101835,Female,Service,No,39.5,8,31,4.2,9.8,84.2,3,0.01,Low,Medium
E101836,Male,Service,Yes,36.5,17,47,3.0,1.2,96.7,6,0.26,Low,Low
E101837,Male,Product,Yes,44.8,16,47,3.7,7.1,60.6,4,0.11,Low,Medium
E101838,Female,Service,Yes,40.2,12,98,6.1,7.3,54.6,11,0.16,Low,High
E101839,Male,Service,Yes,49.6,3,44,8.8,6.2,75.3,4,0.33,Medium,Low
E101840,Male,Service,Yes,43.6,6,36,4.3,1.1,69.5,2,0.38,Medium,Low
E101841,Male,Service,No,46.5,7,67,3.9,6.5,51.8,7,0.14,Low,Medium
E101842,Male,Product,Yes,51.8,15,60,8.0,2.0,96.1,2,0.64,High,Low
E101843,Female,Product,Yes,37.6,11,58,1.2,1.7,97.0,6,0.1,Low,Medium
E101844,Female,Product,No,41.4,0,89,3.7,7.3,92.5,0,0.1,Low,High
E101845,Male,Service,No,45.9,5,48,5.1,7.3,64.0,10,0.14,Low,Medium
E101846,Male,Product,Yes,46.6,0,42,6.4,9.0,56.1,2,0.06,Low,Medium
E101847,Male,Product,Yes,50.5,7,49,2.4,1.0,79.6,0,0.22,Low,Low
E101848,Female,Service,Yes,49.3,11,82,4.9,4.4,64.1,3,0.27,Low,Medium
E101849,Female,Product,Yes,45.5,15,23,6.1,1.1,60.1,2,0.54,Medium,Low
E101850,Male,Service,Yes,46.5,0,36,5.6,4.3,82.1,11,0.32,Medium,Low
E101851,Female,Product,Yes,46.7,3,75,6.2,5.4,87.5,8,0.29,Low,Medium
E101852,Female,Product,Yes,37.7,18,99,7.0,5.8,76.4,1,0.29,Low,Medium
E101853,Female,Product,Yes,44.2,17,39,4.4,4.2,66.0,10,0.26,Low,Low
E101854,Female,Service,No,46.2,7,95,1.6,7.5,75.6,11,0.04,Low,High
E101855,Male,Service,No,47.3,5,93,1.5,4.7,80.0,4,0.08,Low,High
E101856,Female,Service,Yes,40.4,12,55,8.7,5.7,52.6,9,0.37,Medium,Low
E101857,Male,Service,No,38.7,19,21,7.1,8.2,72.2,2,0.13,Low,Low
E101858,Female,Product,Yes,43.8,2,73,7.9,2.6,79.9,2,0.58,Medium,Low
E101859,Female,Product,Yes,54.8,14,86,9.4,3.9,56.5,10,0.57,Medium,Low
E101860,Female,Product,Yes,40.9,5,81,7.8,5.7,72.4,4,0.34,Medium,Medium
E101861,Female,Service,Yes,50.9,5,47,7.2,7.9,67.3,1,0.15,Low,Medium
E101862,Male,Product,Yes,52.9,4,95,6.9,4.8,93.4,4,0.36,Medium,Medium
E101863,Male,Product,No,45.2,18,79,3.3,1.7,74.5,2,0.27,Low,Medium
E101864,Other,Product,Yes,41.6,9,74,9.6,9.9,71.3,1,0.01,Low,Medium
E101865,Female,Service,No,47.6,8,95,5.9,7.4,62.2,4,0.15,Low,High
E101866,Male,Service,Yes,46.0,13,72,3.0,7.5,97.9,2,0.08,Low,High
E101867,Male,Service,Yes,40.7,4,58,2.9,5.2,98.1,7,0.14,Low,Medium
E101868,Male,Product,Yes,41.7,6,62,8.3,5.9,68.3,1,0.34,Medium,Low
E101869,Female,Product,Yes,47.3,16,51,3.3,9.9,96.5,6,0.0,Low,High
E101870,Female,Product,Yes,49.7,16,39,1.4,6.4,80.9,7,0.05,Low,Medium
E101871,Male,Service,Yes,43.4,8,39,4.9,3.0,89.1,6,0.34,Medium,Low
E101872,Male,Service,Yes,44.7,6,71,8.4,9.7,54.5,1,0.03,Low,Medium
E101873,Female,Product,Yes,48.3,0,27,4.7,5.8,51.1,8,0.2,Low,Low
E101874,Female,Product,Yes,44.1,1,91,8.2,1.2,75.7,9,0.72,High,Low
E101875,Male,Product,Yes,43.5,9,26,8.4,6.2,53.8,5,0.32,Medium,Low
E101876,Female,Product,Yes,41.2,18,77,8.7,1.6,94.6,8,0.73,High,Low
E101877,Male,Service,No,41.1,7,76,6.3,5.7,91.0,2,0.27,Low,Medium
E101878,Male,Product,No,58.3,8,98,7.3,8.4,85.7,8,0.12,Low,High
E101879,Female,Product,Yes,44.0,14,42,3.4,5.8,51.6,2,0.14,Low,Medium
E101880,Female,Service,Yes,51.8,10,69,1.9,4.4,72.9,2,0.11,Low,Medium
E101881,Female,Service,Yes,53.4,11,89,5.8,8.9,53.9,11,0.06,Low,High
E101882,Female,Service,No,44.1,17,56,1.1,9.3,96.4,7,0.01,Low,High
E101883,Female,Service,Yes,46.8,1,75,5.2,4.1,80.6,5,0.31,Medium,Medium
E101884,Male,Product,Yes,45.5,14,94,1.9,5.5,57.8,0,0.09,Low,High
E101885,Male,Service,Yes,36.9,9,52,2.0,9.8,78.0,1,0.0,Low,High
E101886,Male,Service,Yes,37.2,6,95,8.8,2.6,55.9,9,0.65,High,Low
E101887,Male,Service,No,45.2,8,19,6.8,3.7,57.3,7,0.43,Medium,Low
E101888,Female,Service,No,42.9,16,98,6.8,4.9,54.0,6,0.35,Medium,Medium
E101889,Other,Service,Yes,54.5,13,62,4.6,1.9,93.6,7,0.37,Medium,Low
E101890,Male,Product,No,43.8,8,49,4.7,3.4,77.3,7,0.31,Medium,Low
E101891,Male,Service,Yes,54.8,6,62,3.7,5.9,66.4,5,0.15,Low,Medium
E101892,Female,Service,No,42.6,14,28,4.9,3.1,50.0,6,0.34,Medium,Low
E101893,Male,Service,No,54.6,2,68,6.3,7.2,73.6,5,0.18,Low,Medium
E101894,Female,Service,Yes,47.5,1,40,2.7,4.1,75.6,10,0.16,Low,Medium
E101895,Female,Service,No,47.8,2,57,3.4,1.8,66.8,0,0.28,Low,Low
E101896,Female,Service,Yes,42.4,1,56,5.5,7.9,74.2,4,0.12,Low,Medium
E101897,Male,Product,Yes,47.9,12,32,4.5,6.1,55.0,9,0.18,Low,Low
E101898,Male,Product,Yes,53.5,12,69,8.4,8.4,96.1,0,0.13,Low,Medium
E101899,Female,Service,Yes,44.3,1,64,8.4,4.2,62.9,1,0.49,Medium,Low
E101900,Female,Service,Yes,43.3,19,35,4.0,1.2,97.4,4,0.35,Medium,Low
E101901,Male,Product,Yes,43.8,18,48,5.1,1.4,74.6,1,0.44,Medium,Low
E101902,Female,Product,No,53.1,8,54,9.8,8.2,92.8,11,0.18,Low,Low
E101903,Male,Service,Yes,49.3,4,44,8.4,4.7,78.9,3,0.45,Medium,Low
E101904,Female,Product,Yes,52.2,6,84,2.9,9.8,92.2,2,0.01,Low,High
E101905,Male,Product,Yes,46.6,12,39,3.5,8.5,50.5,8,0.05,Low,Medium
E101906,Female,Product,Yes,45.2,0,83,1.8,1.1,59.3,9,0.16,Low,Medium
E101907,Male,Service,Yes,47.1,8,43,7.1,8.8,67.7,4,0.09,Low,Medium
E101908,Male,Service,Yes,50.4,1,81,3.9,2.9,64.8,1,0.28,Low,Medium
E101909,Male,Service,No,43.8,2,71,5.8,5.4,97.3,9,0.27,Low,Medium
E101910,Male,Product,Yes,51.8,11,61,7.9,5.6,69.7,5,0.35,Medium,Low
E101911,Female,Product,Yes,46.8,4,31,8.5,1.5,98.6,5,0.72,High,Low
E101912,Other,Service,No,33.0,11,63,3.9,2.1,82.6,4,0.31,Medium,Medium
E101913,Male,Product,Yes,49.4,3,64,3.1,4.8,91.8,11,0.16,Low,Medium
E101914,Male,Product,Yes,38.6,11,98,8.6,6.8,69.7,2,0.28,Low,Medium
E101915,Female,Product,Yes,49.3,4,19,4.4,3.4,59.5,7,0.29,Low,Low
E101916,Female,Product,No,49.5,13,27,8.4,5.7,52.5,4,0.36,Medium,Low
E101917,Female,Product,No,46.6,13,77,2.3,4.4,82.8,9,0.13,Low,Medium
E101918,Male,Service,No,47.7,9,53,9.2,6.7,98.6,11,0.3,Low,Low
E101919,Male,Product,Yes,50.5,9,82,5.3,4.8,55.9,8,0.28,Low,Medium
E101920,Female,Product,Yes,42.5,4,59,2.5,8.7,88.6,3,0.03,Low,High
E101921,Male,Service,No,49.0,17,31,5.8,9.9,68.2,11,0.01,Low,Medium
E101922,Female,Service,Yes,50.8,16,73,8.8,9.2,99.7,3,0.07,Low,Medium
E101923,Male,Product,Yes,53.8,9,94,4.5,2.5,93.5,1,0.34,Medium,Medium
E101924,Female,Service,No,39.5,10,73,2.6,5.1,61.5,2,0.13,Low,Medium
E101925,Male,Product,Yes,47.0,14,22,6.2,5.1,88.3,6,0.3,Low,Low
E101926,Female,Service,Yes,40.2,18,44,8.5,8.6,86.7,5,0.12,Low,Low
E101927,Male,Service,No,40.0,11,17,2.1,4.2,88.2,6,0.12,Low,Low
E101928,Female,Service,Yes,46.8,15,31,1.4,5.9,54.1,6,0.06,Low,Medium
E101929,Male,Service,Yes,45.4,11,65,1.5,6.5,90.5,8,0.05,Low,High
E101930,Female,Product,No,50.7,18,38,3.1,2.0,63.1,2,0.25,Low,Low
E101931,Female,Service,No,43.3,2,94,1.1,6.0,79.5,5,0.04,Low,High
E101932,Female,Service,Yes,44.3,12,78,4.9,3.2,55.8,1,0.33,Medium,Medium
E101933,Female,Service,Yes,46.1,14,98,7.3,2.9,77.9,2,0.52,Medium,Medium
E101934,Female,Service,No,40.7,16,88,7.4,3.3,95.3,5,0.5,Medium,Medium
E101935,Female,Service,Yes,41.4,10,85,6.7,1.9,58.9,10,0.54,Medium,Low
E101936,Male,Product,Yes,50.6,11,63,3.7,1.6,92.8,0,0.31,Medium,Low
E101937,Female,Service,Yes,42.3,16,34,7.6,6.8,71.8,7,0.24,Low,Low
E101938,Male,Service,No,50.9,4,91,6.2,9.5,66.1,3,0.03,Low,High
E101939,Male,Service,No,48.0,4,43,8.8,7.2,52.9,4,0.25,Low,Low
E101940,Male,Service,Yes,37.3,6,24,5.3,3.8,76.4,4,0.33,Medium,Low
E101941,Male,Service,No,47.7,2,23,2.6,4.0,60.0,5,0.16,Low,Low
E101942,Female,Service,No,47.6,2,85,6.7,5.9,97.0,10,0.27,Low,Medium
E101943,Female,Product,Yes,47.1,16,77,2.4,8.8,61.9,0,0.03,Low,High
E101944,Female,Product,Yes,44.3,1,47,9.7,2.8,79.3,7,0.7,High,Low
E101945,Male,Product,Yes,40.3,14,38,7.3,5.2,77.9,4,0.35,Medium,Low
E101946,Male,Service,No,51.7,18,94,7.8,5.5,66.8,2,0.35,Medium,Medium
E101947,Male,Service,Yes,44.5,9,46,7.1,9.4,92.6,7,0.04,Low,Medium
E101948,Male,Service,Yes,40.6,10,18,1.9,5.8,59.2,9,0.08,Low,Low
E101949,Male,Product,Yes,47.3,8,76,5.2,8.0,90.9,2,0.1,Low,Medium
E101950,Male,Product,Yes,41.3,13,92,6.9,1.8,60.4,2,0.57,Medium,Medium
E101951,Male,Service,No,40.3,6,36,3.1,3.9,52.0,7,0.19,Low,Low
E101952,Female,Service,Yes,43.1,9,37,7.1,6.5,97.2,9,0.25,Low,Low
E101953,Female,Product,No,41.7,0,40,8.4,7.1,81.9,7,0.24,Low,Low
E101954,Other,Product,Yes,40.4,0,63,3.5,9.0,81.5,2,0.03,Low,High
E101955,Female,Product,Yes,49.0,13,58,2.8,6.3,63.3,3,0.1,Low,Medium
E101956,Female,Product,No,44.4,7,36,8.9,3.6,57.0,5,0.57,Medium,Low
E101957,Male,Product,Yes,51.3,13,81,1.0,5.9,85.3,10,0.04,Low,High
E101958,Female,Service,Yes,40.7,6,56,3.3,7.4,75.9,0,0.09,Low,Medium
E101959,Female,Product,No,36.4,17,66,4.7,8.1,65.9,8,0.09,Low,Medium
E101960,Male,Product,Yes,45.7,8,31,7.1,9.5,65.8,1,0.04,Low,Low
E101961,Male,Product,Yes,54.3,14,28,10.0,2.7,94.5,0,0.73,High,Low
E101962,Female,Service,Yes,47.7,0,78,4.3,6.9,94.5,4,0.13,Low,Medium
E101963,Male,Service,Yes,61.1,10,59,9.5,2.8,63.7,6,0.68,High,Low
E101964,Female,Service,No,46.7,18,78,4.3,3.9,89.7,11,0.26,Low,Medium
E101965,Female,Service,No,46.2,9,44,7.3,2.3,61.3,11,0.56,Medium,Low
E101966,Male,Product,Yes,34.2,17,27,2.5,8.0,90.4,7,0.05,Low,Medium
E101967,Male,Service,No,47.1,3,40,5.1,9.2,56.3,4,0.04,Low,Medium
E101968,Male,Service,No,45.8,17,46,8.8,1.3,87.9,7,0.77,High,Low
E101969,Male,Product,Yes,43.0,17,60,3.9,8.3,77.8,2,0.07,Low,Medium
E101970,Male,Service,Yes,44.3,19,65,1.9,3.2,55.9,6,0.13,Low,Medium
E101971,Female,Service,Yes,44.7,11,48,5.7,5.4,80.8,7,0.26,Low,Low
E101972,Male,Service,No,44.1,8,90,5.0,7.7,59.6,10,0.12,Low,High
E101973,Male,Product,No,55.4,17,42,3.1,5.6,59.7,4,0.14,Low,Medium
E101974,Male,Service,Yes,43.1,5,33,9.2,3.1,72.4,4,0.63,High,Low
E101975,Female,Product,No,45.8,18,62,6.4,9.2,98.2,6,0.05,Low,Medium
E101976,Male,Service,Yes,43.0,19,86,4.1,6.3,94.6,1,0.15,Low,High
E101977,Male,Product,Yes,48.9,14,48,10.0,9.4,91.3,2,0.06,Low,Low
E101978,Female,Service,No,45.9,4,30,2.2,8.6,92.6,8,0.03,Low,Medium
E101979,Female,Service,Yes,43.6,10,85,8.6,8.9,74.9,6,0.09,Low,Medium
E101980,Male,Service,Yes,35.4,12,41,3.1,4.3,68.7,5,0.18,Low,Medium
E101981,Female,Service,Yes,46.2,1,65,3.2,9.9,94.2,0,0.0,Low,High
E101982,Male,Service,Yes,43.5,7,98,5.5,8.7,54.0,10,0.07,Low,High
E101983,Male,Service,Yes,44.7,10,68,7.0,4.0,99.8,6,0.42,Medium,Low
E101984,Male,Service,Yes,39.1,17,31,7.2,9.1,77.6,11,0.06,Low,Low
E101985,Male,Service,No,52.2,9,86,1.2,7.8,77.0,4,0.03,Low,High
E101986,Female,Service,No,49.3,0,82,3.6,7.5,64.6,5,0.09,Low,High
E101987,Male,Service,Yes,52.2,3,15,6.9,1.1,58.5,1,0.61,High,Low
E101988,Male,Product,Yes,50.7,16,28,9.0,1.2,84.0,7,0.79,High,Low
E101989,Female,Product,No,48.0,16,21,7.0,7.3,68.1,9,0.19,Low,Low
E101990,Female,Service,Yes,39.3,4,78,3.4,3.5,65.1,5,0.22,Low,Medium
E101991,Male,Service,Yes,54.2,2,86,5.6,1.5,58.1,1,0.48,Medium,Medium
E101992,Female,Product,Yes,40.4,6,22,6.8,3.6,76.8,7,0.44,Medium,Low
E101993,Male,Service,Yes,43.7,4,68,2.2,8.5,79.4,0,0.03,Low,High
E101994,Female,Product,Yes,48.5,9,38,5.9,5.2,72.2,11,0.28,Low,Low
E101995,Female,Service,Yes,48.8,6,69,5.2,6.5,50.6,11,0.18,Low,Medium
E101996,Female,Product,Yes,47.9,16,15,4.0,8.2,74.6,1,0.07,Low,Low
E101997,Male,Service,No,43.0,16,86,6.6,3.9,63.6,4,0.4,Medium,Medium
E101998,Male,Product,No,42.0,6,83,6.7,1.1,56.9,5,0.6,Medium,Low
E101999,Male,Service,Yes,57.7,5,46,9.7,3.9,78.9,4,0.59,Medium,Low
E102000,Male,Product,No,44.8,8,15,4.9,9.6,83.6,1,0.02,Low,Medium
E102001,Male,Service,Yes,44.2,7,80,5.8,5.3,75.9,2,0.27,Low,Medium
E102002,Female,Service,Yes,41.4,13,56,2.4,6.1,80.7,9,0.09,Low,Medium
E102003,Male,Product,No,46.2,5,93,5.9,7.8,80.3,3,0.13,Low,High
E102004,Male,Service,Yes,46.0,8,23,1.3,2.0,56.2,7,0.1,Low,Low
E102005,Female,Product,Yes,44.9,19,90,2.3,7.6,60.8,0,0.06,Low,High
E102006,Male,Service,Yes,46.9,10,88,2.5,3.7,50.5,5,0.16,Low,Medium
E102007,Female,Product,No,53.8,10,38,6.7,4.5,99.1,10,0.37,Medium,Low
E102008,Male,Service,Yes,42.0,7,33,6.1,3.4,60.6,6,0.4,Medium,Low
E102009,Male,Product,No,45.2,2,65,8.2,2.4,90.7,8,0.62,High,Low
E102010,Male,Product,No,41.8,10,95,5.2,4.3,89.1,2,0.3,Low,Medium
E102011,Male,Service,No,46.5,3,16,5.3,1.9,85.3,9,0.43,Medium,Low
E102012,Female,Product,Yes,42.2,2,24,2.5,8.6,72.5,11,0.04,Low,Medium
E102013,Male,Product,Yes,42.4,12,83,7.7,3.8,79.2,2,0.48,Medium,Medium
E102014,Male,Service,Yes,37.7,18,20,1.0,6.9,59.3,9,0.03,Low,Medium
E102015,Male,Product,Yes,45.5,7,76,4.8,3.7,55.3,3,0.3,Low,Medium
E102016,Male,Service,No,47.1,0,80,2.7,2.9,67.6,0,0.19,Low,Medium
E102017,Female,Product,Yes,54.3,7,22,7.9,7.4,91.3,6,0.21,Low,Low
E102018,Male,Service,No,47.3,8,82,7.1,6.6,78.2,10,0.24,Low,Medium
E102019,Female,Service,Yes,42.8,5,73,7.4,3.0,88.2,9,0.52,Medium,Low
E102020,Female,Service,No,38.2,10,64,2.3,6.5,94.5,2,0.08,Low,Medium
E102021,Female,Service,Yes,38.9,9,50,7.0,1.0,78.0,4,0.63,High,Low
E102022,Female,Product,Yes,38.5,2,22,7.2,2.6,68.4,10,0.53,Medium,Low
E102023,Male,Product,No,54.4,7,31,1.0,7.5,92.8,11,0.02,Low,Medium
E102024,Male,Service,Yes,46.4,4,73,3.9,4.7,61.5,6,0.21,Low,Medium
E102025,Male,Service,Yes,42.1,1,92,1.8,2.8,51.2,4,0.13,Low,High
E102026,Female,Product,Yes,40.2,15,22,7.1,5.6,52.5,5,0.31,Medium,Low
E102027,Other,Service,Yes,40.7,0,92,2.9,5.2,79.1,3,0.14,Low,High
E102028,Male,Service,No,42.0,1,57,3.4,6.7,94.6,0,0.11,Low,Medium
E102029,Female,Service,No,51.6,2,77,1.7,1.7,78.2,6,0.14,Low,Medium
E102030,Male,Service,Yes,44.9,8,95,5.4,8.4,70.5,11,0.09,Low,High
E102031,Female,Service,Yes,37.8,16,26,1.3,1.5,78.9,1,0.11,Low,Low
E102032,Male,Product,Yes,56.6,11,98,8.6,5.1,83.6,10,0.42,Medium,Medium
E102033,Female,Service,No,39.3,1,70,1.2,7.4,87.9,6,0.03,Low,High
E102034,Female,Product,No,42.0,1,63,1.6,4.1,67.4,0,0.09,Low,Medium
E102035,Male,Service,No,51.6,18,66,6.8,9.2,69.3,8,0.05,Low,Medium
E102036,Male,Service,Yes,47.1,19,25,9.3,7.8,51.2,9,0.2,Low,Low
E102037,Male,Product,Yes,42.7,16,41,9.0,4.8,82.5,3,0.47,Medium,Low
E102038,Male,Service,Yes,38.8,16,76,1.8,2.7,88.8,8,0.13,Low,Medium
E102039,Male,Service,Yes,40.2,12,23,3.6,1.4,75.5,2,0.31,Medium,Low
E102040,Female,Product,No,40.5,11,96,5.7,8.2,68.8,1,0.1,Low,High
E102041,Female,Service,Yes,45.0,10,50,1.2,2.7,66.7,4,0.09,Low,Medium
E102042,Male,Product,No,46.0,10,60,5.8,3.4,82.3,2,0.38,Medium,Low
E102043,Male,Service,Yes,44.3,7,98,5.0,1.1,66.5,5,0.44,Medium,Medium
E102044,Female,Product,No,44.8,17,43,6.3,1.2,80.0,3,0.55,Medium,Low
E102045,Female,Service,Yes,39.7,3,82,9.3,3.1,96.3,3,0.64,High,Low
E102046,Male,Service,Yes,46.5,17,93,3.5,8.9,66.5,9,0.04,Low,High
E102047,Female,Product,Yes,51.4,14,55,6.8,8.0,53.4,4,0.14,Low,Medium
E102048,Male,Product,No,44.2,6,42,4.9,7.9,93.7,5,0.1,Low,Medium
E102049,Male,Service,Yes,44.1,14,78,4.9,8.4,63.7,9,0.08,Low,High
E102050,Male,Service,No,45.4,18,38,6.8,2.7,99.4,9,0.5,Medium,Low
E102051,Male,Service,Yes,50.6,16,30,9.6,9.8,92.0,9,0.02,Low,Low
E102052,Male,Product,Yes,40.5,9,36,8.8,3.1,71.3,5,0.61,High,Low
E102053,Female,Product,No,52.3,10,61,6.8,2.3,81.4,6,0.52,Medium,Low
E102054,Female,Product,Yes,47.1,13,31,5.2,3.7,63.9,6,0.33,Medium,Low
E102055,Female,Service,Yes,45.1,3,15,4.8,5.8,54.2,11,0.2,Low,Low
E102056,Male,Product,Yes,51.1,3,45,8.1,2.1,76.3,3,0.64,High,Low
E102057,Male,Service,No,39.1,0,26,3.0,7.6,71.2,10,0.07,Low,Medium
E102058,Female,Service,Yes,47.6,11,34,6.3,4.3,98.5,5,0.36,Medium,Low
E102059,Male,Service,Yes,47.2,6,33,5.5,6.1,79.9,3,0.21,Low,Low
E102060,Male,Product,Yes,40.3,4,19,6.8,7.6,87.4,1,0.16,Low,Low
E102061,Male,Product,Yes,47.3,0,29,2.7,9.1,56.8,10,0.02,Low,Medium
E102062,Female,Service,Yes,46.4,7,39,7.3,8.4,86.2,7,0.12,Low,Low
E102063,Male,Product,Yes,44.1,17,49,6.6,5.8,52.8,0,0.28,Low,Low
E102064,Male,Product,No,49.3,12,69,2.6,9.9,80.7,4,0.0,Low,High
E102065,Female,Service,Yes,42.1,16,77,5.0,5.8,91.9,2,0.21,Low,Medium
E102066,Male,Service,No,46.4,1,61,7.1,5.8,74.2,5,0.3,Low,Medium
E102067,Male,Product,No,44.3,5,81,9.1,2.4,60.8,7,0.69,High,Low
E102068,Male,Product,No,41.9,3,96,2.1,2.3,72.2,0,0.16,Low,Medium
E102069,Male,Service,Yes,47.5,7,78,1.1,2.5,92.1,9,0.08,Low,Medium
E102070,Female,Service,Yes,44.0,14,36,2.5,6.3,85.7,3,0.09,Low,Medium
E102071,Male,Service,No,37.6,4,94,9.9,4.7,80.3,3,0.52,Medium,Medium
E102072,Male,Service,Yes,36.0,19,93,7.9,4.5,84.7,10,0.43,Medium,Medium
E102073,Female,Product,Yes,48.9,10,83,6.5,2.1,91.7,5,0.51,Medium,Medium
E102074,Female,Service,No,38.9,7,91,2.2,4.4,57.6,0,0.12,Low,High
E102075,Female,Product,Yes,46.4,16,88,4.7,4.4,92.1,11,0.26,Low,Medium
E102076,Male,Service,Yes,45.3,8,94,7.4,6.6,90.3,5,0.25,Low,Medium
E102077,Male,Service,Yes,43.2,17,16,9.1,4.5,73.9,9,0.5,Medium,Low
E102078,Other,Service,No,54.8,13,39,4.4,4.8,70.1,8,0.23,Low,Low
E102079,Female,Product,Yes,45.9,8,75,10.0,3.5,96.6,0,0.65,High,Low
E102080,Male,Service,No,48.8,9,19,2.3,2.2,91.0,11,0.18,Low,Low
E102081,Male,Product,Yes,46.4,19,42,4.5,3.7,99.4,10,0.28,Low,Low
E102082,Male,Service,Yes,43.8,1,95,8.9,1.4,82.1,10,0.77,High,Low
E102083,Female,Service,Yes,44.9,2,80,6.8,2.8,51.6,2,0.49,Medium,Medium
E102084,Male,Service,Yes,52.3,4,29,8.3,3.9,57.7,11,0.51,Medium,Low
E102085,Male,Service,Yes,50.4,3,69,9.2,2.3,91.0,4,0.71,High,Low
E102086,Male,Product,Yes,54.8,2,52,5.6,7.0,81.9,9,0.17,Low,Medium
E102087,Female,Service,No,46.1,18,37,3.1,3.5,59.9,1,0.2,Low,Low
E102088,Female,Product,Yes,40.6,9,96,7.2,6.5,50.6,10,0.25,Low,Medium
E102089,Male,Service,Yes,42.8,6,28,6.1,6.8,63.1,2,0.2,Low,Low
E102090,Female,Service,Yes,39.1,11,46,8.0,5.0,56.9,1,0.4,Medium,Low
E102091,Female,Service,No,48.8,7,58,5.6,5.0,93.8,3,0.28,Low,Medium
E102092,Male,Service,Yes,42.1,4,84,8.3,6.2,94.1,7,0.32,Medium,Medium
E102093,Male,Product,Yes,29.7,12,96,9.1,3.4,92.1,8,0.6,Medium,Medium
E102094,Male,Product,No,57.3,8,72,7.7,1.2,54.7,7,0.68,High,Low
E102095,Female,Service,Yes,42.1,3,18,7.7,6.8,56.8,9,0.25,Low,Low
E102096,Female,Service,Yes,42.1,1,76,6.3,6.5,56.8,9,0.22,Low,Medium
E102097,Female,Product,Yes,53.4,4,74,5.2,5.3,62.9,0,0.24,Low,Medium
E102098,Female,Product,No,39.0,1,89,9.8,8.9,53.6,8,0.11,Low,Medium
E102099,Male,Product,Yes,50.7,17,73,6.8,5.6,99.1,4,0.3,Low,Medium
E102100,Female,Service,Yes,42.1,5,89,8.6,3.7,92.8,1,0.54,Medium,Medium
E102101,Male,Service,No,38.4,10,43,5.5,7.4,53.5,8,0.14,Low,Medium
E102102,Male,Product,Yes,53.5,9,33,6.0,9.7,57.2,1,0.02,Low,Medium
E102103,Female,Product,No,49.6,0,31,7.0,7.6,63.1,0,0.17,Low,Low
E102104,Female,Service,Yes,49.6,1,18,7.6,9.2,88.8,2,0.06,Low,Low
E102105,Male,Product,Yes,46.8,9,58,5.0,2.0,85.7,5,0.4,Medium,Low
E102106,Female,Product,Yes,48.0,4,18,4.2,2.1,81.5,2,0.33,Medium,Low
E102107,Female,Service,Yes,38.8,11,73,3.2,2.4,95.6,5,0.24,Low,Medium
E102108,Male,Service,Yes,45.6,18,26,4.8,7.3,51.8,2,0.13,Low,Low
E102109,Other,Service,Yes,40.4,1,61,2.9,4.5,58.1,9,0.16,Low,Medium
E102110,Male,Service,Yes,38.1,5,21,4.8,5.3,59.5,1,0.23,Low,Low
E102111,Male,Product,No,47.1,14,99,8.9,3.4,53.0,1,0.59,Medium,Medium
E102112,Male,Service,Yes,50.8,7,26,9.8,7.6,80.9,3,0.24,Low,Low
E102113,Female,Product,No,43.1,15,85,6.2,8.6,60.5,2,0.09,Low,High
E102114,Female,Product,No,43.9,18,68,2.3,2.4,74.1,7,0.17,Low,Medium
E102115,Male,Service,No,39.3,17,72,4.8,2.7,84.3,0,0.35,Medium,Medium
E102116,Male,Service,No,45.0,16,77,6.4,4.1,79.8,5,0.38,Medium,Medium
E102117,Female,Product,Yes,48.8,0,29,4.3,3.5,64.5,5,0.28,Low,Low
E102118,Male,Product,No,49.0,10,51,2.8,5.8,70.7,4,0.12,Low,Medium
E102119,Female,Product,No,47.7,3,70,3.0,7.8,67.0,11,0.07,Low,High
E102120,Female,Service,No,41.9,5,87,5.3,8.1,92.6,9,0.1,Low,High
E102121,Male,Service,Yes,41.7,6,94,2.9,2.9,71.0,10,0.21,Low,Medium
E102122,Female,Service,No,49.0,7,45,3.2,2.6,53.1,11,0.24,Low,Low
E102123,Male,Product,No,49.1,9,29,8.9,4.3,81.0,7,0.51,Medium,Low
E102124,Other,Service,No,44.1,16,16,8.0,2.3,59.9,10,0.62,High,Low
E102125,Female,Product,Yes,42.9,11,27,1.5,1.8,66.9,0,0.12,Low,Low
E102126,Female,Service,Yes,50.8,7,19,3.9,3.2,66.4,11,0.27,Low,Low
E102127,Male,Product,No,43.2,11,62,5.8,4.5,53.6,4,0.32,Medium,Medium
E102128,Female,Product,Yes,48.7,16,47,1.5,6.3,97.5,3,0.06,Low,Medium
E102129,Male,Service,Yes,44.3,2,46,7.1,7.5,77.4,7,0.18,Low,Low
E102130,Male,Product,No,39.8,13,67,4.5,3.0,57.8,10,0.32,Medium,Medium
E102131,Male,Service,Yes,53.1,11,35,4.6,8.4,77.8,9,0.07,Low,Medium
E102132,Female,Service,Yes,45.6,4,80,3.4,1.3,72.6,10,0.3,Low,Medium
E102133,Male,Service,Yes,41.4,12,75,4.0,5.0,67.2,1,0.2,Low,Medium
E102134,Female,Service,Yes,38.0,10,68,8.8,6.7,73.6,9,0.29,Low,Medium
E102135,Female,Service,Yes,38.5,15,89,8.1,3.6,83.5,6,0.52,Medium,Medium
E102136,Male,Product,Yes,43.1,9,55,9.4,7.2,60.0,1,0.26,Low,Low
E102137,Female,Product,Yes,54.6,7,52,7.3,8.8,76.9,7,0.09,Low,Medium
E102138,Male,Service,Yes,42.1,5,47,6.2,1.8,90.6,10,0.51,Medium,Low
E102139,Female,Product,No,52.2,19,22,3.3,5.6,61.1,10,0.15,Low,Low
E102140,Female,Product,Yes,44.3,19,50,7.0,1.2,75.8,4,0.62,High,Low
E102141,Male,Product,Yes,39.1,2,47,9.2,3.5,98.3,11,0.6,Medium,Low
E102142,Female,Product,Yes,42.6,19,43,1.6,2.2,90.0,1,0.12,Low,Low
E102143,Male,Service,No,38.6,9,71,5.0,6.6,79.7,0,0.17,Low,Medium
E102144,Male,Service,No,40.7,17,86,2.3,3.2,87.5,8,0.16,Low,Medium
E102145,Female,Product,Yes,40.6,9,75,8.3,3.5,76.3,1,0.54,Medium,Low
E102146,Male,Service,Yes,35.5,12,69,6.5,2.9,99.3,11,0.46,Medium,Low
E102147,Male,Service,Yes,52.6,13,66,8.9,3.2,58.5,10,0.61,High,Low
E102148,Male,Service,No,46.1,0,57,1.6,3.0,86.0,0,0.11,Low,Medium
E102149,Female,Service,Yes,41.6,19,40,9.2,7.3,50.3,11,0.25,Low,Low
E102150,Male,Service,Yes,46.1,14,16,1.6,9.6,56.3,10,0.01,Low,Medium
E102151,Male,Service,No,40.8,11,69,3.6,5.4,86.1,6,0.17,Low,Medium
E102152,Female,Service,No,31.6,15,32,2.4,6.4,88.0,5,0.09,Low,Medium
E102153,Female,Product,Yes,59.8,6,64,2.3,8.4,52.0,7,0.04,Low,High
E102154,Male,Service,No,45.9,13,95,2.5,5.3,66.7,9,0.12,Low,High
E102155,Male,Service,Yes,42.1,8,59,5.3,3.7,55.9,2,0.33,Medium,Low
E102156,Male,Service,No,35.3,8,29,8.1,9.6,94.5,2,0.03,Low,Low
E102157,Male,Service,Yes,37.5,9,21,9.1,9.2,72.7,5,0.07,Low,Low
E102158,Male,Service,Yes,53.3,8,95,6.1,3.0,72.1,5,0.43,Medium,Medium
E102159,Female,Service,Yes,52.5,15,97,2.4,7.3,91.2,2,0.06,Low,High
E102160,Female,Service,Yes,48.8,7,41,1.7,6.8,84.8,5,0.05,Low,Medium
E102161,Female,Product,Yes,39.4,1,54,5.4,6.8,96.1,0,0.17,Low,Medium
E102162,Male,Service,Yes,52.5,17,31,7.9,8.5,96.9,0,0.12,Low,Low
E102163,Female,Service,Yes,47.2,17,46,6.6,7.1,65.7,4,0.19,Low,Medium
E102164,Male,Service,Yes,48.3,11,30,6.2,5.7,82.4,3,0.27,Low,Low
E102165,Female,Product,No,47.2,2,77,1.4,8.6,77.1,10,0.02,Low,High
E102166,Female,Product,Yes,37.5,1,92,4.7,3.4,79.8,1,0.31,Medium,Medium
E102167,Male,Product,Yes,39.0,5,74,6.0,7.1,81.3,2,0.17,Low,Medium
E102168,Female,Service,Yes,42.4,5,96,6.4,7.3,53.0,10,0.17,Low,High
E102169,Male,Service,Yes,48.2,16,66,1.0,8.8,94.8,0,0.01,Low,High
E102170,Female,Service,Yes,38.1,15,94,2.8,10.0,57.0,5,0.0,Low,High
E102171,Male,Product,Yes,44.1,12,63,9.5,6.0,71.2,9,0.38,Medium,Low
E102172,Male,Service,Yes,44.1,11,63,5.6,5.4,64.6,4,0.26,Low,Medium
E102173,Female,Product,Yes,49.0,10,94,7.3,6.4,77.7,9,0.26,Low,Medium
E102174,Male,Product,No,48.4,14,40,3.8,6.9,98.1,5,0.12,Low,Medium
E102175,Female,Product,Yes,39.9,16,65,6.3,7.4,70.6,10,0.16,Low,Medium
E102176,Male,Service,Yes,52.2,19,57,4.2,3.5,80.2,5,0.27,Low,Medium
E102177,Female,Product,Yes,39.2,7,84,3.7,5.4,57.1,1,0.17,Low,Medium
E102178,Female,Service,No,50.5,6,85,4.7,4.3,73.2,10,0.27,Low,Medium
E102179,Male,Service,Yes,42.2,10,23,5.1,1.3,95.8,7,0.44,Medium,Low
E102180,Male,Service,No,45.8,7,58,4.0,6.5,96.6,5,0.14,Low,Medium
E102181,Male,Product,Yes,46.1,18,78,3.3,8.9,77.3,1,0.04,Low,High
E102182,Male,Service,Yes,46.0,5,16,6.6,9.3,88.4,0,0.05,Low,Low
E102183,Male,Service,No,48.4,19,50,4.4,5.7,50.2,8,0.19,Low,Medium
E102184,Female,Service,No,47.0,18,17,2.8,7.9,76.6,3,0.06,Low,Medium
E102185,Female,Product,Yes,48.9,18,68,7.8,7.4,86.6,9,0.2,Low,Medium
E102186,Female,Product,Yes,47.3,3,35,7.5,3.1,66.5,10,0.52,Medium,Low
E102187,Female,Product,Yes,38.7,14,81,9.0,1.6,95.1,7,0.76,High,Low
E102188,Female,Service,No,46.3,16,23,6.0,7.7,89.0,1,0.14,Low,Low
E102189,Female,Service,Yes,42.2,17,26,3.5,3.5,88.5,8,0.23,Low,Low
E102190,Male,Service,Yes,39.5,19,86,8.8,5.9,51.1,7,0.36,Medium,Medium
E102191,Female,Service,Yes,43.6,11,51,3.5,5.7,59.2,10,0.15,Low,Medium
E102192,Female,Product,Yes,45.9,9,99,6.9,8.4,85.7,1,0.11,Low,High
E102193,Female,Service,Yes,46.2,8,51,2.7,6.8,78.1,8,0.09,Low,Medium
E102194,Male,Service,Yes,50.3,7,81,6.7,8.6,78.9,7,0.09,Low,Medium
E102195,Male,Service,Yes,51.5,7,70,8.6,7.8,50.7,1,0.19,Low,Medium
E102196,Male,Product,Yes,46.7,10,99,5.9,10.0,72.1,5,0.0,Low,High
E102197,Female,Service,Yes,47.6,11,77,5.2,8.8,89.3,4,0.06,Low,High
E102198,Male,Service,Yes,45.5,5,40,9.9,2.9,83.2,1,0.7,High,Low
E102199,Male,Product,Yes,48.8,2,60,1.2,9.7,78.6,7,0.0,Low,High
E102200,Female,Service,Yes,47.4,14,67,4.0,4.1,84.8,0,0.24,Low,Medium
E102201,Male,Product,Yes,44.7,5,74,9.3,6.5,92.5,7,0.33,Medium,Medium
E102202,Male,Service,Yes,55.8,6,46,6.8,9.5,92.5,5,0.03,Low,Medium
E102203,Male,Product,No,42.3,5,76,5.9,2.9,72.8,8,0.42,Medium,Medium
E102204,Female,Service,Yes,52.3,1,61,6.7,8.7,65.4,5,0.09,Low,Medium
E102205,Female,Service,Yes,38.2,5,75,3.9,9.6,68.3,0,0.02,Low,High
E102206,Male,Product,Yes,49.1,1,18,1.6,8.7,76.1,9,0.02,Low,Medium
E102207,Female,Service,Yes,52.2,0,16,3.5,8.4,54.5,4,0.06,Low,Medium
E102208,Male,Service,Yes,35.5,14,37,4.0,3.4,79.5,6,0.26,Low,Low
E102209,Female,Service,Yes,45.7,9,69,5.3,4.7,72.7,3,0.28,Low,Medium
E102210,Female,Product,Yes,48.6,9,55,4.5,7.8,87.9,3,0.1,Low,Medium
E102211,Female,Service,Yes,46.3,9,82,5.7,2.1,63.7,11,0.45,Medium,Medium
E102212,Male,Product,Yes,46.9,4,51,2.8,9.0,53.3,2,0.03,Low,Medium
E102213,Female,Product,No,45.7,3,25,2.7,2.9,94.7,7,0.19,Low,Low
E102214,Female,Product,No,39.5,14,50,4.2,6.1,53.4,4,0.16,Low,Medium
E102215,Male,Service,No,56.8,8,29,5.3,1.9,96.4,10,0.43,Medium,Low
E102216,Female,Service,Yes,42.5,15,81,4.1,2.7,74.9,11,0.3,Low,Medium
E102217,Male,Product,No,47.2,8,44,6.2,6.3,52.8,11,0.23,Low,Low
E102218,Female,Service,No,41.8,18,71,3.8,6.7,56.3,5,0.13,Low,Medium
E102219,Male,Service,No,33.6,13,76,2.6,3.4,76.6,2,0.17,Low,Medium
E102220,Female,Service,Yes,40.4,11,47,8.8,2.1,50.8,0,0.7,High,Low
E102221,Male,Service,No,37.8,11,79,2.8,5.9,95.8,7,0.11,Low,High
E102222,Male,Service,Yes,50.5,2,15,9.7,8.6,89.8,7,0.14,Low,Low
E102223,Male,Service,Yes,42.0,18,17,9.9,2.8,75.2,6,0.71,High,Low
E102224,Male,Product,Yes,42.4,10,23,7.3,7.2,96.3,6,0.2,Low,Low
E102225,Male,Service,No,39.7,4,46,5.5,4.5,63.0,3,0.3,Low,Low
E102226,Male,Service,No,45.5,5,91,8.2,9.5,92.7,11,0.04,Low,High
E102227,Female,Service,Yes,41.4,5,59,8.9,1.7,90.3,10,0.74,High,Low
E102228,Male,Service,Yes,50.0,18,71,7.4,1.4,79.1,9,0.64,High,Low
E102229,Male,Service,Yes,46.5,13,35,1.9,2.1,65.9,5,0.15,Low,Low
E102230,Female,Product,Yes,42.1,15,37,1.0,8.0,77.9,5,0.02,Low,Medium
E102231,Male,Product,Yes,49.3,11,91,2.7,9.3,97.9,7,0.02,Low,High
E102232,Female,Service,Yes,45.0,17,40,2.7,8.4,54.2,0,0.04,Low,Medium
E102233,Female,Service,No,45.1,12,86,2.6,7.5,60.1,5,0.06,Low,High
E102234,Female,Service,Yes,37.7,19,44,5.6,1.5,82.2,1,0.48,Medium,Low
E102235,Female,Product,Yes,44.6,8,83,5.7,2.9,83.9,4,0.4,Medium,Medium
E102236,Female,Product,No,46.6,17,38,7.5,9.4,58.2,8,0.04,Low,Medium
E102237,Male,Product,No,51.7,3,88,2.8,6.6,90.3,0,0.1,Low,High
E102238,Male,Service,No,41.2,10,97,1.8,5.2,96.4,5,0.09,Low,High
E102239,Male,Product,Yes,56.4,17,78,7.0,6.9,54.0,8,0.22,Low,Medium
E102240,Female,Service,No,47.8,2,49,5.4,2.6,98.7,4,0.4,Medium,Low
E102241,Male,Service,Yes,37.4,3,36,7.0,9.0,64.1,4,0.07,Low,Medium
E102242,Female,Product,No,40.8,8,53,4.4,6.9,65.4,10,0.14,Low,Medium
E102243,Other,Product,No,52.1,12,69,7.8,5.2,52.2,2,0.37,Medium,Medium
E102244,Female,Service,No,51.2,14,21,7.1,5.1,74.9,1,0.35,Medium,Low
E102245,Male,Service,Yes,45.1,9,76,6.9,8.4,97.7,6,0.11,Low,Medium
E102246,Male,Service,Yes,45.7,8,53,1.2,3.8,58.0,2,0.07,Low,Medium
E102247,Female,Service,No,39.2,15,34,8.7,2.2,78.8,2,0.68,High,Low
E102248,Female,Service,No,51.6,15,70,4.4,2.7,63.7,1,0.32,Medium,Medium
E102249,Male,Product,Yes,40.1,12,80,2.2,1.7,50.9,3,0.18,Low,Medium
E102250,Male,Product,No,49.2,4,29,7.8,5.6,99.4,7,0.34,Medium,Low
E102251,Female,Product,Yes,51.8,9,88,5.4,7.1,85.8,3,0.16,Low,High
E102252,Female,Product,Yes,45.2,0,35,1.3,9.4,86.8,3,0.01,Low,Medium
E102253,Female,Service,Yes,49.8,2,93,8.0,7.8,83.1,9,0.18,Low,Medium
E102254,Female,Product,Yes,54.2,2,48,4.9,6.2,57.2,9,0.19,Low,Medium
E102255,Female,Service,Yes,46.3,9,49,7.8,8.8,60.3,11,0.09,Low,Medium
E102256,Male,Service,No,44.1,16,19,7.8,9.0,69.3,5,0.08,Low,Low
E102257,Male,Service,Yes,44.7,17,70,1.9,7.4,99.8,8,0.05,Low,High
E102258,Male,Service,Yes,41.3,12,97,6.5,1.5,83.6,2,0.55,Medium,Medium
E102259,Male,Product,No,41.2,1,21,4.2,3.6,72.1,6,0.27,Low,Low
E102260,Female,Product,No,47.2,15,67,5.9,4.0,74.2,3,0.35,Medium,Medium
E102261,Female,Service,Yes,44.2,3,58,1.8,10.0,96.1,11,0.0,Low,High
E102262,Female,Product,Yes,46.6,17,72,6.3,5.2,59.8,11,0.3,Low,Medium
E102263,Male,Service,Yes,37.6,13,56,8.0,7.9,66.0,6,0.17,Low,Medium
E102264,Female,Product,No,44.5,5,32,9.9,8.3,68.5,3,0.17,Low,Low
E102265,Female,Service,Yes,50.2,10,20,3.9,6.9,94.9,5,0.12,Low,Low
E102266,Female,Service,Yes,39.4,16,18,2.4,1.2,88.8,2,0.21,Low,Low
E102267,Female,Service,No,45.1,7,83,4.3,1.2,79.5,3,0.38,Medium,Medium
E102268,Male,Product,Yes,35.7,2,28,1.2,8.4,65.7,4,0.02,Low,Medium
E102269,Male,Service,Yes,38.5,2,55,4.7,7.7,60.1,6,0.11,Low,Medium
E102270,Male,Product,No,49.0,16,61,9.2,5.8,66.5,11,0.39,Medium,Low
E102271,Male,Service,Yes,43.5,3,67,2.7,3.2,96.5,0,0.18,Low,Medium
E102272,Male,Product,Yes,54.1,18,35,5.3,1.8,95.5,7,0.43,Medium,Low
E102273,Female,Product,No,47.2,7,27,6.2,2.5,71.1,5,0.46,Medium,Low
E102274,Female,Service,No,47.7,16,80,2.6,6.2,66.3,7,0.1,Low,High
E102275,Female,Service,Yes,39.6,4,29,4.0,5.9,94.2,7,0.16,Low,Low
E102276,Female,Product,Yes,43.1,10,94,9.2,9.5,72.3,8,0.05,Low,Medium
E102277,Male,Product,No,41.3,11,59,3.7,9.6,51.9,3,0.01,Low,High
E102278,Female,Product,Yes,39.7,14,98,6.7,6.2,67.3,2,0.25,Low,Medium
E102279,Male,Service,Yes,48.3,11,79,2.2,8.6,80.4,0,0.03,Low,High
E102280,Male,Service,Yes,49.3,6,60,7.0,8.3,97.2,8,0.12,Low,Medium
E102281,Male,Product,Yes,47.0,2,17,3.5,7.8,71.2,10,0.08,Low,Low
E102282,Male,Service,No,40.9,9,31,3.1,4.9,62.0,1,0.16,Low,Low
E102283,Male,Service,Yes,46.7,15,31,2.1,4.5,69.2,8,0.12,Low,Low
E102284,Male,Service,No,35.4,0,98,1.4,3.4,52.9,9,0.09,Low,High
E102285,Male,Product,No,51.6,10,34,9.7,9.4,94.9,11,0.06,Low,Low
E102286,Female,Product,No,38.5,16,18,4.7,8.5,51.7,7,0.07,Low,Low
E102287,Male,Service,No,39.4,13,89,8.0,2.6,50.0,8,0.59,Medium,Low
E102288,Male,Service,No,45.6,17,29,9.3,3.3,80.7,1,0.62,High,Low
E102289,Male,Service,Yes,46.0,11,71,2.8,6.2,57.7,10,0.11,Low,Medium
E102290,Female,Service,Yes,44.6,15,59,8.8,4.7,64.8,6,0.47,Medium,Low
E102291,Male,Service,No,39.4,7,41,7.4,2.9,74.5,6,0.53,Medium,Low
E102292,Male,Product,Yes,50.7,2,34,6.2,8.1,89.6,2,0.12,Low,Low
E102293,Male,Service,Yes,36.6,10,93,8.3,1.0,69.4,11,0.75,High,Low
E102294,Male,Service,Yes,37.6,14,20,2.0,4.1,97.9,3,0.12,Low,Low
E102295,Male,Product,Yes,44.5,3,32,3.4,9.4,72.7,9,0.02,Low,Medium
E102296,Male,Service,No,38.7,15,63,2.2,7.8,96.0,8,0.05,Low,High
E102297,Male,Service,No,51.1,16,99,9.1,4.6,72.6,0,0.49,Medium,Medium
E102298,Male,Service,Yes,39.1,13,38,1.9,9.4,75.8,2,0.01,Low,Medium
E102299,Male,Service,No,52.8,1,95,9.8,9.1,97.9,6,0.09,Low,Medium
E102300,Female,Product,Yes,50.2,14,25,2.0,1.5,83.7,11,0.17,Low,Low
E102301,Female,Service,No,51.2,7,32,7.0,2.2,57.5,10,0.55,Medium,Low
E102302,Male,Service,Yes,54.4,12,49,6.9,4.5,79.9,1,0.38,Medium,Low
E102303,Male,Product,No,45.4,2,69,9.4,9.4,61.3,10,0.06,Low,Medium
E102304,Female,Product,Yes,39.9,3,42,3.9,8.6,65.5,2,0.05,Low,Medium
E102305,Male,Service,Yes,44.5,3,50,4.0,1.4,91.9,3,0.34,Medium,Low
E102306,Male,Service,No,42.2,3,38,8.6,5.6,84.1,11,0.38,Medium,Low
E102307,Female,Product,Yes,41.5,1,47,9.8,7.5,64.3,0,0.25,Low,Low
E102308,Male,Service,No,45.8,12,51,1.3,3.5,50.2,8,0.08,Low,Medium
E102309,Male,Product,Yes,43.4,7,27,6.7,7.5,76.6,8,0.17,Low,Low
E102310,Male,Product,Yes,41.2,8,30,3.2,4.3,62.5,2,0.18,Low,Low
E102311,Female,Product,Yes,43.8,0,57,7.6,3.5,51.4,10,0.49,Medium,Low
E102312,Male,Service,Yes,47.7,0,87,8.0,4.5,53.2,4,0.44,Medium,Medium
E102313,Female,Service,Yes,49.8,8,64,7.9,9.6,83.7,1,0.03,Low,Medium
E102314,Other,Product,No,37.0,10,27,4.9,9.1,70.7,7,0.04,Low,Medium
E102315,Male,Service,Yes,43.5,15,85,2.4,9.2,63.1,4,0.02,Low,High
E102316,Male,Service,No,44.3,3,49,6.3,9.3,94.0,1,0.04,Low,Medium
E102317,Male,Service,Yes,39.1,14,87,8.1,2.6,91.3,5,0.6,Medium,Low
E102318,Male,Service,Yes,44.4,6,49,9.2,9.1,73.3,11,0.08,Low,Low
E102319,Male,Product,Yes,45.7,1,38,5.1,2.9,63.8,5,0.36,Medium,Low
E102320,Female,Service,Yes,47.6,9,99,3.2,8.5,75.4,10,0.05,Low,High
E102321,Female,Product,No,45.4,16,67,2.1,5.9,87.6,4,0.09,Low,Medium
E102322,Female,Service,Yes,40.6,10,53,8.2,3.2,50.5,5,0.56,Medium,Low
E102323,Male,Service,Yes,55.1,18,33,5.8,4.6,80.6,7,0.31,Medium,Low
E102324,Female,Service,Yes,49.1,9,58,7.1,4.9,85.5,10,0.36,Medium,Low
E102325,Female,Product,Yes,47.8,3,60,2.4,7.6,90.8,4,0.06,Low,Medium
E102326,Female,Product,Yes,50.0,12,59,1.1,6.5,60.8,0,0.04,Low,High
E102327,Male,Service,Yes,46.2,0,46,9.7,8.4,60.2,1,0.16,Low,Low
E102328,Female,Product,Yes,51.4,6,19,8.3,4.6,60.8,8,0.45,Medium,Low
E102329,Male,Service,No,45.3,8,90,4.6,7.7,96.6,10,0.11,Low,High
E102330,Male,Product,No,45.0,0,20,5.1,8.1,57.0,7,0.1,Low,Low
E102331,Male,Product,Yes,48.2,17,96,9.4,1.6,88.2,11,0.79,High,Low
E102332,Female,Product,Yes,52.9,17,21,2.9,4.4,99.3,3,0.16,Low,Low
E102333,Female,Product,No,52.6,15,97,8.2,9.0,97.3,0,0.08,Low,High
E102334,Male,Service,No,48.0,15,29,1.2,7.3,70.5,7,0.03,Low,Medium
E102335,Male,Service,No,47.6,4,87,8.9,4.8,92.0,0,0.46,Medium,Medium
E102336,Male,Service,No,48.5,13,34,6.3,2.6,83.5,11,0.47,Medium,Low
E102337,Male,Service,Yes,49.9,0,73,5.3,1.9,93.4,8,0.43,Medium,Low
E102338,Male,Product,No,51.5,5,98,7.4,3.1,58.1,9,0.51,Medium,Medium
E102339,Male,Service,No,43.8,5,18,1.6,3.2,88.2,8,0.11,Low,Low
E102340,Female,Product,Yes,51.6,11,88,2.8,4.3,79.3,4,0.16,Low,High
E102341,Male,Service,Yes,46.7,17,54,4.7,2.6,77.0,2,0.35,Medium,Low
E102342,Male,Service,Yes,48.3,8,79,6.6,2.3,86.4,0,0.51,Medium,Low
E102343,Male,Product,Yes,51.9,15,49,2.3,8.6,63.7,1,0.03,Low,Medium
E102344,Female,Service,Yes,48.7,14,58,4.4,3.2,53.7,4,0.3,Low,Low
E102345,Female,Product,Yes,49.6,1,21,3.3,6.1,75.1,1,0.13,Low,Low
E102346,Female,Service,Yes,43.1,4,36,6.8,2.8,65.1,5,0.49,Medium,Low
E102347,Male,Product,Yes,52.5,12,37,9.3,5.4,62.8,11,0.43,Medium,Low
E102348,Female,Service,Yes,48.5,18,79,2.5,3.5,99.9,11,0.16,Low,Medium
E102349,Male,Service,No,45.6,0,34,2.7,1.8,59.9,10,0.22,Low,Low
E102350,Female,Product,Yes,50.5,15,46,6.4,9.8,61.8,2,0.01,Low,Medium
E102351,Female,Product,No,57.9,6,50,5.1,5.1,66.7,6,0.25,Low,Medium
E102352,Female,Service,No,39.2,12,32,7.5,4.5,74.9,9,0.41,Medium,Low
E102353,Female,Service,No,41.0,15,47,3.6,2.8,93.5,9,0.26,Low,Low
E102354,Female,Service,No,58.4,11,83,5.9,5.5,58.8,8,0.27,Low,Medium
E102355,Male,Service,Yes,47.1,6,96,4.5,6.7,80.8,11,0.15,Low,High
E102356,Female,Product,Yes,46.0,13,23,3.5,3.7,68.4,0,0.22,Low,Low
E102357,Male,Product,Yes,44.4,17,56,7.6,5.3,89.8,2,0.36,Medium,Low
E102358,Male,Service,No,51.0,18,85,8.2,3.1,80.1,11,0.57,Medium,Low
E102359,Male,Service,Yes,58.1,12,93,4.0,5.7,89.8,9,0.17,Low,High
E102360,Male,Product,Yes,41.7,1,18,6.6,8.1,92.8,3,0.13,Low,Low
E102361,Male,Service,No,44.5,18,60,2.6,1.5,95.6,5,0.22,Low,Medium
E102362,Male,Product,No,43.2,3,86,8.1,5.7,99.8,2,0.35,Medium,Medium
E102363,Male,Service,No,48.7,13,38,3.5,4.6,80.9,3,0.19,Low,Low
E102364,Female,Product,Yes,51.1,1,86,2.5,1.7,81.9,10,0.21,Low,Medium
E102365,Male,Service,Yes,53.1,17,83,9.5,9.5,57.0,9,0.05,Low,Medium
E102366,Male,Product,Yes,48.8,18,37,4.8,3.3,55.3,4,0.32,Medium,Low
E102367,Female,Service,Yes,57.6,18,69,6.8,6.1,74.4,3,0.27,Low,Medium
E102368,Male,Service,No,42.1,3,29,8.3,4.4,84.7,2,0.46,Medium,Low
E102369,Female,Product,Yes,40.8,18,65,7.2,3.4,62.4,11,0.48,Medium,Low
E102370,Female,Service,Yes,52.3,2,64,6.1,5.7,66.4,6,0.26,Low,Medium
E102371,Female,Service,No,45.6,7,61,4.3,7.2,85.0,7,0.12,Low,Medium
E102372,Female,Service,Yes,38.1,3,97,9.3,8.1,60.6,1,0.18,Low,Medium
E102373,Male,Service,No,43.4,2,39,2.2,6.7,76.1,11,0.07,Low,Medium
E102374,Female,Product,No,46.3,4,53,9.0,5.7,76.9,9,0.39,Medium,Low
E102375,Male,Product,No,41.8,10,82,7.4,8.0,95.8,10,0.15,Low,Medium
E102376,Male,Service,Yes,39.9,18,60,6.1,5.7,70.1,5,0.26,Low,Medium
E102377,Female,Product,Yes,44.0,18,86,3.9,9.8,60.5,8,0.01,Low,High
E102378,Male,Service,No,39.7,16,27,2.3,5.7,58.7,0,0.1,Low,Medium
E102379,Female,Product,No,48.2,1,52,5.0,3.9,64.7,7,0.3,Low,Low
E102380,Female,Service,Yes,35.3,19,50,8.1,5.0,63.9,5,0.4,Medium,Low
E102381,Female,Service,Yes,45.5,8,51,7.7,5.4,87.5,3,0.35,Medium,Low
E102382,Female,Service,Yes,47.6,2,56,6.8,3.6,79.7,5,0.44,Medium,Low
E102383,Male,Service,No,44.5,9,33,9.9,2.4,84.1,9,0.75,High,Low
E102384,Male,Service,Yes,50.5,8,51,9.8,4.9,81.5,8,0.5,Medium,Low
E102385,Female,Service,Yes,38.1,19,79,4.6,9.1,74.1,4,0.04,Low,High
E102386,Male,Product,Yes,41.5,3,99,2.7,3.3,96.4,4,0.18,Low,High
E102387,Female,Service,Yes,43.3,6,53,5.2,4.3,90.9,2,0.3,Low,Low
E102388,Female,Product,No,48.6,11,40,8.6,7.8,60.5,8,0.19,Low,Low
E102389,Female,Service,Yes,46.1,10,56,5.1,1.7,71.2,2,0.42,Medium,Low
E102390,Male,Product,Yes,55.7,14,76,4.0,8.4,64.4,4,0.06,Low,High
E102391,Male,Product,Yes,41.0,19,67,7.7,7.5,87.3,0,0.19,Low,Medium
E102392,Male,Product,Yes,38.0,13,81,6.9,5.9,67.2,9,0.28,Low,Medium
E102393,Male,Product,Yes,53.9,6,64,9.7,2.9,82.0,6,0.69,High,Low
E102394,Female,Product,Yes,37.8,14,83,5.9,1.8,64.6,7,0.48,Medium,Medium
E102395,Male,Service,Yes,48.4,13,43,9.7,3.1,58.6,11,0.67,High,Low
E102396,Male,Product,No,40.1,10,16,3.6,7.9,50.5,7,0.08,Low,Low
E102397,Male,Service,Yes,34.7,9,32,8.8,9.4,99.7,9,0.05,Low,Low
E102398,Female,Service,No,43.1,18,74,4.2,7.6,61.0,11,0.1,Low,High
E102399,Female,Service,Yes,49.5,2,28,8.3,5.7,91.6,0,0.36,Medium,Low
E102400,Male,Product,Yes,38.9,11,54,9.3,9.6,91.1,9,0.04,Low,Medium
E102401,Male,Service,Yes,47.9,12,78,6.6,8.5,61.8,9,0.1,Low,Medium
E102402,Male,Service,Yes,48.8,6,44,7.6,6.9,70.8,11,0.24,Low,Low
E102403,Male,Service,Yes,38.6,11,43,9.6,1.3,91.8,9,0.84,High,Low
E102404,Female,Product,Yes,43.9,1,43,4.4,3.6,84.5,0,0.28,Low,Low
E102405,Female,Service,Yes,52.9,0,33,5.6,3.8,68.5,6,0.35,Medium,Low
E102406,Male,Service,Yes,48.3,5,72,9.1,4.1,97.5,0,0.54,Medium,Low
E102407,Male,Service,Yes,43.7,18,54,7.1,4.5,67.1,4,0.39,Medium,Low
E102408,Other,Product,Yes,47.1,5,23,8.9,9.5,60.6,3,0.04,Low,Low
E102409,Male,Product,Yes,41.6,12,91,6.6,7.7,57.3,2,0.15,Low,High
E102410,Female,Product,No,50.6,3,45,7.7,7.2,85.1,0,0.22,Low,Low
E102411,Male,Product,Yes,50.6,13,92,1.1,4.8,51.5,7,0.06,Low,High
E102412,Male,Service,No,45.6,15,29,4.1,4.0,92.3,2,0.25,Low,Low
E102413,Male,Product,Yes,46.2,1,48,7.9,2.1,65.2,9,0.62,High,Low
E102414,Male,Service,No,40.0,8,76,4.6,5.1,68.5,3,0.23,Low,Medium
E102415,Female,Service,Yes,38.2,12,88,4.3,2.8,90.1,3,0.31,Medium,Medium
E102416,Male,Service,No,43.1,13,71,9.6,4.5,90.7,0,0.53,Medium,Low
E102417,Male,Service,Yes,44.6,13,35,6.0,2.4,70.0,0,0.46,Medium,Low
E102418,Male,Product,Yes,50.3,4,68,2.7,4.1,77.7,3,0.16,Low,Medium
E102419,Male,Service,Yes,49.6,1,51,5.3,1.4,84.0,5,0.46,Medium,Low
E102420,Male,Product,Yes,45.9,4,54,5.7,1.1,84.4,10,0.51,Medium,Low
E102421,Male,Service,No,51.0,5,34,9.9,8.8,76.7,11,0.12,Low,Low
E102422,Female,Service,Yes,40.3,1,85,7.5,6.8,92.2,5,0.24,Low,Medium
E102423,Male,Service,Yes,50.4,0,32,5.7,6.3,92.1,3,0.21,Low,Low
E102424,Male,Product,Yes,41.0,15,58,4.9,5.6,92.4,5,0.22,Low,Medium
E102425,Female,Product,Yes,51.2,8,70,9.2,7.5,63.4,10,0.23,Low,Medium
E102426,Male,Service,Yes,44.9,13,31,6.8,7.6,62.8,1,0.16,Low,Low
E102427,Female,Service,Yes,35.0,8,56,4.2,9.4,57.0,10,0.03,Low,Medium
E102428,Male,Service,Yes,48.7,4,85,5.2,3.2,91.3,3,0.35,Medium,Medium
E102429,Female,Product,Yes,49.0,14,42,3.5,8.1,53.0,3,0.07,Low,Medium
E102430,Female,Product,Yes,42.7,9,35,9.6,9.9,56.8,9,0.01,Low,Low
E102431,Female,Service,Yes,43.1,14,51,7.3,1.3,96.3,4,0.64,High,Low
E102432,Other,Product,Yes,44.2,16,37,4.5,4.4,56.3,0,0.25,Low,Low
E102433,Male,Service,Yes,35.4,2,62,2.6,4.9,56.1,2,0.13,Low,Medium
E102434,Female,Service,Yes,33.2,7,73,2.6,8.4,95.5,2,0.04,Low,High
E102435,Male,Product,No,51.5,3,88,5.3,1.1,65.5,3,0.47,Medium,Medium
E102436,Male,Service,No,40.9,10,66,5.2,6.4,94.1,2,0.19,Low,Medium
E102437,Male,Service,No,54.3,18,31,4.8,9.0,68.9,5,0.05,Low,Medium
E102438,Male,Service,Yes,51.9,13,52,8.7,2.3,68.7,1,0.67,High,Low
E102439,Male,Service,No,52.8,17,15,9.8,2.0,56.8,4,0.78,High,Low
E102440,Female,Product,Yes,41.7,1,89,4.2,10.0,95.9,5,0.0,Low,High
E102441,Male,Product,Yes,37.0,8,47,3.7,8.4,88.1,11,0.06,Low,Medium
E102442,Female,Product,Yes,39.6,9,58,7.9,7.3,61.3,8,0.21,Low,Medium
E102443,Female,Service,No,42.8,12,34,5.0,4.6,86.4,9,0.27,Low,Low
E102444,Male,Service,No,33.1,18,61,3.0,8.7,55.2,0,0.04,Low,High
E102445,Male,Service,Yes,42.6,3,83,2.6,9.3,76.2,2,0.02,Low,High
E102446,Male,Service,Yes,44.0,15,56,3.5,7.6,62.7,10,0.08,Low,Medium
E102447,Male,Product,Yes,38.5,11,40,1.0,4.6,92.5,6,0.05,Low,Medium
E102448,Male,Product,No,39.8,15,63,9.5,6.3,75.6,7,0.35,Medium,Low
E102449,Male,Service,No,43.9,16,85,4.9,1.9,96.1,4,0.4,Medium,Medium
E102450,Male,Product,Yes,46.8,15,32,1.7,2.4,79.3,8,0.13,Low,Low
E102451,Female,Product,Yes,40.5,6,23,2.5,8.0,75.2,9,0.05,Low,Medium
E102452,Female,Service,Yes,46.5,1,80,3.9,1.3,84.7,7,0.34,Medium,Medium
E102453,Male,Product,No,45.7,8,74,6.0,1.4,89.2,0,0.52,Medium,Low
E102454,Female,Service,No,45.2,11,51,7.3,5.6,50.8,0,0.32,Medium,Low
E102455,Male,Service,Yes,41.7,12,61,3.8,2.5,76.1,7,0.29,Low,Medium
E102456,Male,Service,Yes,38.3,13,43,9.6,3.6,88.8,8,0.61,High,Low
E102457,Female,Service,No,53.5,11,77,7.8,4.6,70.4,8,0.42,Medium,Medium
E102458,Male,Service,Yes,48.2,2,29,8.4,5.7,52.3,10,0.36,Medium,Low
E102459,Male,Service,No,50.0,15,23,3.9,3.6,50.9,5,0.25,Low,Low
E102460,Other,Service,Yes,44.6,17,94,4.4,5.4,89.7,6,0.2,Low,High
E102461,Female,Product,No,44.2,2,80,5.8,4.3,59.9,4,0.33,Medium,Medium
E102462,Female,Product,No,47.5,8,15,5.1,1.7,58.7,9,0.42,Medium,Low
E102463,Female,Product,Yes,35.8,14,23,3.3,8.8,64.5,3,0.04,Low,Medium
E102464,Female,Service,No,39.4,7,71,10.0,3.5,55.1,7,0.65,High,Low
E102465,Male,Service,Yes,41.0,9,70,8.6,6.5,52.7,2,0.3,Low,Medium
E102466,Male,Service,No,42.7,2,34,3.1,6.1,93.6,10,0.12,Low,Medium
E102467,Male,Service,No,40.6,4,16,9.0,2.8,65.1,6,0.65,High,Low
E102468,Male,Service,Yes,46.7,5,15,6.3,1.3,79.1,5,0.55,Medium,Low
E102469,Male,Product,Yes,45.4,13,88,1.1,8.7,92.9,9,0.01,Low,High
E102470,Male,Product,Yes,52.0,18,68,4.1,5.5,98.9,7,0.18,Low,Medium
E102471,Female,Product,No,57.4,17,33,1.2,4.7,84.4,5,0.06,Low,Medium
E102472,Female,Service,No,38.7,6,32,1.8,7.9,97.5,1,0.04,Low,Medium
E102473,Female,Service,Yes,45.7,3,38,2.6,1.3,71.2,4,0.23,Low,Low
E102474,Male,Product,No,45.7,2,66,5.4,7.9,89.5,3,0.11,Low,Medium
E102475,Female,Service,Yes,44.9,12,34,4.4,4.7,96.9,2,0.23,Low,Low
E102476,Male,Service,Yes,39.6,3,25,2.3,6.0,52.7,5,0.09,Low,Medium
E102477,Female,Service,Yes,40.4,8,87,4.6,7.8,65.9,4,0.1,Low,High
E102478,Male,Service,Yes,46.2,5,93,3.7,5.9,87.0,2,0.15,Low,High
E102479,Female,Service,Yes,40.3,10,74,4.7,1.6,65.8,5,0.39,Medium,Medium
E102480,Male,Product,Yes,45.8,8,30,2.6,7.6,50.9,3,0.06,Low,Medium
E102481,Female,Product,Yes,43.8,8,27,6.5,8.1,90.4,6,0.12,Low,Low
E102482,Female,Service,No,45.7,18,67,1.4,5.2,58.2,0,0.07,Low,Medium
E102483,Male,Service,Yes,40.2,0,20,4.5,5.0,66.0,2,0.22,Low,Low
E102484,Male,Product,Yes,45.8,3,39,9.1,3.3,95.5,4,0.61,High,Low
E102485,Other,Service,Yes,40.6,0,77,4.8,6.8,60.4,1,0.15,Low,Medium
E102486,Male,Service,No,45.8,12,61,5.0,8.9,94.7,8,0.05,Low,Medium
E102487,Female,Service,No,51.7,15,29,1.6,6.9,71.1,9,0.05,Low,Medium
E102488,Female,Service,No,46.3,11,68,6.4,7.9,95.9,0,0.13,Low,Medium
E102489,Male,Product,No,46.6,0,96,9.4,8.5,93.8,3,0.14,Low,Medium
E102490,Male,Product,Yes,49.1,14,57,3.6,3.0,70.8,3,0.25,Low,Medium
E102491,Male,Service,Yes,38.0,4,28,4.5,4.6,96.1,1,0.24,Low,Low
E102492,Female,Service,No,53.6,0,48,6.3,4.9,81.6,9,0.32,Medium,Low
E102493,Male,Service,No,39.7,16,16,1.8,6.0,73.8,0,0.07,Low,Low
E102494,Male,Service,Yes,49.4,7,34,9.6,1.4,76.5,0,0.83,High,Low
E102495,Male,Product,No,48.7,7,30,5.2,6.3,53.2,9,0.19,Low,Low
E102496,Female,Product,No,40.5,14,81,2.0,1.8,90.4,9,0.16,Low,Medium
E102497,Female,Service,No,50.0,11,44,4.0,8.3,64.6,4,0.07,Low,Medium
E102498,Other,Product,No,47.5,15,65,4.4,9.7,63.5,10,0.01,Low,High
E102499,Male,Product,Yes,54.4,17,17,4.1,3.6,85.8,9,0.26,Low,Low
E102500,Female,Product,Yes,46.0,2,91,7.2,5.6,68.5,0,0.32,Medium,Medium
E102501,Female,Service,Yes,44.5,3,65,4.1,8.4,75.7,3,0.07,Low,Medium
E102502,Female,Service,Yes,42.4,14,60,3.9,3.8,71.1,3,0.24,Low,Medium
E102503,Female,Product,No,36.3,13,54,3.9,2.4,75.2,3,0.3,Low,Low
E102504,Male,Service,Yes,43.4,0,43,8.0,7.7,61.1,4,0.18,Low,Low
E102505,Male,Product,Yes,43.6,19,37,3.8,7.3,94.2,1,0.1,Low,Medium
E102506,Female,Product,Yes,46.3,16,31,1.1,6.1,80.5,2,0.04,Low,Medium
E102507,Male,Product,No,37.9,16,99,4.3,9.5,61.7,6,0.02,Low,High
E102508,Female,Service,Yes,43.8,17,83,3.5,9.6,54.6,11,0.01,Low,High
E102509,Female,Product,Yes,47.9,0,99,9.2,8.8,76.8,9,0.11,Low,Medium
E102510,Male,Service,Yes,48.4,1,80,5.3,3.6,73.4,11,0.34,Medium,Medium
E102511,Female,Product,Yes,35.7,15,37,3.1,3.0,96.6,11,0.22,Low,Low
E102512,Male,Service,No,48.5,13,89,9.8,8.5,61.5,11,0.15,Low,Medium
E102513,Male,Service,No,43.8,19,93,3.2,6.9,94.1,8,0.1,Low,High
E102514,Female,Product,Yes,44.1,19,37,7.9,4.6,88.3,4,0.43,Medium,Low
E102515,Female,Service,No,33.2,17,21,6.8,4.7,73.8,4,0.36,Medium,Low
E102516,Male,Service,Yes,52.5,8,57,5.2,8.7,93.7,8,0.07,Low,Medium
E102517,Male,Product,No,45.9,13,76,4.7,2.5,93.1,7,0.35,Medium,Medium
E102518,Female,Service,Yes,37.3,12,48,8.9,9.5,85.7,11,0.04,Low,Medium
E102519,Female,Product,No,46.9,13,65,5.3,6.7,55.1,7,0.17,Low,Medium
E102520,Female,Service,Yes,46.7,18,58,4.4,8.1,58.0,4,0.08,Low,Medium
E102521,Male,Product,Yes,51.1,16,84,4.2,4.3,79.6,11,0.24,Low,Medium
E102522,Male,Product,Yes,43.5,7,94,3.5,6.3,62.3,3,0.13,Low,High
E102523,Male,Service,Yes,45.1,3,69,4.7,7.7,77.6,2,0.11,Low,Medium
E102524,Female,Service,No,41.8,8,80,2.1,4.9,78.0,9,0.11,Low,High
E102525,Male,Service,Yes,48.0,10,72,1.6,5.4,79.4,9,0.07,Low,High
E102526,Male,Service,Yes,41.1,6,57,5.9,6.2,78.5,3,0.22,Low,Medium
E102527,Female,Service,No,40.5,14,75,5.1,1.6,69.0,2,0.43,Medium,Low
E102528,Male,Product,Yes,44.7,17,52,2.6,8.8,60.5,5,0.03,Low,Medium
E102529,Other,Service,No,38.9,19,42,2.0,8.8,75.9,2,0.02,Low,Medium
E102530,Female,Service,Yes,53.0,4,71,2.3,3.5,74.8,2,0.15,Low,Medium
E102531,Female,Product,Yes,54.6,15,55,3.8,8.9,63.8,0,0.04,Low,Medium
E102532,Male,Service,No,42.7,11,87,5.1,7.7,52.6,8,0.12,Low,High
E102533,Male,Service,Yes,38.1,16,64,2.7,5.3,60.3,4,0.13,Low,Medium
E102534,Female,Service,Yes,46.7,14,75,7.8,4.1,77.5,10,0.46,Medium,Low
E102535,Female,Service,No,42.6,18,83,2.7,4.6,76.8,9,0.15,Low,Medium
E102536,Female,Product,Yes,50.9,6,77,2.1,5.8,56.7,0,0.09,Low,High
E102537,Male,Product,No,41.1,11,95,10.0,4.7,80.3,11,0.53,Medium,Medium
E102538,Female,Service,No,47.7,16,40,5.0,4.8,71.1,3,0.26,Low,Low
E102539,Female,Service,Yes,45.6,6,40,2.5,2.8,82.7,2,0.18,Low,Low
E102540,Female,Service,No,41.6,10,87,9.1,7.4,94.4,6,0.24,Low,Medium
E102541,Female,Service,Yes,46.2,0,37,3.1,6.5,65.4,5,0.11,Low,Medium
E102542,Female,Product,Yes,49.4,16,66,9.3,9.9,67.4,7,0.01,Low,Medium
E102543,Female,Service,No,45.4,6,87,2.1,2.3,83.8,7,0.16,Low,Medium
E102544,Male,Service,No,45.5,1,88,8.6,2.0,97.5,7,0.69,High,Low
E102545,Male,Service,No,40.6,10,84,2.7,5.6,74.3,4,0.12,Low,High
E102546,Male,Product,No,50.7,15,18,9.4,2.4,58.5,2,0.71,High,Low
E102547,Male,Product,Yes,50.2,14,15,6.2,6.5,96.8,11,0.22,Low,Low
E102548,Male,Product,Yes,42.9,7,20,2.7,2.8,73.5,3,0.19,Low,Low
E102549,Male,Product,Yes,44.4,14,70,8.6,5.3,73.0,6,0.4,Medium,Low
E102550,Male,Service,Yes,52.1,6,43,4.5,6.5,77.0,7,0.16,Low,Medium
E102551,Male,Service,Yes,39.3,4,17,7.6,5.1,62.6,8,0.37,Medium,Low
E102552,Female,Service,No,48.0,7,56,6.8,3.9,89.2,4,0.41,Medium,Low
E102553,Female,Product,Yes,42.2,1,23,7.4,8.0,82.1,9,0.15,Low,Low
E102554,Male,Product,No,53.9,5,95,4.1,8.7,97.7,3,0.05,Low,High
E102555,Female,Service,No,45.3,3,73,9.4,3.5,60.2,6,0.61,High,Low
E102556,Male,Product,Yes,51.3,6,52,6.0,8.3,81.0,9,0.1,Low,Medium
E102557,Male,Product,Yes,41.2,5,56,1.7,4.5,75.8,3,0.09,Low,Medium
E102558,Male,Product,Yes,38.8,4,64,1.6,5.4,94.7,11,0.07,Low,Medium
E102559,Male,Service,Yes,43.8,4,28,7.6,3.1,51.5,2,0.52,Medium,Low
E102560,Female,Product,No,46.3,17,59,8.6,6.6,88.0,3,0.29,Low,Low
E102561,Female,Service,Yes,42.4,10,47,7.3,1.9,81.2,7,0.59,Medium,Low
E102562,Male,Product,No,48.8,7,34,3.5,6.3,80.4,7,0.13,Low,Medium
E102563,Male,Product,No,44.0,19,48,3.0,9.9,93.8,5,0.0,Low,High
E102564,Male,Service,Yes,34.6,10,81,6.1,7.8,79.5,11,0.13,Low,Medium
E102565,Male,Product,No,47.8,18,98,2.8,9.1,85.8,7,0.03,Low,High
E102566,Male,Product,Yes,40.6,18,81,4.4,5.2,82.3,11,0.21,Low,Medium
E102567,Male,Service,Yes,43.2,1,84,6.7,2.3,53.5,3,0.52,Medium,Medium
E102568,Female,Service,Yes,52.8,9,53,3.6,3.6,55.6,2,0.23,Low,Medium
E102569,Female,Service,Yes,53.9,6,57,4.4,1.4,66.9,6,0.38,Medium,Low
E102570,Male,Product,Yes,42.1,11,53,4.2,5.5,83.8,10,0.19,Low,Medium
E102571,Female,Product,No,47.9,1,99,5.1,6.8,51.3,5,0.16,Low,High
E102572,Male,Service,Yes,42.2,6,58,7.1,4.8,88.6,5,0.37,Medium,Low
E102573,Male,Service,Yes,43.6,18,15,8.0,6.1,60.2,1,0.31,Medium,Low
E102574,Male,Service,Yes,42.0,0,64,7.0,3.9,78.0,1,0.43,Medium,Low
E102575,Female,Service,Yes,36.4,10,88,1.2,1.8,60.1,9,0.1,Low,Medium
E102576,Female,Service,Yes,45.5,7,76,9.1,4.9,58.8,4,0.46,Medium,Low
E102577,Female,Service,Yes,46.4,7,17,6.2,5.9,66.7,2,0.25,Low,Low
E102578,Male,Service,Yes,41.6,13,92,9.3,9.8,96.1,2,0.02,Low,Medium
E102579,Female,Service,Yes,50.4,12,22,9.7,4.1,61.9,8,0.57,Medium,Low
E102580,Male,Product,Yes,42.8,9,62,5.2,7.1,52.4,8,0.15,Low,Medium
E102581,Female,Product,No,41.8,16,55,9.2,8.4,94.1,0,0.15,Low,Low
E102582,Male,Product,Yes,47.6,5,50,4.3,4.0,71.9,5,0.26,Low,Low
E102583,Male,Product,No,37.3,19,71,3.3,9.4,81.1,1,0.02,Low,High
E102584,Female,Service,Yes,49.5,13,99,1.7,4.0,94.3,11,0.1,Low,High
E102585,Female,Service,Yes,43.0,7,92,5.1,9.7,87.8,4,0.02,Low,High
E102586,Male,Service,Yes,49.9,6,57,7.2,1.0,89.8,10,0.65,High,Low
E102587,Female,Product,Yes,51.4,4,42,9.8,6.7,74.0,1,0.32,Medium,Low
E102588,Male,Product,Yes,48.2,5,99,5.7,8.1,84.4,10,0.11,Low,High
E102589,Female,Product,No,40.9,7,73,7.6,3.5,98.2,5,0.49,Medium,Low
E102590,Female,Product,Yes,38.7,2,43,9.1,2.1,94.5,10,0.72,High,Low
E102591,Female,Product,No,37.8,8,52,5.9,1.2,80.6,8,0.52,Medium,Low
E102592,Female,Service,Yes,50.5,9,48,2.5,1.7,54.3,6,0.21,Low,Low
E102593,Male,Service,Yes,44.3,0,79,8.6,5.9,99.0,0,0.35,Medium,Medium
E102594,Male,Service,Yes,42.0,6,34,6.2,8.6,61.3,5,0.09,Low,Medium
E102595,Female,Service,Yes,44.3,19,40,7.8,1.6,68.0,1,0.66,High,Low
E102596,Male,Product,No,50.4,5,41,6.9,2.0,57.0,11,0.55,Medium,Low
E102597,Male,Service,No,48.9,12,37,1.5,1.0,58.3,10,0.14,Low,Low
E102598,Male,Service,No,47.2,6,85,2.5,3.5,89.8,1,0.16,Low,Medium
E102599,Male,Service,Yes,48.2,7,36,3.6,9.3,56.4,11,0.03,Low,Medium
E102600,Female,Service,Yes,45.9,4,61,3.6,3.5,59.5,2,0.23,Low,Medium
E102601,Male,Service,No,46.5,11,82,8.6,5.0,58.6,7,0.43,Medium,Medium
E102602,Female,Service,Yes,46.1,5,81,6.4,2.6,68.5,6,0.47,Medium,Medium
E102603,Male,Service,No,45.0,14,80,1.8,2.0,84.7,3,0.14,Low,Medium
E102604,Male,Product,Yes,48.8,3,83,4.5,2.6,82.2,2,0.33,Medium,Medium
E102605,Male,Service,No,46.8,16,96,6.0,2.9,86.2,0,0.43,Medium,Medium
E102606,Male,Product,No,40.6,13,29,3.3,2.2,86.3,9,0.26,Low,Low
E102607,Male,Product,No,47.6,6,58,1.4,8.1,50.2,3,0.03,Low,High
E102608,Female,Product,Yes,46.2,12,65,4.4,5.3,84.2,7,0.21,Low,Medium
E102609,Male,Product,Yes,48.1,9,79,5.2,5.9,84.2,0,0.21,Low,Medium
E102610,Female,Service,Yes,44.5,17,39,9.1,4.4,53.1,1,0.51,Medium,Low
E102611,Male,Service,No,49.1,1,75,9.2,2.9,71.4,9,0.65,High,Low
E102612,Male,Service,No,44.7,11,31,5.5,1.8,53.9,1,0.45,Medium,Low
E102613,Female,Service,Yes,48.6,12,66,5.2,1.7,59.5,8,0.43,Medium,Low
E102614,Male,Product,Yes,42.7,6,72,6.8,2.7,74.5,0,0.5,Medium,Low
E102615,Male,Product,Yes,43.1,17,95,3.3,8.7,50.6,5,0.04,Low,High
E102616,Male,Service,No,48.0,10,71,3.6,2.9,54.7,11,0.26,Low,Medium
E102617,Male,Service,Yes,43.3,9,52,1.0,4.2,54.2,3,0.06,Low,Medium
E102618,Female,Service,Yes,56.0,5,83,1.7,6.2,56.2,8,0.06,Low,High
E102619,Male,Product,Yes,47.8,13,51,2.6,5.6,52.5,5,0.11,Low,Medium
E102620,Female,Product,Yes,45.1,19,89,6.8,7.0,80.6,8,0.2,Low,Medium
E102621,Female,Product,No,49.1,4,90,2.9,2.7,58.9,1,0.21,Low,Medium
E102622,Male,Product,Yes,42.6,19,48,2.1,5.7,93.1,1,0.09,Low,Medium
E102623,Female,Service,Yes,49.6,5,49,6.5,7.9,94.2,5,0.14,Low,Medium
E102624,Male,Service,Yes,49.5,8,74,6.9,4.5,84.6,9,0.38,Medium,Medium
E102625,Female,Service,Yes,51.3,4,53,1.5,9.7,53.2,1,0.0,Low,High
E102626,Male,Service,Yes,42.8,4,60,8.0,6.2,94.6,3,0.3,Low,Low
E102627,Female,Product,Yes,38.9,18,30,6.5,7.1,70.9,3,0.19,Low,Low
E102628,Male,Service,Yes,41.9,12,45,4.6,5.1,59.1,4,0.23,Low,Low
E102629,Male,Product,Yes,43.6,4,28,9.8,8.7,88.9,11,0.13,Low,Low
E102630,Female,Service,No,53.3,13,61,1.1,5.1,67.3,11,0.05,Low,Medium
E102631,Female,Service,No,56.0,1,46,5.9,9.5,75.3,6,0.03,Low,Medium
E102632,Male,Service,No,46.7,4,91,2.4,3.8,87.2,9,0.15,Low,High
E102633,Male,Service,No,45.0,11,31,4.0,8.8,55.1,10,0.05,Low,Medium
E102634,Female,Product,Yes,43.3,19,70,2.2,6.8,58.5,0,0.07,Low,High
E102635,Female,Service,Yes,49.1,6,50,7.0,8.2,98.4,4,0.13,Low,Medium
E102636,Female,Product,No,55.9,2,56,4.6,1.3,85.7,6,0.4,Medium,Low
E102637,Female,Product,Yes,53.9,8,96,9.9,3.5,61.6,2,0.64,High,Low
E102638,Female,Service,Yes,50.7,14,33,6.9,8.6,78.7,11,0.1,Low,Low
E102639,Female,Product,Yes,50.6,14,21,9.3,3.9,59.4,9,0.57,Medium,Low
E102640,Male,Service,Yes,49.2,7,69,3.2,7.4,93.3,11,0.08,Low,High
E102641,Male,Product,Yes,44.8,15,44,3.9,9.9,72.4,2,0.0,Low,Medium
E102642,Female,Product,Yes,41.3,1,90,4.3,2.6,90.3,7,0.32,Medium,Medium
E102643,Female,Product,Yes,44.9,19,89,8.5,4.8,98.6,3,0.44,Medium,Medium
E102644,Male,Service,No,47.1,0,43,2.9,2.5,99.0,1,0.22,Low,Low
E102645,Male,Service,Yes,37.7,3,81,9.5,2.4,56.9,5,0.72,High,Low
E102646,Female,Service,No,44.2,3,48,1.4,6.7,97.2,4,0.05,Low,Medium
E102647,Male,Service,Yes,40.9,5,48,9.0,2.7,63.5,6,0.66,High,Low
E102648,Male,Product,Yes,50.1,2,16,5.1,5.3,68.0,11,0.24,Low,Low
E102649,Male,Product,Yes,42.3,7,41,5.7,9.8,53.1,1,0.01,Low,Medium
E102650,Male,Service,Yes,46.6,1,61,10.0,4.0,82.3,4,0.6,Medium,Low
E102651,Male,Service,Yes,41.5,16,71,8.8,8.9,82.2,4,0.1,Low,Medium
E102652,Male,Service,Yes,53.0,11,31,9.1,4.6,88.9,11,0.49,Medium,Low
E102653,Male,Service,No,36.5,11,40,6.3,3.4,97.3,2,0.42,Medium,Low
E102654,Female,Service,No,47.4,14,24,9.6,4.0,71.4,7,0.58,Medium,Low
E102655,Male,Service,Yes,38.6,17,53,7.2,2.1,70.4,6,0.57,Medium,Low
E102656,Female,Product,Yes,42.5,8,23,8.4,7.1,82.0,8,0.24,Low,Low
E102657,Female,Service,Yes,46.0,4,39,7.5,5.6,83.4,9,0.33,Medium,Low
E102658,Male,Service,Yes,46.3,2,34,8.0,6.5,72.3,5,0.28,Low,Low
E102659,Female,Product,Yes,46.1,16,29,6.7,3.7,96.0,4,0.42,Medium,Low
E102660,Male,Service,No,45.8,11,25,7.5,6.9,52.6,4,0.23,Low,Low
E102661,Female,Product,Yes,41.8,13,30,4.9,2.5,87.8,10,0.37,Medium,Low
E102662,Male,Product,No,44.2,7,36,7.4,6.9,60.4,5,0.23,Low,Low
E102663,Female,Product,Yes,45.2,8,76,3.5,1.7,74.8,0,0.29,Low,Medium
E102664,Female,Service,No,46.0,1,38,6.7,4.6,92.6,11,0.36,Medium,Low
E102665,Male,Service,Yes,44.7,1,50,5.7,6.5,66.5,6,0.2,Low,Medium
E102666,Male,Product,No,48.6,15,32,9.1,8.7,95.0,1,0.12,Low,Low
E102667,Female,Product,No,45.5,19,34,7.1,8.3,72.5,2,0.12,Low,Low
E102668,Female,Service,Yes,46.0,10,22,6.4,5.7,85.1,4,0.28,Low,Low
E102669,Male,Service,Yes,43.1,19,29,3.8,9.0,86.1,7,0.04,Low,Medium
E102670,Female,Service,No,39.7,9,91,8.8,5.6,63.0,8,0.39,Medium,Medium
E102671,Male,Service,No,45.8,7,92,1.5,5.7,95.0,8,0.06,Low,High
E102672,Female,Service,Yes,51.0,6,61,9.1,7.5,56.2,0,0.23,Low,Low
E102673,Male,Service,Yes,47.2,0,38,6.9,8.9,79.5,11,0.08,Low,Medium
E102674,Female,Service,Yes,40.9,9,61,2.7,6.4,96.5,1,0.1,Low,Medium
E102675,Male,Product,Yes,49.1,18,32,9.1,9.5,51.5,4,0.05,Low,Low
E102676,Male,Service,Yes,43.3,4,46,3.9,3.1,76.6,10,0.27,Low,Low
E102677,Male,Product,Yes,48.6,7,98,2.5,9.3,62.3,2,0.02,Low,High
E102678,Male,Product,Yes,43.2,8,56,3.9,3.0,59.6,5,0.27,Low,Low
E102679,Male,Service,No,46.8,12,51,9.6,5.7,61.7,2,0.41,Medium,Low
E102680,Male,Product,No,42.4,13,47,7.8,8.2,95.1,2,0.14,Low,Medium
E102681,Female,Product,Yes,42.5,5,15,9.3,8.2,71.3,9,0.17,Low,Low
E102682,Male,Service,No,37.2,10,41,3.7,3.5,61.8,4,0.24,Low,Low
E102683,Male,Service,Yes,47.6,8,31,1.7,9.9,96.4,10,0.0,Low,Medium
E102684,Male,Service,Yes,46.9,12,60,6.1,1.7,66.1,9,0.51,Medium,Low
E102685,Male,Product,No,47.1,3,93,5.3,1.3,86.2,11,0.46,Medium,Medium
E102686,Male,Product,Yes,46.4,1,92,7.5,8.6,76.9,6,0.11,Low,High
E102687,Male,Service,Yes,41.2,1,48,5.9,8.4,84.0,6,0.09,Low,Medium
E102688,Male,Product,Yes,49.8,12,17,4.6,7.4,59.1,7,0.12,Low,Low
E102689,Male,Service,Yes,50.0,18,70,1.0,8.7,83.9,1,0.01,Low,High
E102690,Male,Service,No,41.1,0,26,5.2,2.2,95.3,11,0.41,Medium,Low
E102691,Female,Product,No,47.7,5,40,2.1,1.9,55.0,4,0.17,Low,Low
E102692,Male,Service,No,49.4,7,38,9.3,9.7,66.3,11,0.03,Low,Low
E102693,Male,Product,No,42.6,16,74,9.3,6.6,98.6,11,0.32,Medium,Medium
E102694,Female,Product,No,43.5,2,72,8.2,9.3,61.3,1,0.06,Low,Medium
E102695,Male,Product,No,47.7,5,77,2.4,9.2,53.0,5,0.02,Low,High
E102696,Female,Service,Yes,37.4,18,22,2.3,6.9,52.8,4,0.07,Low,Medium
E102697,Male,Product,No,39.6,6,90,6.1,6.7,63.8,9,0.2,Low,Medium
E102698,Female,Product,Yes,40.1,14,87,7.5,4.2,74.7,0,0.43,Medium,Medium
E102699,Female,Service,No,36.0,5,40,9.1,2.3,63.4,11,0.7,High,Low
E102700,Male,Service,Yes,50.4,17,72,9.0,7.2,64.0,7,0.25,Low,Medium
E102701,Female,Service,No,35.1,9,52,2.4,8.4,91.6,6,0.04,Low,Medium
E102702,Male,Product,No,46.7,3,63,10.0,5.9,88.3,9,0.41,Medium,Low
E102703,Male,Product,No,49.1,4,57,2.4,1.5,65.5,9,0.2,Low,Medium
E102704,Female,Service,No,43.5,17,73,8.6,2.3,67.2,0,0.66,High,Low
E102705,Female,Product,Yes,41.7,9,97,6.3,1.9,98.5,11,0.51,Medium,Medium
E102706,Male,Service,Yes,46.2,9,35,7.1,6.9,97.5,0,0.22,Low,Low
E102707,Male,Product,Yes,45.0,9,27,6.4,6.1,98.7,0,0.25,Low,Low
E102708,Male,Service,Yes,50.0,6,17,8.8,5.2,97.0,3,0.42,Medium,Low
E102709,Male,Service,Yes,31.9,19,46,6.7,5.9,81.4,6,0.27,Low,Low
E102710,Female,Service,Yes,40.4,13,35,8.6,3.5,65.4,7,0.56,Medium,Low
E102711,Male,Service,Yes,47.8,7,28,2.4,8.2,98.5,8,0.04,Low,Medium
E102712,Male,Product,No,45.3,8,22,8.8,4.0,87.1,7,0.53,Medium,Low
E102713,Male,Service,No,48.8,4,21,9.9,6.8,85.6,3,0.32,Medium,Low
E102714,Male,Service,Yes,46.3,7,97,7.0,4.5,89.9,11,0.38,Medium,Medium
E102715,Male,Service,Yes,44.3,19,73,9.8,1.6,79.9,2,0.82,High,Low
E102716,Female,Service,Yes,43.5,4,16,3.0,3.3,79.2,6,0.2,Low,Low
E102717,Female,Product,Yes,56.6,19,83,8.5,9.7,68.1,5,0.03,Low,Medium
E102718,Female,Product,Yes,52.7,17,58,2.5,2.7,57.5,9,0.18,Low,Medium
E102719,Male,Service,Yes,47.5,3,80,5.6,1.9,71.9,9,0.45,Medium,Medium
E102720,Female,Service,Yes,45.4,10,32,7.0,3.6,75.9,0,0.45,Medium,Low
E102721,Female,Service,Yes,47.7,19,93,6.9,8.9,93.9,4,0.08,Low,High
E102722,Female,Product,Yes,49.1,10,30,7.0,3.8,70.1,5,0.43,Medium,Low
E102723,Male,Product,Yes,47.1,13,26,3.9,4.8,94.2,11,0.2,Low,Low
E102724,Male,Product,No,41.2,12,74,9.8,3.8,65.9,3,0.61,High,Low
E102725,Male,Product,No,53.9,3,68,1.1,9.9,97.2,9,0.0,Low,High
E102726,Male,Product,Yes,46.2,15,54,6.6,10.0,51.9,10,0.0,Low,Medium
E102727,Male,Product,Yes,55.1,5,57,8.8,5.3,76.3,0,0.41,Medium,Low
E102728,Male,Service,Yes,45.9,12,36,9.0,8.1,66.1,3,0.17,Low,Low
E102729,Male,Service,Yes,43.8,19,18,7.5,3.0,64.7,11,0.52,Medium,Low
E102730,Female,Service,Yes,51.9,4,90,6.2,4.4,54.0,10,0.35,Medium,Medium
E102731,Male,Service,Yes,46.5,18,35,5.1,7.1,84.1,3,0.15,Low,Medium
E102732,Male,Product,Yes,45.7,9,37,5.0,3.6,69.6,1,0.32,Medium,Low
E102733,Female,Service,Yes,39.0,4,56,4.8,3.0,97.5,9,0.34,Medium,Low
E102734,Female,Service,No,48.3,13,55,7.3,9.3,85.6,7,0.05,Low,Medium
E102735,Female,Service,Yes,42.5,3,30,7.6,3.2,72.1,8,0.52,Medium,Low
E102736,Other,Service,Yes,42.8,5,50,5.6,1.5,81.4,4,0.48,Medium,Low
E102737,Male,Service,Yes,42.5,4,31,7.7,7.8,53.3,3,0.17,Low,Low
E102738,Female,Product,Yes,47.2,1,68,5.8,3.2,79.5,3,0.39,Medium,Low
E102739,Male,Product,No,37.3,5,96,1.9,5.1,83.3,4,0.09,Low,High
E102740,Male,Product,Yes,43.9,1,21,8.7,2.0,55.3,7,0.7,High,Low
E102741,Male,Service,Yes,49.9,11,55,8.8,1.6,84.1,1,0.74,High,Low
E102742,Male,Service,Yes,38.8,3,76,3.4,5.1,73.7,3,0.17,Low,Medium
E102743,Male,Service,Yes,45.9,12,98,8.1,4.0,74.0,3,0.49,Medium,Medium
E102744,Female,Product,Yes,41.8,16,71,5.6,5.6,86.2,0,0.25,Low,Medium
E102745,Female,Service,Yes,43.0,5,47,2.1,9.7,72.5,4,0.01,Low,High
E102746,Female,Service,No,53.3,2,40,4.6,4.7,61.7,11,0.24,Low,Low
E102747,Male,Product,Yes,36.7,12,38,1.7,6.4,64.9,4,0.06,Low,Medium
E102748,Female,Service,Yes,48.8,2,45,8.1,1.9,86.9,7,0.66,High,Low
E102749,Female,Service,Yes,42.6,19,41,2.8,9.0,53.5,4,0.03,Low,Medium
E102750,Male,Service,No,42.4,8,63,2.5,8.3,92.0,8,0.04,Low,High
E102751,Female,Service,No,39.4,3,87,2.9,5.7,79.1,1,0.12,Low,High
E102752,Male,Service,No,48.8,1,80,3.0,2.7,86.3,8,0.22,Low,Medium
E102753,Male,Service,No,44.0,4,84,7.1,4.8,67.2,5,0.37,Medium,Medium
E102754,Female,Product,No,43.4,7,45,6.7,3.7,61.1,6,0.42,Medium,Low
E102755,Male,Product,Yes,45.5,1,39,2.2,10.0,90.2,3,0.0,Low,Medium
E102756,Male,Service,No,44.1,4,30,7.5,5.4,55.1,10,0.34,Medium,Low
E102757,Female,Product,No,35.0,5,20,4.1,4.8,58.3,10,0.21,Low,Low
E102758,Female,Service,Yes,42.5,6,83,5.1,2.5,64.2,6,0.38,Medium,Medium
E102759,Male,Service,Yes,49.5,12,31,2.1,3.2,67.6,11,0.14,Low,Low
E102760,Male,Service,No,37.5,8,23,7.4,7.4,60.2,5,0.19,Low,Low
E102761,Male,Product,No,39.6,6,76,4.4,5.8,95.6,3,0.18,Low,Medium
E102762,Female,Service,No,42.9,3,27,6.7,4.2,51.4,3,0.39,Medium,Low
E102763,Male,Product,No,41.4,4,21,4.8,3.7,90.2,9,0.3,Low,Low
E102764,Male,Product,No,44.9,2,32,1.4,2.8,70.6,9,0.1,Low,Low
E102765,Female,Service,Yes,39.5,16,59,7.3,1.3,91.8,0,0.64,High,Low
E102766,Male,Product,Yes,43.1,18,38,6.0,9.8,89.8,11,0.01,Low,Medium
E102767,Male,Product,Yes,44.8,12,69,4.9,7.8,56.1,4,0.11,Low,Medium
E102768,Male,Service,Yes,48.2,0,46,2.8,9.4,83.3,3,0.02,Low,Medium
E102769,Female,Service,Yes,51.2,4,21,6.6,4.7,68.9,3,0.35,Medium,Low
E102770,Male,Product,Yes,43.7,8,34,3.5,8.8,91.1,4,0.04,Low,Medium
E102771,Male,Product,Yes,54.4,3,33,4.9,3.3,92.6,8,0.33,Medium,Low
E102772,Female,Service,No,44.1,9,76,1.5,5.6,59.5,11,0.07,Low,High
E102773,Male,Service,Yes,49.1,13,28,8.0,2.8,73.9,7,0.58,Medium,Low
E102774,Male,Service,No,54.7,9,46,1.8,7.9,79.7,6,0.04,Low,Medium
E102775,Male,Service,No,45.7,0,23,9.0,5.5,77.2,10,0.4,Medium,Low
E102776,Male,Service,Yes,38.1,18,63,8.8,5.8,62.6,2,0.37,Medium,Low
E102777,Male,Product,Yes,45.5,16,98,9.7,8.7,63.6,4,0.13,Low,Medium
E102778,Male,Product,No,41.9,19,30,9.2,7.7,92.9,11,0.21,Low,Low
E102779,Male,Service,No,43.6,14,38,9.7,9.7,51.6,6,0.03,Low,Low
E102780,Male,Product,Yes,54.9,5,44,9.0,4.6,63.1,1,0.49,Medium,Low
E102781,Female,Product,Yes,38.9,6,22,2.0,5.2,61.2,1,0.1,Low,Low
E102782,Other,Service,Yes,46.5,0,93,4.9,6.5,68.5,11,0.17,Low,High
E102783,Female,Service,Yes,40.6,4,24,1.7,5.1,84.3,4,0.08,Low,Low
E102784,Female,Service,Yes,43.5,19,50,5.9,4.8,76.6,8,0.31,Medium,Low
E102785,Male,Product,Yes,48.7,19,38,5.8,4.1,77.0,9,0.34,Medium,Low
E102786,Female,Service,Yes,46.6,6,22,9.3,8.5,86.6,2,0.14,Low,Low
E102787,Male,Product,No,43.9,1,15,9.7,5.8,90.6,0,0.41,Medium,Low
E102788,Female,Service,Yes,41.8,2,88,3.3,6.5,58.0,10,0.12,Low,High
E102789,Other,Service,No,46.6,1,88,6.2,2.8,55.4,6,0.45,Medium,Medium
E102790,Female,Service,No,53.5,15,47,5.2,3.3,65.1,11,0.35,Medium,Low
E102791,Other,Service,No,40.5,16,45,5.9,4.1,91.4,8,0.35,Medium,Low
E102792,Female,Product,Yes,54.6,11,91,5.8,5.2,77.1,5,0.28,Low,Medium
E102793,Male,Product,Yes,51.0,4,76,9.2,1.4,57.1,5,0.79,High,Low
E102794,Male,Service,No,51.8,3,49,9.1,9.0,58.2,3,0.09,Low,Low
E102795,Female,Product,No,46.5,15,58,2.1,9.1,94.9,7,0.02,Low,High
E102796,Male,Product,Yes,50.9,17,61,4.1,7.0,68.3,1,0.12,Low,Medium
E102797,Female,Service,Yes,40.0,12,46,7.8,3.8,62.8,11,0.48,Medium,Low
E102798,Other,Product,No,41.7,19,77,7.2,4.5,84.7,5,0.4,Medium,Medium
E102799,Male,Service,Yes,48.8,8,36,6.7,7.6,93.0,9,0.16,Low,Low
E102800,Female,Service,Yes,46.5,15,21,9.9,3.6,72.1,6,0.63,High,Low
E102801,Female,Service,No,44.3,2,20,4.0,6.5,89.6,1,0.14,Low,Low
E102802,Female,Product,Yes,32.5,16,55,5.6,9.2,71.5,4,0.04,Low,Medium
E102803,Female,Service,Yes,42.8,19,94,9.8,4.7,84.6,3,0.52,Medium,Medium
E102804,Male,Product,No,39.1,9,26,7.3,6.3,78.7,0,0.27,Low,Low
E102805,Female,Product,Yes,47.5,19,87,6.8,9.4,94.7,5,0.04,Low,High
E102806,Female,Service,Yes,44.0,3,54,2.4,4.1,66.3,8,0.14,Low,Medium
E102807,Male,Service,Yes,41.9,0,83,3.2,7.8,88.5,4,0.07,Low,High
E102808,Male,Service,Yes,58.2,15,72,4.4,7.8,84.2,3,0.1,Low,Medium
E102809,Female,Service,No,50.2,10,17,5.2,9.4,91.9,1,0.03,Low,Low
E102810,Male,Service,Yes,50.3,18,57,5.5,8.7,80.4,7,0.07,Low,Medium
E102811,Female,Service,Yes,56.0,7,88,9.1,7.7,73.0,11,0.21,Low,Medium
E102812,Female,Service,Yes,49.0,4,22,2.0,6.7,52.5,8,0.07,Low,Medium
E102813,Male,Service,Yes,41.1,7,87,3.2,3.2,92.0,5,0.22,Low,Medium
E102814,Female,Service,Yes,40.6,17,27,2.3,7.0,95.5,5,0.07,Low,Medium
E102815,Female,Service,Yes,49.8,14,70,7.6,3.5,72.5,5,0.49,Medium,Low
E102816,Male,Product,Yes,34.7,17,33,9.7,5.0,61.1,1,0.48,Medium,Low
E102817,Male,Product,Yes,44.6,12,37,9.0,7.4,82.4,4,0.23,Low,Low
E102818,Male,Service,Yes,34.1,14,57,7.5,7.1,56.1,6,0.22,Low,Medium
E102819,Male,Service,No,45.5,12,38,1.2,4.6,52.0,7,0.06,Low,Medium
E102820,Female,Service,Yes,49.3,2,17,4.1,2.6,64.5,7,0.3,Low,Low
E102821,Male,Service,Yes,46.4,11,28,8.8,5.4,84.0,4,0.4,Medium,Low
E102822,Female,Service,Yes,49.7,11,97,6.9,3.4,90.7,4,0.46,Medium,Medium
E102823,Male,Product,No,54.8,9,47,2.9,3.3,57.8,5,0.19,Low,Medium
E102824,Male,Product,Yes,44.3,0,41,5.2,3.9,97.3,3,0.32,Medium,Low
E102825,Female,Service,No,59.0,5,26,1.8,7.4,77.6,7,0.05,Low,Medium
E102826,Female,Product,Yes,46.1,18,60,5.7,5.5,96.3,6,0.26,Low,Medium
E102827,Male,Service,No,49.7,12,85,9.1,4.4,57.5,1,0.51,Medium,Medium
E102828,Male,Service,Yes,41.9,0,60,1.3,9.1,72.9,5,0.01,Low,High
E102829,Male,Service,No,53.1,18,96,6.5,7.4,71.5,5,0.17,Low,High
E102830,Male,Service,No,50.2,5,30,3.1,5.5,70.6,11,0.14,Low,Low
E102831,Female,Service,Yes,52.4,0,72,9.9,4.8,96.5,3,0.51,Medium,Low
E102832,Male,Service,Yes,45.3,16,28,1.6,8.4,92.5,5,0.03,Low,Medium
E102833,Male,Service,Yes,38.7,16,99,6.6,2.6,89.7,9,0.49,Medium,Medium
E102834,Male,Service,Yes,47.3,10,57,3.3,7.0,64.3,8,0.1,Low,Medium
E102835,Female,Product,No,36.5,19,39,8.9,1.2,67.0,11,0.78,High,Low
E102836,Other,Product,Yes,43.3,11,29,2.1,1.1,63.0,9,0.19,Low,Low
E102837,Male,Service,Yes,46.0,12,88,4.9,9.4,89.7,11,0.03,Low,High
E102838,Female,Service,Yes,56.9,17,44,2.7,5.6,69.6,8,0.12,Low,Medium
E102839,Male,Service,Yes,46.6,0,58,8.2,3.8,98.9,0,0.51,Medium,Low
E102840,Male,Product,No,45.7,2,23,4.2,8.2,68.2,10,0.08,Low,Medium
E102841,Female,Service,No,44.7,16,96,2.7,9.9,58.5,6,0.0,Low,High
E102842,Female,Service,Yes,38.3,6,25,7.5,1.3,96.5,11,0.65,High,Low
E102843,Female,Service,No,45.4,16,80,8.4,1.3,89.1,3,0.73,High,Low
E102844,Female,Service,No,45.5,15,36,5.2,8.7,79.2,1,0.07,Low,Medium
E102845,Male,Service,Yes,40.2,11,34,4.4,6.0,92.9,7,0.18,Low,Low
E102846,Female,Product,No,39.1,7,43,6.7,8.9,97.5,9,0.07,Low,Medium
E102847,Male,Product,Yes,42.6,10,77,6.9,7.3,93.1,2,0.19,Low,Medium
E102848,Female,Service,Yes,45.3,2,55,6.9,5.2,95.2,1,0.33,Medium,Low
E102849,Male,Service,Yes,42.7,11,90,3.5,2.5,63.6,8,0.26,Low,Medium
E102850,Female,Service,No,39.7,3,97,9.5,4.5,75.5,4,0.52,Medium,Medium
E102851,Male,Service,Yes,46.4,8,62,2.9,8.1,89.8,11,0.06,Low,High
E102852,Male,Product,Yes,47.7,16,41,4.4,3.1,76.3,7,0.3,Low,Low
E102853,Female,Service,Yes,45.6,15,45,3.6,7.4,82.1,7,0.09,Low,Medium
E102854,Male,Service,Yes,42.2,11,39,9.4,3.2,96.1,10,0.64,High,Low
E102855,Male,Service,No,48.0,14,63,8.5,5.2,64.8,3,0.41,Medium,Low
E102856,Male,Product,Yes,44.0,14,84,8.3,1.8,77.0,10,0.68,High,Low
E102857,Male,Product,Yes,39.1,0,78,1.0,5.1,78.2,2,0.05,Low,High
E102858,Male,Service,Yes,50.2,2,70,7.2,6.5,68.0,10,0.25,Low,Medium
E102859,Male,Service,Yes,46.8,1,21,3.1,6.1,68.4,5,0.12,Low,Low
E102860,Female,Service,Yes,44.4,16,84,9.7,4.7,88.5,6,0.51,Medium,Low
E102861,Male,Product,Yes,37.1,11,49,5.8,4.3,96.5,6,0.33,Medium,Low
E102862,Female,Service,Yes,41.3,4,35,6.1,3.5,81.7,4,0.4,Medium,Low
E102863,Female,Service,Yes,55.1,10,61,4.2,7.9,74.4,6,0.09,Low,Medium
E102864,Male,Service,Yes,37.5,18,74,5.8,8.0,87.5,1,0.12,Low,Medium
E102865,Female,Product,Yes,43.7,14,31,7.7,5.3,99.9,8,0.36,Medium,Low
E102866,Male,Service,No,44.9,6,31,6.1,4.4,54.1,2,0.34,Medium,Low
E102867,Female,Service,Yes,46.6,7,85,6.8,6.7,82.6,0,0.22,Low,Medium
E102868,Male,Service,No,37.5,9,39,5.3,6.0,77.8,2,0.21,Low,Low
E102869,Male,Product,Yes,45.9,5,48,7.4,7.0,80.5,4,0.22,Low,Low
E102870,Female,Product,Yes,36.6,14,40,9.1,3.8,51.1,0,0.56,Medium,Low
E102871,Female,Product,Yes,45.5,9,20,1.5,8.1,97.8,5,0.03,Low,Medium
E102872,Female,Service,Yes,41.7,16,24,2.0,3.9,54.3,11,0.12,Low,Low
E102873,Male,Service,Yes,40.7,5,95,7.2,4.8,65.4,0,0.37,Medium,Medium
E102874,Female,Product,No,49.2,18,92,4.4,2.2,64.9,9,0.34,Medium,Medium
E102875,Male,Service,Yes,43.8,19,17,3.5,8.7,86.7,5,0.05,Low,Medium
E102876,Male,Product,Yes,47.4,19,73,2.6,6.8,83.5,9,0.08,Low,High
E102877,Male,Product,Yes,47.5,5,94,6.2,3.1,53.1,0,0.43,Medium,Medium
E102878,Female,Service,No,51.3,13,83,4.1,8.7,57.5,7,0.05,Low,High
E102879,Male,Service,No,39.0,12,62,5.6,7.3,65.9,1,0.15,Low,Medium
E102880,Male,Product,Yes,49.6,12,37,9.6,5.0,85.2,1,0.48,Medium,Low
E102881,Female,Product,Yes,45.1,8,19,7.8,9.9,96.5,1,0.01,Low,Low
E102882,Male,Service,Yes,43.1,8,70,8.2,4.0,65.8,0,0.49,Medium,Low
E102883,Male,Service,No,39.3,7,52,2.1,1.9,76.3,1,0.17,Low,Medium
E102884,Male,Service,No,48.0,9,96,3.9,7.6,68.6,7,0.09,Low,High
E102885,Female,Service,No,40.4,19,90,2.0,7.8,78.9,7,0.04,Low,High
E102886,Male,Service,Yes,47.6,3,99,9.7,1.5,81.4,5,0.82,High,Low
E102887,Male,Service,Yes,54.6,2,21,7.1,8.4,75.9,3,0.11,Low,Low
E102888,Female,Product,No,49.9,12,31,1.2,8.0,69.5,9,0.02,Low,Medium
E102889,Female,Product,No,52.0,7,23,5.3,9.4,94.0,3,0.03,Low,Medium
E102890,Male,Product,No,41.4,8,89,3.4,2.1,90.1,7,0.27,Low,Medium
E102891,Female,Service,Yes,48.8,13,60,5.9,6.4,99.9,7,0.21,Low,Medium
E102892,Female,Service,Yes,39.3,0,51,2.6,3.0,70.6,11,0.18,Low,Medium
E102893,Female,Product,Yes,43.8,13,21,1.5,4.6,51.9,7,0.08,Low,Low
E102894,Male,Service,No,53.7,11,31,3.9,3.4,82.6,9,0.26,Low,Low
E102895,Female,Service,Yes,42.0,3,55,3.7,5.0,89.2,3,0.18,Low,Medium
E102896,Male,Service,Yes,50.6,3,78,7.5,2.0,96.8,1,0.6,Medium,Low
E102897,Male,Product,Yes,50.1,12,97,5.3,3.7,50.5,2,0.33,Medium,Medium
E102898,Male,Product,Yes,50.4,15,71,3.6,1.6,94.0,2,0.3,Low,Medium
E102899,Male,Service,Yes,38.7,10,99,6.1,5.4,75.8,5,0.28,Low,Medium
E102900,Male,Product,Yes,47.6,2,59,1.6,3.7,68.7,0,0.1,Low,Medium
E102901,Female,Service,Yes,44.2,1,87,7.0,6.3,61.1,0,0.26,Low,Medium
E102902,Male,Service,No,50.4,2,22,2.3,5.1,90.7,11,0.11,Low,Low
E102903,Male,Product,No,36.7,19,24,3.5,3.2,68.2,2,0.24,Low,Low
E102904,Male,Product,Yes,46.8,16,68,3.5,1.9,80.2,2,0.28,Low,Medium
E102905,Male,Service,No,46.1,0,80,5.2,7.8,75.6,1,0.11,Low,High
E102906,Female,Service,Yes,35.0,10,58,9.6,6.7,63.2,3,0.32,Medium,Low
E102907,Male,Product,No,40.6,15,62,3.9,1.3,89.4,4,0.34,Medium,Low
E102908,Male,Product,No,35.8,19,85,3.5,9.9,64.9,10,0.0,Low,High
E102909,Male,Product,Yes,41.4,9,16,2.5,6.8,89.4,2,0.08,Low,Low
E102910,Male,Service,Yes,47.7,19,94,4.5,2.9,70.5,6,0.32,Medium,Medium
E102911,Male,Product,Yes,46.0,5,20,2.6,8.6,51.5,9,0.04,Low,Medium
E102912,Female,Product,No,45.8,1,94,2.2,8.9,88.4,9,0.02,Low,High
E102913,Female,Service,Yes,39.8,6,59,8.7,6.2,95.0,4,0.33,Medium,Low
E102914,Male,Product,Yes,50.6,16,24,1.5,9.0,56.0,3,0.01,Low,Medium
E102915,Female,Service,Yes,44.9,7,23,7.4,1.3,79.3,1,0.64,High,Low
E102916,Female,Service,No,45.2,12,46,2.8,9.5,53.6,8,0.01,Low,Medium
E102917,Female,Product,No,49.7,3,16,1.1,1.5,91.5,2,0.09,Low,Low
E102918,Male,Service,Yes,40.0,10,35,8.2,6.8,99.4,8,0.26,Low,Low
E102919,Male,Service,No,46.1,1,17,7.3,4.1,74.7,0,0.43,Medium,Low
E102920,Male,Product,No,47.1,7,98,4.0,1.4,65.7,10,0.34,Medium,Medium
E102921,Female,Service,No,42.3,17,37,1.7,9.4,92.3,2,0.01,Low,Medium
E102922,Female,Service,Yes,48.3,7,51,4.2,2.2,76.0,9,0.33,Medium,Low
E102923,Male,Product,Yes,47.4,10,86,2.6,8.7,72.5,11,0.03,Low,High
E102924,Male,Service,Yes,44.5,4,50,9.4,4.0,61.4,10,0.56,Medium,Low
E102925,Female,Service,Yes,44.3,6,28,5.8,7.7,80.8,3,0.13,Low,Low
E102926,Female,Service,Yes,47.6,3,29,9.7,3.3,80.3,2,0.65,High,Low
E102927,Other,Service,Yes,48.9,9,49,4.2,6.3,63.1,5,0.16,Low,Medium
E102928,Female,Product,Yes,45.3,5,36,6.0,8.2,60.6,6,0.11,Low,Medium
E102929,Male,Product,Yes,50.6,12,61,2.7,6.1,71.9,8,0.11,Low,Medium
E102930,Female,Service,Yes,48.3,15,50,8.3,3.8,72.5,8,0.51,Medium,Low
E102931,Female,Product,Yes,36.1,1,29,1.4,3.1,56.4,6,0.1,Low,Low
E102932,Male,Service,No,38.0,14,96,7.3,2.6,63.8,9,0.54,Medium,Medium
E102933,Male,Service,No,50.9,7,72,4.5,8.5,58.0,6,0.07,Low,High
E102934,Female,Product,Yes,43.8,16,45,6.2,6.5,95.1,9,0.22,Low,Low
E102935,Male,Product,No,45.8,13,55,6.3,5.6,53.7,10,0.28,Low,Medium
E102936,Female,Service,Yes,50.7,17,88,7.4,3.2,93.9,2,0.5,Medium,Medium
E102937,Female,Service,No,45.0,13,92,2.8,4.9,76.4,7,0.14,Low,High
E102938,Female,Service,Yes,45.2,3,40,5.8,6.6,83.3,1,0.2,Low,Low
E102939,Male,Service,Yes,40.7,0,97,4.8,1.6,96.2,10,0.4,Medium,Medium
E102940,Male,Service,Yes,46.8,5,44,3.5,4.2,68.3,3,0.2,Low,Low
E102941,Female,Product,Yes,47.9,4,26,5.5,3.2,85.1,2,0.37,Medium,Low
E102942,Male,Service,Yes,42.1,14,45,9.6,6.8,83.6,11,0.31,Medium,Low
E102943,Female,Product,Yes,40.4,15,96,9.5,6.5,99.4,11,0.33,Medium,Medium
E102944,Female,Service,Yes,58.1,7,16,3.5,3.7,52.3,8,0.22,Low,Low
E102945,Male,Service,No,44.5,5,92,9.0,1.4,72.8,5,0.77,High,Low
E102946,Male,Service,Yes,41.6,4,34,8.9,2.6,99.5,6,0.66,High,Low
E102947,Male,Service,Yes,48.5,5,72,3.2,2.4,66.4,5,0.24,Low,Medium
E102948,Male,Product,Yes,44.7,0,34,6.4,6.1,98.3,7,0.25,Low,Low
E102949,Female,Service,No,39.6,13,48,8.8,2.5,90.8,0,0.66,High,Low
E102950,Female,Service,Yes,47.4,18,74,5.6,5.3,67.0,6,0.26,Low,Medium
E102951,Female,Product,Yes,40.7,18,48,4.3,6.5,51.5,5,0.15,Low,Medium
E102952,Female,Product,Yes,52.9,14,51,6.9,8.9,64.0,0,0.08,Low,Medium
E102953,Male,Service,Yes,47.5,18,81,2.6,3.2,56.2,11,0.18,Low,Medium
E102954,Female,Service,Yes,43.6,5,33,2.5,2.7,71.4,0,0.18,Low,Low
E102955,Female,Product,Yes,45.5,4,66,8.5,2.6,97.0,0,0.63,High,Low
E102956,Female,Product,Yes,49.5,15,58,1.4,4.2,75.6,5,0.08,Low,Medium
E102957,Female,Product,Yes,45.9,8,41,8.2,6.8,72.4,11,0.26,Low,Low
E102958,Male,Service,Yes,55.6,14,52,3.6,7.0,60.8,2,0.11,Low,Medium
E102959,Female,Product,Yes,50.7,7,35,5.3,2.9,81.1,5,0.38,Medium,Low
E102960,Male,Service,Yes,47.4,7,98,5.9,2.2,72.8,8,0.46,Medium,Medium
E102961,Male,Service,No,40.3,3,52,7.9,5.0,88.6,3,0.4,Medium,Low
E102962,Male,Product,Yes,44.3,1,27,9.0,2.3,75.8,0,0.69,High,Low
E102963,Female,Service,No,47.4,15,35,8.2,8.3,94.3,10,0.14,Low,Low
E102964,Female,Service,Yes,40.9,2,56,6.2,1.8,89.2,1,0.51,Medium,Low
E102965,Female,Service,Yes,51.5,8,62,4.1,7.8,57.3,4,0.09,Low,Medium
E102966,Female,Service,No,40.1,3,60,5.7,1.4,56.8,6,0.49,Medium,Low
E102967,Female,Product,Yes,41.8,1,92,1.3,8.3,51.2,4,0.02,Low,High
E102968,Female,Product,Yes,42.2,18,71,3.2,6.6,68.5,11,0.11,Low,Medium
E102969,Male,Service,Yes,48.7,14,66,4.3,3.9,52.7,5,0.26,Low,Medium
E102970,Male,Service,Yes,41.0,6,36,3.9,4.6,72.5,11,0.21,Low,Low
E102971,Male,Product,No,36.0,7,31,1.9,7.1,62.1,0,0.06,Low,Medium
E102972,Female,Product,Yes,50.4,2,40,1.5,2.7,74.9,4,0.11,Low,Low
E102973,Female,Service,Yes,42.8,14,53,4.8,9.0,57.9,5,0.05,Low,Medium
E102974,Male,Product,No,39.7,0,85,1.7,5.3,77.5,0,0.08,Low,High
E102975,Male,Product,No,41.2,15,77,3.6,7.8,98.3,1,0.08,Low,High
E102976,Female,Service,No,53.6,2,65,5.3,5.6,81.9,5,0.23,Low,Medium
E102977,Male,Service,Yes,41.7,1,44,2.9,5.1,78.2,6,0.14,Low,Medium
E102978,Female,Service,No,44.4,14,55,1.7,5.2,89.4,1,0.08,Low,Medium
E102979,Female,Product,No,42.8,3,47,4.9,4.3,50.3,0,0.28,Low,Low
E102980,Male,Service,No,38.8,13,64,5.0,7.6,64.1,5,0.12,Low,Medium
E102981,Male,Service,No,41.3,8,77,9.2,8.6,99.3,10,0.13,Low,Medium
E102982,Female,Service,No,38.5,8,53,2.2,8.7,89.1,9,0.03,Low,High
E102983,Female,Product,Yes,49.8,13,42,6.5,2.1,54.5,10,0.51,Medium,Low
E102984,Male,Service,Yes,45.5,14,32,3.9,7.9,66.3,4,0.08,Low,Medium
E102985,Female,Product,No,57.4,4,88,2.1,2.8,72.0,2,0.15,Low,Medium
E102986,Male,Product,Yes,41.5,1,73,4.5,1.1,96.7,10,0.4,Medium,Low
E102987,Male,Service,Yes,40.7,16,80,4.9,3.5,79.3,8,0.32,Medium,Medium
E102988,Female,Service,Yes,52.7,10,57,4.3,3.6,53.9,0,0.28,Low,Medium
E102989,Female,Service,No,50.3,12,92,7.9,8.3,75.5,8,0.13,Low,Medium
E102990,Male,Product,Yes,46.9,11,27,8.6,7.7,64.5,0,0.2,Low,Low
E102991,Female,Service,Yes,39.4,2,15,2.3,1.8,66.9,6,0.19,Low,Low
E102992,Female,Service,Yes,53.7,19,46,2.5,3.9,55.7,0,0.15,Low,Medium
E102993,Male,Service,Yes,44.6,12,24,4.8,3.3,72.9,5,0.32,Medium,Low
E102994,Male,Service,Yes,42.8,14,29,3.9,6.4,83.5,10,0.14,Low,Low
E102995,Female,Product,Yes,50.7,10,31,8.4,5.9,88.0,8,0.34,Medium,Low
E102996,Male,Product,No,44.9,15,77,10.0,7.1,84.8,6,0.29,Low,Medium
E102997,Male,Product,No,39.2,6,68,2.6,9.2,83.0,11,0.02,Low,High
E102998,Male,Service,No,45.2,0,37,7.9,4.8,93.5,10,0.41,Medium,Low
E102999,Female,Service,Yes,41.1,18,85,6.5,6.9,66.6,10,0.2,Low,Medium
E103000,Female,Product,Yes,30.0,17,64,6.8,9.3,60.7,5,0.05,Low,Medium
E103001,Female,Service,Yes,40.6,8,73,3.4,5.9,54.5,4,0.14,Low,Medium
E103002,Male,Product,Yes,42.4,17,50,1.9,3.8,58.3,2,0.12,Low,Medium
E103003,Female,Service,Yes,39.2,2,20,5.9,4.6,57.5,10,0.32,Medium,Low
E103004,Female,Service,No,47.9,2,80,6.5,7.8,95.6,1,0.14,Low,Medium
E103005,Female,Product,Yes,41.1,3,46,9.7,7.5,59.0,1,0.24,Low,Low
E103006,Female,Product,Yes,47.4,15,67,7.1,7.7,54.7,8,0.16,Low,Medium
E103007,Male,Product,No,38.8,10,83,5.0,7.7,70.0,2,0.12,Low,High
E103008,Female,Service,Yes,49.5,14,97,9.9,9.3,58.5,6,0.07,Low,Medium
E103009,Male,Service,No,38.6,8,16,4.4,7.9,56.5,3,0.09,Low,Low
E103010,Male,Service,No,33.3,7,57,2.5,8.7,68.1,6,0.03,Low,High
E103011,Male,Product,Yes,51.2,5,54,6.6,6.2,96.0,5,0.25,Low,Medium
E103012,Male,Product,Yes,40.7,17,82,3.4,6.8,51.5,10,0.11,Low,High
E103013,Male,Service,No,53.8,5,18,9.3,9.7,60.4,9,0.03,Low,Low
E103014,Female,Product,Yes,47.8,5,89,4.9,8.8,91.2,10,0.06,Low,High
E103015,Male,Product,Yes,49.0,11,60,2.3,8.0,62.3,3,0.05,Low,High
E103016,Female,Product,No,50.2,4,34,2.3,7.2,72.1,2,0.06,Low,Medium
E103017,Male,Service,Yes,45.6,13,28,6.8,4.2,54.9,10,0.39,Medium,Low
E103018,Male,Service,Yes,45.6,5,28,4.3,5.9,89.8,3,0.18,Low,Low
E103019,Female,Product,Yes,51.4,19,63,4.3,1.5,86.8,1,0.37,Medium,Low
E103020,Male,Service,No,45.6,18,17,6.5,4.7,56.4,10,0.34,Medium,Low
E103021,Male,Product,Yes,41.4,13,93,3.0,2.0,97.4,1,0.24,Low,Medium
E103022,Female,Product,Yes,47.9,0,35,2.3,7.6,79.5,3,0.06,Low,Medium
E103023,Male,Product,Yes,34.4,19,75,6.9,9.0,89.9,10,0.07,Low,Medium
E103024,Male,Service,Yes,51.6,6,16,1.0,2.6,88.2,2,0.07,Low,Low
E103025,Male,Service,No,51.7,6,35,9.2,3.2,76.0,4,0.63,High,Low
E103026,Female,Service,No,51.0,13,24,2.6,8.7,87.4,0,0.03,Low,Medium
E103027,Female,Service,Yes,50.8,19,33,5.0,6.3,61.9,6,0.18,Low,Low
E103028,Female,Service,Yes,44.6,15,67,2.9,6.3,51.1,3,0.11,Low,Medium
E103029,Female,Service,Yes,44.5,11,90,3.0,6.1,67.1,5,0.12,Low,High
E103030,Male,Service,Yes,38.9,10,63,8.5,3.0,57.6,1,0.6,Medium,Low
E103031,Male,Service,Yes,53.7,17,94,6.3,3.2,99.1,3,0.43,Medium,Medium
E103032,Female,Service,Yes,42.6,11,22,3.8,9.5,96.2,4,0.02,Low,Medium
E103033,Male,Service,Yes,46.7,9,71,3.3,7.5,57.2,5,0.08,Low,High
E103034,Male,Service,Yes,46.3,4,38,2.9,1.8,67.2,11,0.24,Low,Low
E103035,Male,Product,No,38.3,1,61,6.0,3.0,75.5,0,0.42,Medium,Low
E103036,Male,Service,No,36.3,9,96,7.6,6.6,69.9,3,0.26,Low,Medium
E103037,Other,Service,Yes,45.0,15,35,3.3,3.6,85.0,1,0.21,Low,Low
E103038,Male,Product,Yes,42.7,5,22,4.0,3.3,75.2,9,0.27,Low,Low
E103039,Male,Product,No,44.6,5,33,7.5,2.8,78.3,0,0.54,Medium,Low
E103040,Male,Service,No,50.3,19,44,7.6,2.7,83.9,10,0.55,Medium,Low
E103041,Female,Product,Yes,46.1,11,40,2.9,6.5,51.2,10,0.1,Low,Medium
E103042,Male,Product,No,48.8,8,34,4.4,9.2,50.6,8,0.04,Low,Medium
E103043,Male,Product,No,47.2,16,92,8.8,4.3,58.9,0,0.5,Medium,Medium
E103044,Female,Service,Yes,43.4,9,87,7.7,2.1,85.9,1,0.61,High,Low
E103045,Female,Product,Yes,40.0,7,59,2.5,2.1,62.0,8,0.2,Low,Medium
E103046,Male,Service,Yes,46.3,8,78,4.5,9.4,96.0,7,0.03,Low,High
E103047,Male,Service,Yes,45.4,6,44,9.8,5.8,53.9,9,0.41,Medium,Low
E103048,Male,Product,Yes,49.6,9,67,5.7,5.2,79.0,11,0.27,Low,Medium
E103049,Male,Service,No,44.2,0,64,7.5,9.0,51.3,9,0.07,Low,Medium
E103050,Male,Product,No,43.5,18,76,1.8,5.6,98.6,9,0.08,Low,High
E103051,Male,Service,Yes,43.9,10,56,8.5,5.3,60.7,3,0.4,Medium,Low
E103052,Male,Product,Yes,40.4,19,42,6.4,9.3,79.4,1,0.04,Low,Medium
E103053,Male,Service,Yes,52.2,9,72,2.6,5.3,97.7,7,0.12,Low,Medium
E103054,Female,Service,Yes,50.7,1,45,4.4,4.5,51.5,2,0.24,Low,Low
E103055,Female,Service,Yes,38.9,13,73,1.7,6.2,75.6,9,0.06,Low,High
E103056,Female,Service,No,49.0,11,89,8.0,9.8,76.3,0,0.02,Low,High
E103057,Male,Service,Yes,35.8,3,26,7.7,9.7,67.6,1,0.02,Low,Low
E103058,Male,Product,Yes,49.9,12,59,5.4,8.0,82.7,3,0.11,Low,Medium
E103059,Female,Service,Yes,41.5,19,80,5.1,5.5,77.1,0,0.23,Low,Medium
E103060,Male,Product,Yes,46.8,9,82,5.2,8.9,62.5,5,0.06,Low,High
E103061,Male,Service,Yes,35.4,1,46,1.3,4.8,85.3,3,0.07,Low,Medium
E103062,Female,Service,Yes,39.0,16,55,4.3,6.8,73.3,11,0.14,Low,Medium
E103063,Female,Product,Yes,47.3,9,69,2.2,2.6,73.5,10,0.16,Low,Medium
E103064,Female,Service,Yes,41.5,15,83,2.7,7.0,97.6,5,0.08,Low,High
E103065,Male,Product,Yes,40.8,8,19,9.7,3.5,76.8,4,0.63,High,Low
E103066,Male,Product,Yes,52.0,18,77,3.4,7.9,89.2,10,0.07,Low,High
E103067,Female,Service,Yes,56.1,10,18,5.4,4.7,93.4,3,0.29,Low,Low
E103068,Male,Product,No,49.7,5,55,9.0,4.6,79.0,6,0.49,Medium,Low
E103069,Female,Product,Yes,39.5,3,26,4.7,7.7,89.3,11,0.11,Low,Low
E103070,Female,Service,Yes,53.8,15,51,5.8,4.8,65.5,6,0.3,Low,Low
E103071,Female,Product,Yes,37.2,11,69,2.5,7.4,59.1,3,0.06,Low,High
E103072,Male,Service,Yes,43.5,15,59,3.6,8.7,84.8,3,0.05,Low,Medium
E103073,Male,Service,No,45.3,2,42,5.6,2.2,96.3,3,0.44,Medium,Low
E103074,Female,Product,Yes,54.6,11,73,4.3,5.3,52.1,7,0.2,Low,Medium
E103075,Female,Product,No,49.6,14,21,1.3,9.5,88.2,10,0.01,Low,Medium
E103076,Female,Product,Yes,42.7,19,74,4.6,8.3,51.4,4,0.08,Low,High
E103077,Male,Product,Yes,40.3,11,67,8.3,9.8,72.9,11,0.02,Low,Medium
E103078,Male,Product,No,50.0,8,54,2.0,8.7,83.9,4,0.03,Low,High
E103079,Female,Product,Yes,42.3,9,66,1.2,3.8,70.3,8,0.07,Low,Medium
E103080,Female,Service,Yes,46.1,7,25,2.1,2.6,65.0,9,0.16,Low,Low
E103081,Female,Service,No,38.2,12,64,7.2,2.9,59.3,5,0.51,Medium,Low
E103082,Male,Service,No,47.8,14,64,8.2,3.0,98.9,3,0.57,Medium,Low
E103083,Female,Product,Yes,47.4,16,62,1.4,1.7,78.5,6,0.12,Low,Medium
E103084,Female,Service,Yes,38.8,11,98,9.0,9.2,56.4,7,0.07,Low,High
E103085,Female,Service,Yes,50.2,15,68,6.6,5.5,52.4,6,0.3,Low,Medium
E103086,Male,Service,Yes,47.8,10,20,5.7,1.9,62.2,5,0.46,Medium,Low
E103087,Male,Product,Yes,48.7,18,64,3.3,7.9,76.9,11,0.07,Low,Medium
E103088,Female,Product,No,43.1,12,96,4.3,3.9,87.6,11,0.26,Low,Medium
E103089,Male,Service,Yes,45.9,2,99,9.5,1.6,99.0,1,0.8,High,Low
E103090,Male,Service,No,45.3,3,17,9.2,2.7,91.7,4,0.67,High,Low
E103091,Female,Service,Yes,44.3,14,55,6.6,6.9,80.6,5,0.2,Low,Medium
E103092,Male,Service,Yes,45.9,13,42,6.2,8.1,83.3,10,0.12,Low,Medium
E103093,Female,Service,No,51.3,10,46,2.9,3.3,76.1,11,0.19,Low,Low
E103094,Male,Product,Yes,50.4,12,53,9.6,6.2,71.7,1,0.36,Medium,Low
E103095,Female,Product,Yes,39.1,19,85,7.8,1.0,89.2,8,0.7,High,Low
E103096,Female,Service,Yes,49.9,17,77,4.4,3.5,58.9,9,0.29,Low,Medium
E103097,Male,Service,No,51.0,12,33,8.3,2.6,66.7,3,0.61,High,Low
E103098,Male,Service,Yes,44.2,18,15,2.9,1.7,98.9,4,0.24,Low,Low
E103099,Male,Service,Yes,47.5,3,47,2.9,5.4,78.6,4,0.13,Low,Medium
E103100,Male,Service,Yes,47.5,11,47,8.1,6.7,74.9,6,0.27,Low,Low
E103101,Female,Service,Yes,40.8,2,25,6.0,1.4,92.5,8,0.52,Medium,Low
E103102,Female,Service,No,43.1,15,74,6.0,2.2,88.1,11,0.47,Medium,Low
E103103,Male,Product,Yes,48.8,0,42,6.2,9.4,66.3,8,0.04,Low,Medium
E103104,Male,Product,Yes,42.5,3,76,2.1,3.0,81.3,5,0.15,Low,Medium
E103105,Male,Product,Yes,49.9,8,61,4.1,7.8,59.3,8,0.09,Low,Medium
E103106,Female,Service,No,51.5,12,31,6.2,7.7,52.6,3,0.14,Low,Low
E103107,Male,Product,No,50.7,9,88,3.2,3.9,99.5,4,0.2,Low,Medium
E103108,Female,Product,No,54.9,8,86,5.5,2.8,86.9,4,0.4,Medium,Medium
E103109,Female,Service,Yes,44.5,19,23,6.0,3.2,96.5,4,0.41,Medium,Low
E103110,Female,Service,Yes,45.9,5,97,9.5,6.1,91.6,0,0.37,Medium,Medium
E103111,Male,Service,Yes,46.6,18,22,3.2,4.4,71.4,6,0.18,Low,Low
E103112,Female,Service,No,44.7,2,73,5.0,5.5,93.1,5,0.22,Low,Medium
E103113,Male,Service,No,47.7,9,83,9.8,8.3,89.3,2,0.17,Low,Medium
E103114,Male,Service,No,36.4,9,92,2.7,5.5,62.9,11,0.12,Low,High
E103115,Female,Service,Yes,46.0,1,59,8.0,10.0,81.2,7,0.0,Low,Medium
E103116,Female,Service,Yes,38.1,12,47,2.6,7.0,65.3,5,0.08,Low,Medium
E103117,Male,Service,Yes,40.2,6,52,8.7,2.9,61.7,10,0.62,High,Low
E103118,Male,Product,No,48.7,12,77,5.4,5.5,54.1,8,0.24,Low,Medium
E103119,Male,Service,Yes,44.0,13,26,9.7,8.3,77.2,6,0.16,Low,Low
E103120,Male,Product,No,48.5,17,81,2.5,3.0,69.6,7,0.18,Low,Medium
E103121,Male,Service,Yes,43.9,13,43,7.2,7.6,54.4,11,0.17,Low,Low
E103122,Male,Service,Yes,50.5,12,36,7.3,1.3,85.9,8,0.64,High,Low
E103123,Male,Service,Yes,43.8,18,48,7.5,9.5,86.2,5,0.04,Low,Medium
E103124,Female,Service,Yes,35.2,7,84,1.9,7.0,61.8,7,0.06,Low,High
E103125,Female,Service,Yes,46.1,3,53,3.6,2.5,97.8,11,0.27,Low,Low
E103126,Female,Service,Yes,34.2,8,30,4.0,8.9,88.9,1,0.04,Low,Medium
E103127,Male,Service,Yes,37.7,11,45,3.9,1.7,90.3,0,0.32,Medium,Low
E103128,Female,Product,Yes,40.6,19,63,7.1,4.7,50.2,8,0.38,Medium,Low
E103129,Female,Service,No,40.0,1,58,1.5,7.6,98.9,9,0.04,Low,High
E103130,Female,Product,No,42.3,3,93,7.6,9.4,99.5,5,0.05,Low,High
E103131,Female,Service,Yes,39.8,18,60,5.7,4.1,75.4,9,0.34,Medium,Low
E103132,Female,Product,Yes,38.0,8,15,2.6,8.5,99.3,9,0.04,Low,Medium
E103133,Male,Service,Yes,52.7,8,58,3.0,2.8,80.6,2,0.22,Low,Medium
E103134,Male,Product,No,41.6,10,98,1.9,1.3,56.7,2,0.17,Low,Medium
E103135,Female,Product,Yes,33.8,9,98,5.1,1.3,90.7,7,0.44,Medium,Medium
E103136,Female,Product,Yes,43.2,2,60,6.4,6.9,77.9,2,0.2,Low,Medium
E103137,Female,Service,No,39.4,7,86,6.2,2.4,67.1,9,0.47,Medium,Medium
E103138,Male,Product,Yes,40.6,10,67,9.7,1.5,61.8,10,0.82,High,Low
E103139,Male,Service,No,48.6,5,47,3.7,9.8,75.9,5,0.01,Low,Medium
E103140,Male,Product,Yes,42.8,17,59,7.9,3.2,84.6,5,0.54,Medium,Low
E103141,Female,Service,Yes,39.2,7,78,7.5,5.2,93.9,4,0.36,Medium,Medium
E103142,Female,Service,Yes,47.2,1,17,1.6,6.5,79.9,6,0.06,Low,Medium
E103143,Male,Service,No,50.7,19,38,9.4,2.3,70.8,10,0.72,High,Low
E103144,Male,Service,No,47.7,4,90,9.4,4.2,81.6,3,0.55,Medium,Medium
E103145,Male,Product,Yes,32.7,9,45,4.6,6.8,74.8,10,0.15,Low,Medium
E103146,Female,Product,Yes,39.4,17,85,4.8,6.8,82.6,11,0.15,Low,High
E103147,Female,Product,Yes,45.2,11,54,8.4,8.6,80.4,10,0.12,Low,Medium
E103148,Female,Product,No,43.8,1,95,5.5,4.9,98.9,9,0.28,Low,Medium
E103149,Male,Product,Yes,43.4,9,64,8.2,9.0,81.1,5,0.08,Low,Medium
E103150,Female,Service,No,40.1,11,88,1.3,7.1,84.6,0,0.04,Low,High
E103151,Male,Service,Yes,38.0,18,29,3.3,6.1,94.6,2,0.13,Low,Medium
E103152,Female,Service,Yes,55.0,4,35,1.8,2.1,95.7,6,0.14,Low,Low
E103153,Male,Service,Yes,45.1,9,35,5.1,6.2,57.0,10,0.19,Low,Low
E103154,Male,Service,No,48.2,0,74,8.7,6.4,72.7,8,0.31,Medium,Medium
E103155,Female,Service,No,45.0,6,79,6.1,7.8,97.1,11,0.13,Low,Medium
E103156,Female,Service,Yes,45.2,0,35,5.7,7.5,98.0,0,0.14,Low,Low
E103157,Male,Service,Yes,44.7,16,69,4.3,5.8,59.5,3,0.18,Low,Medium
E103158,Female,Product,Yes,39.4,11,83,1.6,6.3,72.2,6,0.06,Low,High
E103159,Male,Service,Yes,37.4,6,93,7.9,8.0,63.9,11,0.16,Low,Medium
E103160,Male,Service,No,46.9,7,40,6.1,4.2,89.5,9,0.35,Medium,Low
E103161,Male,Service,Yes,45.9,2,89,9.4,2.2,92.6,8,0.73,High,Low
E103162,Male,Service,No,49.7,14,69,4.9,8.9,73.5,7,0.05,Low,Medium
E103163,Male,Service,No,48.7,11,99,4.6,9.7,83.8,1,0.01,Low,High
E103164,Male,Service,No,41.0,16,60,9.8,4.9,93.5,1,0.5,Medium,Low
E103165,Male,Service,No,50.7,1,76,2.3,9.9,85.5,8,0.0,Low,High
E103166,Female,Service,Yes,48.8,16,84,3.3,3.9,57.8,11,0.2,Low,Medium
E103167,Male,Service,No,48.5,3,68,5.4,1.6,85.6,1,0.45,Medium,Low
E103168,Female,Service,Yes,56.2,6,18,5.7,6.2,57.9,9,0.22,Low,Low
E103169,Male,Product,Yes,55.2,14,59,5.9,8.8,82.7,6,0.07,Low,Medium
E103170,Female,Service,No,48.4,15,99,2.9,6.6,66.7,11,0.1,Low,High
E103171,Male,Service,Yes,47.8,5,68,9.3,1.1,52.8,9,0.83,High,Low
E103172,Male,Service,No,50.4,4,95,7.3,1.1,61.3,10,0.65,High,Low
E103173,Male,Product,No,42.1,15,67,3.3,7.5,73.4,8,0.08,Low,Medium
E103174,Male,Service,No,42.2,0,58,3.6,8.6,99.7,7,0.05,Low,Medium
E103175,Male,Product,Yes,48.4,14,50,8.9,3.3,62.8,11,0.6,Medium,Low
E103176,Female,Product,Yes,40.7,19,48,4.4,5.2,98.9,10,0.21,Low,Medium
E103177,Female,Service,Yes,48.0,4,66,6.0,9.6,68.2,10,0.02,Low,Medium
E103178,Female,Service,No,45.8,12,20,2.1,5.1,98.0,11,0.1,Low,Low
E103179,Female,Service,Yes,40.7,13,52,3.3,2.2,97.8,4,0.26,Low,Low
E103180,Male,Service,Yes,45.1,1,47,4.7,9.2,57.1,1,0.04,Low,Medium
E103181,Male,Service,Yes,51.5,1,89,6.9,5.5,91.4,5,0.31,Medium,Medium
E103182,Male,Service,Yes,45.4,18,69,3.5,4.1,75.9,6,0.21,Low,Medium
E103183,Male,Service,Yes,45.4,18,37,9.6,1.9,84.3,9,0.78,High,Low
E103184,Male,Service,Yes,46.6,11,58,3.0,5.1,88.8,6,0.15,Low,Medium
E103185,Male,Product,Yes,47.3,16,42,8.0,7.9,56.2,4,0.17,Low,Low
E103186,Male,Service,No,43.3,1,78,4.3,7.5,89.9,9,0.11,Low,High
E103187,Male,Product,Yes,46.8,10,62,8.5,5.5,65.1,8,0.38,Medium,Low
E103188,Female,Product,Yes,39.8,16,73,9.3,7.5,86.6,5,0.23,Low,Medium
E103189,Female,Product,Yes,41.0,13,97,2.7,4.2,78.7,9,0.16,Low,High
E103190,Male,Product,No,41.6,8,73,5.4,7.6,84.2,8,0.13,Low,Medium
E103191,Female,Service,Yes,47.3,18,57,2.4,1.8,81.1,7,0.2,Low,Medium
E103192,Female,Service,Yes,45.8,18,57,7.4,2.8,90.5,9,0.53,Medium,Low
E103193,Male,Service,Yes,44.3,0,91,8.5,8.9,94.7,8,0.09,Low,Medium
E103194,Male,Service,Yes,48.5,4,27,4.5,3.6,72.5,0,0.29,Low,Low
E103195,Male,Product,Yes,46.9,18,86,4.6,2.9,69.6,10,0.33,Medium,Medium
E103196,Female,Product,Yes,43.6,1,57,2.8,1.8,62.1,1,0.23,Low,Medium
E103197,Female,Service,No,39.8,13,27,3.8,4.5,90.7,7,0.21,Low,Low
E103198,Male,Service,Yes,40.9,18,49,3.9,1.6,98.4,5,0.33,Medium,Low
E103199,Male,Service,Yes,37.7,7,25,2.4,5.5,59.8,0,0.11,Low,Low
E103200,Female,Service,Yes,45.7,16,35,3.8,9.3,72.9,10,0.03,Low,Medium
E103201,Male,Service,Yes,40.7,1,86,9.2,8.1,88.5,9,0.17,Low,Medium
E103202,Male,Service,No,42.5,16,40,3.9,1.4,81.8,0,0.34,Medium,Low
E103203,Female,Product,Yes,44.4,7,64,3.5,3.7,90.8,10,0.22,Low,Medium
E103204,Female,Service,No,50.2,13,63,4.5,2.7,50.8,0,0.33,Medium,Medium
E103205,Female,Product,No,49.6,16,88,9.6,1.6,95.6,2,0.81,High,Low
E103206,Female,Product,Yes,44.7,5,27,7.9,2.0,53.1,8,0.63,High,Low
E103207,Female,Product,No,51.3,10,53,2.8,9.2,72.3,5,0.02,Low,High
E103208,Male,Service,Yes,34.9,7,69,7.8,3.8,63.8,1,0.48,Medium,Low
E103209,Female,Product,Yes,54.4,12,21,7.9,4.5,96.4,7,0.43,Medium,Low
E103210,Male,Product,Yes,48.5,7,57,9.6,5.4,63.8,10,0.44,Medium,Low
E103211,Female,Service,Yes,45.5,6,56,9.0,7.7,68.7,9,0.21,Low,Low
E103212,Male,Service,Yes,40.5,2,72,1.9,8.2,94.4,2,0.03,Low,High
E103213,Female,Product,Yes,42.8,1,26,5.1,9.7,76.9,0,0.02,Low,Medium
E103214,Male,Service,Yes,48.0,11,27,7.3,2.9,94.9,9,0.52,Medium,Low
E103215,Male,Service,Yes,48.2,3,26,9.8,3.7,83.0,5,0.62,High,Low
E103216,Male,Service,Yes,48.3,4,90,1.8,3.8,54.0,3,0.11,Low,High
E103217,Male,Product,Yes,41.4,15,52,4.3,5.0,71.7,5,0.22,Low,Medium
E103218,Female,Product,Yes,40.4,1,17,5.4,8.3,58.8,11,0.09,Low,Low
E103219,Female,Service,Yes,46.0,12,86,4.7,3.2,53.3,7,0.32,Medium,Medium
E103220,Male,Service,Yes,48.8,3,76,5.1,8.0,68.7,3,0.1,Low,Medium
E103221,Male,Product,Yes,45.0,4,45,4.3,2.8,95.4,3,0.31,Medium,Low
E103222,Male,Product,Yes,52.4,11,91,9.7,7.4,55.9,10,0.25,Low,Medium
E103223,Male,Product,Yes,45.2,14,86,8.2,8.2,50.3,5,0.15,Low,Medium
E103224,Male,Service,Yes,45.0,4,51,7.6,8.7,96.8,1,0.1,Low,Medium
E103225,Female,Service,No,48.4,4,38,4.7,5.6,76.5,2,0.21,Low,Low
E103226,Male,Service,Yes,51.1,15,82,8.9,4.0,77.9,1,0.53,Medium,Low
E103227,Male,Product,Yes,38.3,8,78,1.8,8.0,96.4,11,0.04,Low,High
E103228,Male,Service,Yes,39.4,14,30,2.3,3.9,85.0,8,0.14,Low,Low
E103229,Male,Service,Yes,43.4,3,32,9.6,2.3,91.3,3,0.74,High,Low
E103230,Male,Service,Yes,60.8,16,82,6.1,8.5,88.5,11,0.09,Low,High
E103231,Female,Service,Yes,43.7,0,54,2.4,4.7,80.6,2,0.13,Low,Medium
E103232,Male,Product,Yes,44.4,15,72,9.5,6.1,84.4,10,0.37,Medium,Low
E103233,Male,Service,Yes,48.1,19,59,9.8,9.3,78.0,1,0.07,Low,Medium
E103234,Male,Product,No,49.9,16,67,8.9,2.2,67.8,0,0.69,High,Low
E103235,Male,Product,Yes,45.8,3,41,3.1,6.0,64.3,1,0.12,Low,Medium
E103236,Male,Service,Yes,50.8,12,50,3.5,6.0,58.8,3,0.14,Low,Medium
E103237,Female,Product,No,39.0,7,82,4.7,8.8,67.7,10,0.06,Low,High
E103238,Female,Product,Yes,41.2,17,27,6.2,4.1,78.8,11,0.37,Medium,Low
E103239,Female,Product,No,50.8,12,65,9.9,4.6,79.4,3,0.53,Medium,Low
E103240,Male,Service,Yes,45.1,8,62,9.6,5.7,84.2,6,0.41,Medium,Low
E103241,Male,Service,Yes,38.7,4,74,9.3,2.5,94.0,2,0.7,High,Low
E103242,Male,Service,Yes,38.4,10,92,1.8,5.2,82.6,6,0.09,Low,High
E103243,Female,Product,No,40.9,13,84,7.8,4.9,58.5,11,0.4,Medium,Medium
E103244,Female,Product,Yes,45.0,17,65,8.9,2.8,51.3,3,0.64,High,Low
E103245,Male,Product,No,47.3,17,28,4.0,8.5,59.8,8,0.06,Low,Medium
E103246,Male,Service,Yes,43.4,19,57,3.0,4.9,95.4,6,0.15,Low,Medium
E103247,Male,Service,Yes,46.9,15,17,7.7,3.8,78.4,1,0.48,Medium,Low
E103248,Female,Service,No,42.8,3,39,1.8,2.2,92.4,8,0.14,Low,Low
E103249,Female,Service,Yes,51.1,18,48,9.5,1.8,61.7,8,0.78,High,Low
E103250,Male,Product,No,57.8,4,84,2.4,9.6,85.5,1,0.01,Low,High
E103251,Male,Service,Yes,43.0,1,70,5.1,10.0,86.6,7,0.0,Low,High
E103252,Female,Service,No,47.4,16,79,9.8,9.1,90.5,6,0.09,Low,Medium
E103253,Male,Service,Yes,47.0,3,74,9.9,5.1,76.8,0,0.49,Medium,Low
E103254,Male,Service,Yes,45.7,5,62,8.0,8.3,89.7,11,0.14,Low,Medium
E103255,Male,Service,No,48.3,17,86,8.6,8.5,96.8,11,0.13,Low,Medium
E103256,Female,Service,Yes,47.4,5,95,9.7,3.7,97.9,0,0.61,High,Medium
E103257,Male,Service,Yes,42.6,19,91,9.3,6.3,56.3,7,0.34,Medium,Medium
E103258,Male,Service,Yes,51.6,14,33,6.6,9.6,81.2,9,0.03,Low,Medium
E103259,Female,Service,Yes,46.0,0,49,7.6,3.5,55.7,4,0.49,Medium,Low
E103260,Male,Product,No,43.1,16,47,6.3,7.0,96.1,8,0.19,Low,Medium
E103261,Male,Service,Yes,57.2,1,56,5.6,7.0,97.8,2,0.17,Low,Medium
E103262,Male,Product,Yes,44.4,3,68,8.9,5.1,75.0,2,0.44,Medium,Low
E103263,Male,Product,Yes,46.3,2,53,7.6,5.4,98.0,7,0.35,Medium,Low
E103264,Female,Service,No,45.9,2,78,8.7,5.1,88.3,4,0.43,Medium,Medium
E103265,Male,Product,Yes,44.4,13,52,1.9,5.7,84.8,0,0.08,Low,Medium
E103266,Male,Service,Yes,47.2,19,52,6.2,2.3,79.0,8,0.48,Medium,Low
E103267,Female,Product,Yes,40.8,7,87,4.0,8.2,70.3,1,0.07,Low,High
E103268,Female,Product,Yes,48.0,7,66,5.6,6.9,98.2,6,0.17,Low,Medium
E103269,Female,Product,No,36.2,8,61,6.5,9.8,59.9,10,0.01,Low,Medium
E103270,Male,Service,Yes,38.5,17,79,8.6,3.2,90.1,7,0.58,Medium,Low
E103271,Male,Service,Yes,54.1,6,56,1.3,2.3,68.4,3,0.1,Low,Medium
E103272,Female,Service,Yes,38.7,9,69,2.5,4.1,87.7,2,0.15,Low,Medium
E103273,Male,Product,No,35.2,0,73,9.3,5.6,58.2,11,0.41,Medium,Low
E103274,Female,Product,Yes,38.8,3,80,9.7,2.8,68.7,0,0.7,High,Low
E103275,Female,Service,Yes,53.7,19,88,1.5,5.1,97.3,11,0.07,Low,High
E103276,Female,Service,Yes,36.0,3,68,4.0,6.8,77.9,9,0.13,Low,Medium
E103277,Male,Product,No,40.2,13,65,1.1,1.5,74.6,6,0.09,Low,Medium
E103278,Male,Service,Yes,37.7,4,37,7.8,7.8,87.6,6,0.17,Low,Low
E103279,Female,Product,Yes,43.6,4,87,7.1,9.5,70.9,8,0.04,Low,High
E103280,Male,Product,Yes,42.8,18,25,6.1,3.4,74.7,10,0.4,Medium,Low
E103281,Male,Service,Yes,42.6,4,50,7.2,8.0,78.0,10,0.14,Low,Medium
E103282,Female,Product,No,54.3,10,70,5.8,4.8,99.5,5,0.3,Low,Medium
E103283,Female,Service,Yes,39.0,1,56,3.1,7.0,90.3,3,0.09,Low,Medium
E103284,Male,Service,No,44.5,14,27,7.8,7.7,52.0,0,0.18,Low,Low
E103285,Male,Product,Yes,46.7,13,97,8.0,3.7,89.2,5,0.5,Medium,Medium
E103286,Male,Product,Yes,40.1,13,66,8.7,8.1,75.1,11,0.17,Low,Medium
E103287,Female,Service,Yes,47.4,7,44,9.6,1.9,61.5,1,0.78,High,Low
E103288,Female,Service,No,43.0,19,96,7.7,9.9,92.7,9,0.01,Low,High
E103289,Male,Service,Yes,46.9,7,26,1.5,4.0,63.5,8,0.09,Low,Low
E103290,Male,Service,No,44.5,4,90,1.2,3.0,66.0,6,0.08,Low,High
E103291,Female,Service,Yes,34.7,4,35,7.7,2.2,53.1,0,0.6,Medium,Low
E103292,Male,Service,Yes,51.5,13,26,1.5,8.3,98.9,3,0.03,Low,Medium
E103293,Male,Service,No,55.4,4,76,3.8,6.3,89.8,4,0.14,Low,Medium
E103294,Female,Service,No,44.1,8,53,2.2,9.6,57.4,2,0.01,Low,High
E103295,Male,Service,Yes,40.5,10,58,9.7,6.8,74.5,8,0.31,Medium,Low
E103296,Female,Product,Yes,52.5,16,18,3.8,4.1,66.8,8,0.22,Low,Low
E103297,Male,Product,Yes,54.5,11,45,1.5,8.5,51.6,8,0.02,Low,Medium
E103298,Male,Service,Yes,44.2,11,38,9.5,3.5,96.4,1,0.62,High,Low
E103299,Female,Service,Yes,43.9,15,56,6.5,3.6,92.0,2,0.42,Medium,Low
E103300,Male,Service,Yes,44.6,0,63,1.3,1.3,99.3,9,0.11,Low,Medium
E103301,Other,Service,Yes,36.6,17,96,8.5,3.3,62.1,6,0.57,Medium,Medium
E103302,Female,Service,Yes,43.5,5,34,2.4,3.4,85.0,5,0.16,Low,Low
E103303,Male,Product,No,53.6,4,22,8.2,3.7,55.9,7,0.52,Medium,Low
E103304,Male,Product,Yes,44.2,17,47,6.4,4.3,71.6,11,0.36,Medium,Low
E103305,Male,Product,Yes,39.8,12,82,2.6,6.2,92.3,0,0.1,Low,High
E103306,Male,Service,No,47.5,5,52,7.8,2.9,50.4,11,0.55,Medium,Low
E103307,Male,Product,Yes,41.7,6,50,5.1,6.7,74.0,7,0.17,Low,Medium
E103308,Male,Product,Yes,44.7,2,62,6.7,2.2,71.7,11,0.52,Medium,Low
E103309,Male,Service,Yes,38.7,10,22,8.8,9.4,84.5,0,0.05,Low,Low
E103310,Female,Service,Yes,39.8,7,87,3.3,1.2,61.9,5,0.29,Low,Medium
E103311,Female,Service,No,48.7,3,96,4.3,9.2,58.7,11,0.03,Low,High
E103312,Female,Service,Yes,45.6,9,74,10.0,5.9,82.5,7,0.41,Medium,Low
E103313,Male,Product,Yes,41.1,8,38,5.6,7.4,82.1,9,0.15,Low,Medium
E103314,Male,Service,Yes,45.6,12,31,6.0,3.7,87.6,6,0.38,Medium,Low
E103315,Female,Service,No,42.0,18,79,3.6,2.6,62.3,2,0.27,Low,Medium
E103316,Male,Service,Yes,41.1,14,53,4.7,9.5,50.8,6,0.02,Low,Medium
E103317,Male,Service,Yes,50.8,4,93,5.5,5.0,93.9,2,0.28,Low,Medium
E103318,Female,Product,Yes,48.9,12,69,3.3,5.3,60.3,10,0.16,Low,Medium
E103319,Female,Service,Yes,44.9,11,91,3.1,9.9,70.9,2,0.0,Low,High
E103320,Male,Product,Yes,45.7,8,75,6.4,4.0,73.4,4,0.38,Medium,Medium
E103321,Male,Service,Yes,45.0,7,45,2.7,1.9,59.4,1,0.22,Low,Low
E103322,Female,Service,Yes,47.4,8,42,6.0,6.3,76.0,11,0.22,Low,Low
E103323,Female,Service,Yes,41.0,12,46,7.4,6.0,95.7,0,0.3,Low,Low
E103324,Female,Product,Yes,49.3,8,21,2.8,8.0,63.6,3,0.06,Low,Medium
E103325,Female,Service,Yes,46.8,5,92,7.7,9.6,76.0,3,0.03,Low,High
E103326,Female,Service,No,43.7,5,28,4.2,3.8,65.4,3,0.26,Low,Low
E103327,Male,Service,Yes,42.6,10,87,9.9,7.5,99.0,11,0.25,Low,Medium
E103328,Male,Service,Yes,49.2,9,68,9.8,4.9,61.0,9,0.5,Medium,Low
E103329,Female,Product,Yes,44.2,13,84,8.2,8.1,55.5,9,0.16,Low,Medium
E103330,Female,Service,Yes,41.5,5,65,4.1,2.5,57.1,8,0.31,Medium,Medium
E103331,Female,Service,Yes,43.1,6,93,9.4,5.5,68.4,2,0.42,Medium,Medium
E103332,Male,Service,No,48.8,8,44,10.0,1.7,77.6,5,0.83,High,Low
E103333,Male,Product,Yes,36.9,2,44,5.2,6.1,83.4,6,0.2,Low,Medium
E103334,Female,Service,No,43.2,11,30,6.5,2.5,78.1,6,0.49,Medium,Low
E103335,Female,Product,No,50.4,15,37,1.1,9.6,95.3,4,0.0,Low,High
E103336,Female,Product,Yes,44.2,12,45,1.4,6.0,68.0,1,0.06,Low,Medium
E103337,Female,Service,No,46.4,5,26,5.5,5.8,85.6,1,0.23,Low,Low
E103338,Female,Service,Yes,50.4,12,99,6.5,9.8,63.4,8,0.01,Low,High
E103339,Female,Service,Yes,49.5,4,17,3.8,5.5,84.1,0,0.17,Low,Low
E103340,Female,Product,Yes,42.8,3,81,1.9,7.1,96.3,0,0.06,Low,High
E103341,Female,Service,Yes,44.3,7,52,8.0,1.4,98.9,7,0.69,High,Low
E103342,Female,Service,No,49.5,2,99,4.8,7.4,86.5,6,0.12,Low,High
E103343,Male,Product,No,49.7,1,30,6.8,1.9,97.1,11,0.55,Medium,Low
E103344,Male,Service,No,44.6,19,96,6.9,8.0,84.0,8,0.14,Low,High
E103345,Female,Service,Yes,44.7,18,18,5.9,8.9,98.2,11,0.06,Low,Low
E103346,Male,Service,Yes,46.3,6,34,2.6,3.8,94.9,5,0.16,Low,Low
E103347,Male,Service,Yes,51.8,11,59,6.5,8.9,55.3,11,0.07,Low,Medium
E103348,Male,Service,Yes,50.3,3,27,3.9,5.3,73.7,2,0.18,Low,Low
E103349,Male,Service,Yes,48.5,9,16,8.4,6.1,67.4,1,0.33,Medium,Low
E103350,Male,Product,Yes,39.6,8,45,2.7,4.7,51.3,11,0.14,Low,Medium
E103351,Male,Service,Yes,43.6,11,42,3.6,5.3,73.3,6,0.17,Low,Medium
E103352,Female,Product,Yes,43.9,10,87,5.0,9.2,57.4,10,0.04,Low,High
E103353,Male,Product,Yes,52.1,18,73,7.7,9.5,51.8,0,0.04,Low,Medium
E103354,Male,Service,Yes,43.8,1,25,7.5,5.0,72.3,7,0.38,Medium,Low
E103355,Male,Product,No,51.3,5,49,4.0,5.6,61.6,7,0.18,Low,Medium
E103356,Female,Service,Yes,42.1,5,63,5.6,2.0,96.8,8,0.45,Medium,Low
E103357,Male,Product,Yes,42.5,0,58,3.1,3.9,90.6,8,0.19,Low,Medium
E103358,Female,Product,No,47.4,6,72,7.9,5.6,97.8,8,0.35,Medium,Medium
E103359,Female,Service,No,52.8,11,65,2.8,2.8,94.1,6,0.2,Low,Medium
E103360,Female,Service,No,43.9,11,31,8.4,6.2,86.4,2,0.32,Medium,Low
E103361,Male,Service,Yes,32.2,19,18,9.4,7.2,79.9,9,0.26,Low,Low
E103362,Female,Service,Yes,37.2,5,47,9.9,6.8,53.3,5,0.32,Medium,Low
E103363,Male,Service,No,46.5,13,76,8.7,5.0,63.3,5,0.43,Medium,Low
E103364,Female,Service,No,37.6,16,95,3.0,7.9,85.5,11,0.06,Low,High
E103365,Female,Product,Yes,40.7,16,86,4.7,3.9,70.1,1,0.29,Low,Medium
E103366,Male,Service,Yes,45.1,17,57,1.8,5.2,66.3,3,0.09,Low,Medium
E103367,Male,Product,Yes,32.8,12,98,2.5,3.4,55.2,1,0.16,Low,High
E103368,Male,Product,Yes,43.1,12,56,1.4,6.4,53.5,2,0.05,Low,Medium
E103369,Female,Service,Yes,39.2,10,65,6.8,5.0,60.5,6,0.34,Medium,Medium
E103370,Male,Product,Yes,37.5,2,52,5.8,3.0,91.7,7,0.41,Medium,Low
E103371,Female,Service,No,41.0,16,57,9.3,3.8,83.2,10,0.58,Medium,Low
E103372,Male,Service,Yes,39.7,1,62,5.2,3.5,67.0,0,0.34,Medium,Low
E103373,Female,Product,No,47.3,1,56,6.8,9.2,53.1,7,0.05,Low,Medium
E103374,Female,Service,Yes,51.0,6,71,4.6,5.7,59.4,10,0.2,Low,Medium
E103375,Female,Service,Yes,43.2,9,68,8.5,6.9,72.5,7,0.26,Low,Medium
E103376,Female,Product,Yes,42.0,13,31,9.3,9.4,57.7,6,0.06,Low,Low
E103377,Male,Product,No,42.9,18,65,4.9,2.6,88.1,6,0.36,Medium,Low
E103378,Male,Product,Yes,39.5,16,23,1.7,9.4,89.4,2,0.01,Low,Medium
E103379,Female,Product,Yes,38.6,15,98,2.5,5.9,56.8,8,0.1,Low,High
E103380,Male,Service,No,36.8,16,22,7.5,8.7,86.3,10,0.1,Low,Low
E103381,Male,Service,Yes,38.4,17,77,3.9,2.5,75.6,2,0.29,Low,Medium
E103382,Male,Product,No,53.2,10,70,8.1,3.5,98.1,6,0.53,Medium,Low
E103383,Male,Service,No,41.5,18,84,7.7,2.7,89.4,7,0.56,Medium,Low
E103384,Male,Service,No,30.3,10,23,7.2,6.9,79.3,1,0.22,Low,Low
E103385,Female,Service,Yes,42.1,9,89,8.3,2.3,80.2,3,0.64,High,Low
E103386,Male,Product,Yes,37.0,13,19,7.8,8.1,58.9,3,0.15,Low,Low
E103387,Female,Service,No,45.3,13,86,6.7,3.3,94.7,6,0.45,Medium,Medium
E103388,Male,Product,Yes,44.8,9,78,1.0,3.3,78.0,5,0.07,Low,Medium
E103389,Female,Service,Yes,45.3,3,66,5.6,3.5,78.7,9,0.36,Medium,Medium
E103390,Male,Service,No,44.8,9,49,6.4,7.7,78.8,5,0.15,Low,Medium
E103391,Female,Service,Yes,43.1,5,74,9.6,9.3,63.8,5,0.07,Low,Medium
E103392,Female,Service,No,37.7,10,53,6.9,9.2,90.6,11,0.06,Low,Medium
E103393,Male,Product,No,44.6,17,20,6.2,1.9,93.1,8,0.5,Medium,Low
E103394,Female,Service,No,50.1,5,35,5.9,3.4,64.4,10,0.39,Medium,Low
E103395,Other,Service,Yes,54.1,14,50,1.9,7.0,72.1,3,0.06,Low,Medium
E103396,Female,Service,Yes,43.8,5,32,4.8,6.6,59.0,10,0.16,Low,Low
E103397,Female,Service,Yes,44.4,19,15,2.2,4.2,61.9,9,0.13,Low,Low
E103398,Male,Service,Yes,47.5,0,31,1.5,8.8,66.8,1,0.02,Low,Medium
E103399,Female,Service,Yes,52.5,8,83,4.0,2.2,95.1,11,0.31,Medium,Medium
E103400,Male,Product,Yes,42.6,13,20,6.8,6.8,81.3,1,0.22,Low,Low
E103401,Male,Product,Yes,48.5,2,72,8.8,3.5,79.4,11,0.57,Medium,Low
E103402,Other,Service,Yes,40.9,0,59,8.3,5.7,97.3,8,0.36,Medium,Low
E103403,Male,Service,No,46.6,13,86,3.7,4.5,89.6,3,0.2,Low,Medium
E103404,Female,Service,Yes,49.9,13,97,1.4,9.8,50.8,9,0.0,Low,High
E103405,Female,Service,Yes,38.5,3,62,4.6,5.4,56.2,8,0.21,Low,Medium
E103406,Female,Product,Yes,42.4,13,64,3.8,9.8,62.4,0,0.01,Low,High
E103407,Other,Product,No,49.8,3,70,4.3,3.3,65.2,11,0.29,Low,Medium
E103408,Male,Service,Yes,48.1,10,23,6.0,7.9,91.7,10,0.13,Low,Low
E103409,Male,Product,Yes,50.2,19,76,1.3,7.5,88.5,10,0.03,Low,High
E103410,Male,Service,Yes,49.2,8,45,4.3,8.6,57.3,1,0.06,Low,Medium
E103411,Male,Service,Yes,43.3,10,79,6.0,7.2,76.7,6,0.17,Low,Medium
E103412,Male,Service,No,56.0,14,75,4.9,7.1,55.5,11,0.14,Low,Medium
E103413,Male,Service,No,45.7,5,24,7.0,6.9,58.6,10,0.22,Low,Low
E103414,Female,Product,Yes,29.7,11,67,2.7,9.9,62.1,6,0.0,Low,High
E103415,Female,Service,No,43.6,12,78,2.4,3.1,95.3,11,0.17,Low,Medium
E103416,Male,Service,No,42.7,17,78,3.8,1.3,68.3,10,0.33,Medium,Medium
E103417,Female,Product,No,49.0,13,64,1.9,7.1,95.8,0,0.06,Low,High
E103418,Male,Product,Yes,42.7,10,79,3.1,2.6,87.5,7,0.23,Low,Medium
E103419,Male,Product,Yes,50.5,1,91,1.8,7.1,87.5,11,0.05,Low,High
E103420,Female,Product,Yes,47.8,18,28,4.6,3.9,90.2,6,0.28,Low,Low
E103421,Female,Service,Yes,40.0,1,37,7.4,1.4,54.8,10,0.64,High,Low
E103422,Female,Product,Yes,44.3,16,42,3.6,7.9,90.7,9,0.08,Low,Medium
E103423,Male,Product,No,41.1,7,72,1.0,1.5,62.6,1,0.08,Low,Medium
E103424,Female,Product,No,45.9,4,54,6.0,3.0,99.2,11,0.42,Medium,Low
E103425,Female,Product,No,41.1,10,78,7.2,4.0,92.4,0,0.43,Medium,Medium
E103426,Female,Service,Yes,45.4,19,16,4.5,2.2,99.8,1,0.35,Medium,Low
E103427,Female,Product,Yes,43.6,0,57,3.7,9.2,96.9,6,0.03,Low,Medium
E103428,Female,Service,Yes,44.2,19,26,5.4,6.6,68.0,11,0.18,Low,Low
E103429,Female,Service,Yes,55.3,15,49,1.9,8.9,97.1,9,0.02,Low,High
E103430,Female,Service,No,43.2,4,88,6.8,7.1,66.5,3,0.2,Low,Medium
E103431,Other,Product,Yes,35.3,15,83,7.6,9.9,83.0,5,0.01,Low,High
E103432,Female,Service,No,50.1,4,77,7.3,5.7,90.9,4,0.31,Medium,Medium
E103433,Male,Service,Yes,50.0,9,55,4.0,1.5,69.1,10,0.34,Medium,Low
E103434,Female,Service,Yes,35.1,8,78,8.6,2.4,60.2,7,0.65,High,Low
E103435,Male,Product,Yes,41.5,18,32,9.5,6.3,94.7,6,0.35,Medium,Low
E103436,Male,Service,Yes,47.2,2,84,3.7,4.1,55.2,10,0.22,Low,Medium
E103437,Female,Product,Yes,47.6,8,25,3.4,2.0,68.2,6,0.27,Low,Low
E103438,Female,Product,Yes,45.0,19,79,7.3,3.1,77.0,10,0.5,Medium,Low
E103439,Female,Service,Yes,45.1,7,37,7.4,5.3,90.2,10,0.35,Medium,Low
E103440,Male,Service,No,40.3,3,18,5.6,5.7,93.4,8,0.24,Low,Low
E103441,Male,Product,No,33.0,10,21,9.3,9.4,75.6,3,0.06,Low,Low
E103442,Male,Product,No,55.2,3,55,2.3,1.8,78.7,8,0.19,Low,Medium
E103443,Other,Product,No,40.2,11,63,5.3,4.2,92.7,2,0.31,Medium,Medium
E103444,Other,Service,No,45.9,6,31,1.3,5.6,73.4,2,0.06,Low,Medium
E103445,Female,Product,Yes,44.2,7,89,1.5,2.0,78.0,4,0.12,Low,Medium
E103446,Female,Service,Yes,49.5,9,69,1.5,7.2,50.9,9,0.04,Low,High
E103447,Female,Service,Yes,45.6,12,41,5.4,5.6,97.6,2,0.24,Low,Low
E103448,Female,Product,No,45.8,13,26,6.3,5.1,78.3,8,0.31,Medium,Low
E103449,Male,Service,Yes,31.8,15,61,1.0,6.9,86.4,0,0.03,Low,High
E103450,Male,Product,Yes,40.8,6,48,6.7,3.6,62.4,5,0.43,Medium,Low
E103451,Female,Service,No,48.7,15,22,5.4,4.1,82.8,6,0.32,Medium,Low
E103452,Female,Product,Yes,48.3,16,37,3.0,2.5,73.0,0,0.22,Low,Low
E103453,Male,Service,No,40.2,19,40,1.1,5.7,55.6,4,0.05,Low,Medium
E103454,Female,Service,No,37.1,18,48,2.4,4.4,91.5,8,0.13,Low,Medium
E103455,Male,Product,Yes,45.6,11,46,6.4,3.3,92.0,11,0.43,Medium,Low
E103456,Male,Service,Yes,30.5,8,20,6.9,2.1,53.2,5,0.55,Medium,Low
E103457,Female,Service,No,39.3,7,79,6.8,1.2,69.5,3,0.6,Medium,Low
E103458,Female,Product,Yes,53.8,8,73,2.4,2.7,64.1,3,0.18,Low,Medium
E103459,Female,Service,No,52.2,4,64,9.2,3.2,75.8,4,0.63,High,Low
E103460,Male,Product,No,47.4,9,82,4.7,5.4,74.4,4,0.22,Low,Medium
E103461,Male,Service,Yes,46.5,4,22,7.9,3.2,82.8,5,0.54,Medium,Low
E103462,Female,Service,Yes,35.2,13,54,2.5,8.4,62.4,11,0.04,Low,Medium
E103463,Female,Product,Yes,41.3,17,60,5.2,5.3,61.1,2,0.24,Low,Medium
E103464,Male,Product,Yes,43.5,6,98,5.7,6.6,86.2,3,0.19,Low,High
E103465,Female,Service,Yes,41.4,7,92,7.9,2.9,98.8,4,0.56,Medium,Medium
E103466,Male,Service,No,43.2,4,47,6.6,4.7,97.3,1,0.35,Medium,Low
E103467,Female,Product,Yes,51.5,5,72,4.6,6.4,89.6,11,0.17,Low,Medium
E103468,Female,Service,No,42.3,19,17,3.5,3.8,53.4,9,0.22,Low,Low
E103469,Male,Service,Yes,43.3,8,93,9.8,4.0,61.9,3,0.59,Medium,Medium
E103470,Male,Service,Yes,48.7,8,41,3.6,8.3,84.5,6,0.06,Low,Medium
E103471,Female,Service,Yes,37.9,7,97,2.2,8.5,64.8,3,0.03,Low,High
E103472,Female,Service,No,40.8,16,79,3.7,5.8,69.7,7,0.16,Low,Medium
E103473,Female,Service,Yes,41.3,7,71,3.9,9.1,97.7,0,0.04,Low,High
E103474,Female,Service,Yes,45.3,0,49,2.2,7.6,54.3,8,0.05,Low,Medium
E103475,Female,Service,No,43.3,17,66,7.4,1.5,93.1,4,0.63,High,Low
E103476,Female,Service,Yes,43.4,14,65,6.6,6.0,52.5,10,0.26,Low,Medium
E103477,Male,Product,Yes,41.7,15,31,3.8,7.3,66.9,1,0.1,Low,Medium
E103478,Male,Service,Yes,39.6,1,91,9.9,5.9,77.8,5,0.41,Medium,Medium
E103479,Male,Product,No,48.0,12,66,6.9,8.5,67.8,3,0.1,Low,Medium
E103480,Male,Product,Yes,43.3,1,62,7.3,3.7,97.9,7,0.46,Medium,Low
E103481,Female,Service,Yes,48.1,13,72,6.0,1.6,75.2,7,0.5,Medium,Low
E103482,Male,Product,Yes,39.4,6,90,6.0,6.7,86.7,9,0.2,Low,Medium
E103483,Female,Service,No,41.7,10,40,1.2,7.6,85.1,6,0.03,Low,Medium
E103484,Female,Product,Yes,43.9,14,41,7.9,7.9,91.8,11,0.17,Low,Low
E103485,Female,Product,Yes,44.4,16,38,9.2,1.1,93.2,11,0.82,High,Low
E103486,Male,Service,Yes,48.8,16,95,2.1,7.1,73.3,2,0.06,Low,High
E103487,Male,Product,Yes,42.8,14,25,8.2,1.2,93.2,9,0.72,High,Low
E103488,Male,Service,No,48.7,15,22,5.8,8.0,82.7,3,0.12,Low,Low
E103489,Male,Service,Yes,46.9,8,62,3.6,7.3,84.3,2,0.1,Low,Medium
E103490,Male,Product,No,44.5,19,46,9.3,6.1,58.7,0,0.36,Medium,Low
E103491,Female,Service,No,40.2,18,43,1.2,5.6,62.3,6,0.05,Low,Medium
E103492,Female,Service,No,48.8,8,19,3.5,7.4,84.4,10,0.09,Low,Low
E103493,Female,Service,Yes,40.4,5,63,9.0,1.5,63.3,9,0.76,High,Low
E103494,Female,Product,No,44.9,0,27,5.3,8.5,74.5,7,0.08,Low,Medium
E103495,Male,Service,Yes,44.7,4,56,6.4,2.8,74.5,10,0.46,Medium,Low
E103496,Female,Product,No,44.0,4,24,7.7,5.3,61.7,7,0.36,Medium,Low
E103497,Female,Service,Yes,43.1,0,40,2.3,5.4,78.3,7,0.11,Low,Medium
E103498,Male,Service,No,40.9,0,40,2.9,8.0,78.2,0,0.06,Low,Medium
E103499,Female,Product,Yes,36.9,5,99,10.0,2.7,56.5,0,0.73,High,Low
E103500,Male,Service,No,52.0,8,37,3.1,3.7,69.1,9,0.2,Low,Low
E103501,Female,Product,No,42.5,18,58,5.9,7.0,68.3,4,0.18,Low,Medium
E103502,Other,Service,No,44.4,4,90,3.7,4.7,78.1,10,0.2,Low,Medium
E103503,Male,Service,No,44.3,16,53,8.7,3.7,87.5,9,0.55,Medium,Low
E103504,Female,Service,Yes,50.5,19,57,9.7,6.6,50.9,11,0.33,Medium,Low
E103505,Female,Product,Yes,54.7,11,66,2.3,1.8,56.6,2,0.19,Low,Medium
E103506,Female,Service,No,45.8,5,72,6.4,8.1,65.1,0,0.12,Low,Medium
E103507,Male,Product,Yes,44.2,12,90,8.3,5.7,90.5,10,0.36,Medium,Medium
E103508,Female,Service,Yes,39.4,7,46,8.4,2.9,74.0,1,0.6,Medium,Low
E103509,Male,Service,Yes,37.8,2,32,5.0,4.7,75.5,7,0.26,Low,Low
E103510,Male,Service,Yes,36.1,10,56,3.0,2.2,70.5,4,0.23,Low,Medium
E103511,Male,Product,Yes,41.0,19,98,4.5,6.5,70.8,3,0.16,Low,High
E103512,Female,Product,Yes,34.5,0,16,7.8,7.0,98.9,1,0.23,Low,Low
E103513,Female,Product,Yes,50.4,13,74,9.9,4.6,94.9,7,0.53,Medium,Low
E103514,Female,Service,Yes,47.1,12,47,6.0,4.1,86.3,5,0.35,Medium,Low
E103515,Female,Service,Yes,43.7,14,60,2.8,8.6,66.2,10,0.04,Low,High
E103516,Male,Service,Yes,50.5,7,95,1.4,6.2,75.7,7,0.05,Low,High
E103517,Male,Product,Yes,39.6,14,73,9.5,7.0,84.5,0,0.29,Low,Medium
E103518,Male,Service,Yes,40.9,12,71,5.3,2.1,69.7,10,0.42,Medium,Low
E103519,Male,Service,No,35.3,0,76,7.4,7.4,76.2,2,0.19,Low,Medium
E103520,Male,Service,Yes,48.9,10,77,6.9,5.0,57.3,0,0.34,Medium,Medium
E103521,Male,Service,No,40.9,19,87,9.0,4.3,54.7,3,0.51,Medium,Medium
E103522,Male,Service,No,45.1,14,45,3.4,9.4,58.4,4,0.02,Low,Medium
E103523,Male,Product,Yes,50.0,3,53,5.0,1.5,87.8,5,0.42,Medium,Low
E103524,Male,Service,Yes,51.9,5,99,9.2,2.8,59.5,5,0.66,High,Medium
E103525,Male,Product,Yes,44.9,11,36,6.3,4.4,96.2,6,0.35,Medium,Low
E103526,Female,Product,Yes,46.9,0,31,1.6,3.9,68.4,5,0.1,Low,Low
E103527,Female,Service,Yes,40.5,9,17,2.8,5.6,58.5,2,0.12,Low,Low
E103528,Female,Service,Yes,53.4,17,46,3.1,4.6,91.3,1,0.17,Low,Medium
E103529,Male,Service,Yes,44.2,0,47,9.9,8.1,72.8,7,0.19,Low,Low
E103530,Male,Product,Yes,45.4,6,78,3.0,7.9,69.4,5,0.06,Low,High
E103531,Female,Service,No,43.0,1,24,8.8,8.0,66.5,11,0.18,Low,Low
E103532,Male,Service,Yes,51.0,7,19,1.7,4.3,66.5,11,0.1,Low,Low
E103533,Male,Service,No,46.0,0,82,2.6,4.7,83.2,0,0.14,Low,Medium
E103534,Male,Service,Yes,48.8,18,52,8.8,7.5,77.0,9,0.22,Low,Low
E103535,Male,Service,Yes,46.8,5,55,9.1,2.1,73.4,9,0.72,High,Low
E103536,Male,Service,Yes,43.9,10,98,2.6,8.7,72.4,8,0.03,Low,High
E103537,Male,Product,No,49.6,18,87,3.1,5.9,57.1,1,0.13,Low,High
E103538,Female,Product,Yes,46.7,9,75,5.8,8.6,91.4,9,0.08,Low,Medium
E103539,Male,Service,Yes,40.2,15,29,1.5,8.1,96.3,10,0.03,Low,Medium
E103540,Male,Service,No,40.1,15,66,9.5,4.4,90.1,4,0.53,Medium,Low
E103541,Female,Product,Yes,45.7,9,22,4.3,1.9,72.6,1,0.35,Medium,Low
E103542,Male,Service,Yes,49.5,17,70,5.4,9.3,98.6,8,0.04,Low,Medium
E103543,Male,Product,No,53.2,17,44,1.9,4.1,80.9,8,0.11,Low,Medium
E103544,Female,Service,No,36.1,2,88,1.3,4.4,88.7,2,0.07,Low,High
E103545,Male,Product,Yes,45.1,11,92,5.2,9.2,87.1,10,0.04,Low,High
E103546,Male,Service,Yes,47.4,9,48,2.1,9.3,85.4,1,0.01,Low,High
E103547,Male,Service,No,46.5,15,73,6.7,3.4,82.1,10,0.44,Medium,Low
E103548,Male,Product,No,50.0,8,70,8.2,1.8,60.6,7,0.67,High,Low
E103549,Female,Service,Yes,48.3,17,27,1.3,1.0,64.7,8,0.12,Low,Low
E103550,Female,Service,No,40.1,12,65,6.5,4.9,94.3,1,0.33,Medium,Medium
E103551,Male,Service,Yes,39.9,13,73,8.3,6.1,59.0,10,0.32,Medium,Medium
E103552,Female,Product,Yes,46.6,18,76,5.0,3.4,57.6,8,0.33,Medium,Medium
E103553,Male,Service,Yes,50.0,13,43,9.6,3.3,64.2,2,0.64,High,Low
E103554,Male,Product,Yes,45.7,1,76,2.0,4.2,68.1,0,0.12,Low,Medium
E103555,Female,Service,Yes,37.1,10,21,3.9,3.4,77.7,5,0.26,Low,Low
E103556,Male,Service,Yes,39.8,7,58,3.1,8.7,80.3,1,0.04,Low,High
E103557,Male,Product,Yes,48.5,2,20,10.0,6.8,89.5,0,0.32,Medium,Low
E103558,Male,Service,Yes,43.3,14,76,3.6,8.5,53.7,3,0.05,Low,High
E103559,Male,Service,Yes,45.6,12,82,4.5,8.7,60.4,8,0.06,Low,High
E103560,Male,Service,No,50.3,7,92,8.6,4.9,75.3,7,0.44,Medium,Medium
E103561,Female,Service,No,39.0,12,84,9.4,5.3,62.5,11,0.44,Medium,Medium
E103562,Male,Product,Yes,42.9,15,31,9.4,9.8,93.7,2,0.02,Low,Low
E103563,Male,Service,No,42.4,0,63,6.0,8.4,82.0,7,0.1,Low,Medium
E103564,Male,Service,Yes,46.8,1,38,7.0,8.2,74.5,5,0.13,Low,Low
E103565,Female,Service,Yes,48.9,12,91,4.1,6.3,50.0,4,0.15,Low,High
E103566,Female,Service,No,37.6,13,26,6.5,5.2,92.9,0,0.31,Medium,Low
E103567,Female,Service,Yes,45.0,1,71,3.7,9.1,73.0,8,0.03,Low,High
E103568,Female,Product,Yes,49.3,15,43,7.7,8.2,76.6,1,0.14,Low,Low
E103569,Female,Product,Yes,35.7,13,76,3.8,5.7,84.9,8,0.16,Low,Medium
E103570,Male,Service,Yes,44.7,6,92,8.9,3.4,96.9,4,0.59,Medium,Medium
E103571,Male,Service,Yes,38.9,13,41,2.3,2.3,57.9,2,0.18,Low,Low
E103572,Female,Product,No,41.8,17,19,6.1,6.0,53.6,9,0.24,Low,Low
E103573,Other,Service,Yes,32.5,16,54,5.7,3.7,56.1,6,0.36,Medium,Low
E103574,Female,Service,No,52.0,4,61,3.4,3.4,87.0,0,0.22,Low,Medium
E103575,Male,Product,No,43.2,10,23,1.3,2.0,56.5,4,0.1,Low,Low
E103576,Male,Service,Yes,41.0,17,30,2.3,1.3,75.0,4,0.2,Low,Low
E103577,Male,Service,Yes,46.6,15,27,9.7,8.1,85.3,10,0.18,Low,Low
E103578,Female,Product,Yes,39.8,9,68,9.5,2.0,85.6,6,0.76,High,Low
E103579,Male,Product,Yes,39.3,5,29,2.1,9.0,70.3,7,0.02,Low,Medium
E103580,Male,Service,Yes,52.6,13,39,4.4,2.9,84.9,7,0.31,Medium,Low
E103581,Female,Service,No,54.0,1,30,5.2,7.8,97.5,0,0.11,Low,Low
E103582,Male,Service,No,42.0,8,58,5.3,8.4,51.4,3,0.08,Low,Medium
E103583,Female,Product,Yes,50.3,12,61,3.7,8.1,83.6,5,0.07,Low,Medium
E103584,Male,Service,Yes,46.8,19,47,9.2,8.9,76.1,9,0.1,Low,Low
E103585,Male,Service,Yes,37.9,11,98,9.2,4.1,60.6,10,0.54,Medium,Medium
E103586,Male,Product,Yes,40.4,1,40,1.2,9.9,65.4,1,0.0,Low,High
E103587,Female,Service,No,52.8,2,54,6.9,3.5,91.9,6,0.45,Medium,Low
E103588,Male,Service,No,37.9,12,85,1.7,9.4,79.3,8,0.01,Low,High
E103589,Male,Service,Yes,56.4,0,59,6.4,4.9,50.7,9,0.33,Medium,Low
E103590,Female,Service,Yes,42.1,19,95,8.8,1.5,98.3,4,0.75,High,Low
E103591,Male,Service,Yes,52.9,3,57,6.8,8.1,83.3,4,0.13,Low,Medium
E103592,Female,Product,Yes,43.5,17,86,5.2,8.1,72.1,11,0.1,Low,High
E103593,Female,Product,Yes,49.0,12,37,9.6,2.8,85.6,4,0.69,High,Low
E103594,Male,Service,Yes,52.0,5,61,7.7,8.4,60.2,8,0.12,Low,Medium
E103595,Female,Service,Yes,51.9,5,58,3.2,2.4,63.0,4,0.24,Low,Medium
E103596,Male,Service,Yes,42.1,14,96,4.5,2.4,57.6,3,0.34,Medium,Medium
E103597,Female,Service,Yes,40.7,17,56,7.8,8.3,69.9,11,0.13,Low,Medium
E103598,Male,Service,Yes,44.6,16,26,1.2,3.6,95.2,10,0.08,Low,Low
E103599,Female,Product,Yes,38.5,13,50,1.6,1.7,69.4,7,0.13,Low,Medium
E103600,Male,Service,Yes,46.2,3,93,8.7,9.6,64.4,3,0.03,Low,High
E103601,Female,Service,Yes,40.9,0,96,1.4,6.0,85.2,7,0.06,Low,High
E103602,Male,Service,Yes,50.4,7,27,7.1,5.0,93.5,6,0.36,Medium,Low
E103603,Male,Service,No,42.1,10,95,3.9,5.5,62.2,7,0.18,Low,High
E103604,Male,Service,Yes,36.3,12,79,8.4,7.0,90.4,1,0.25,Low,Medium
E103605,Male,Service,Yes,52.0,16,41,8.6,8.8,65.2,10,0.1,Low,Low
E103606,Female,Service,No,45.9,13,34,9.6,7.1,62.4,3,0.28,Low,Low
E103607,Male,Product,Yes,45.1,16,32,1.9,7.7,73.6,2,0.04,Low,Medium
E103608,Female,Service,No,50.5,19,78,4.8,2.6,53.3,6,0.36,Medium,Medium
E103609,Female,Service,Yes,49.4,0,23,6.2,4.5,93.1,8,0.34,Medium,Low
E103610,Female,Service,Yes,41.2,7,88,9.2,6.3,93.7,5,0.34,Medium,Medium
E103611,Male,Product,Yes,42.8,18,39,3.4,6.6,83.9,10,0.12,Low,Medium
E103612,Male,Service,Yes,39.4,10,15,1.6,3.4,65.1,3,0.11,Low,Low
E103613,Female,Service,Yes,37.7,9,73,2.8,9.8,58.3,9,0.01,Low,High
E103614,Male,Service,Yes,47.9,0,50,5.5,2.1,84.9,3,0.43,Medium,Low
E103615,Male,Product,No,47.0,4,32,7.1,2.0,55.2,2,0.57,Medium,Low
E103616,Female,Service,Yes,48.8,15,61,7.2,3.1,70.6,5,0.5,Medium,Low
E103617,Female,Service,Yes,51.4,19,93,1.7,7.8,54.4,11,0.04,Low,High
E103618,Female,Service,Yes,48.9,19,47,7.9,1.3,71.3,2,0.69,High,Low
E103619,Male,Service,No,49.3,4,36,6.9,9.9,56.7,4,0.01,Low,Medium
E103620,Female,Service,No,34.6,15,79,4.7,9.9,51.6,4,0.0,Low,High
E103621,Male,Service,No,43.5,2,25,6.1,2.4,72.5,4,0.46,Medium,Low
E103622,Male,Product,Yes,49.8,1,40,7.9,4.6,78.4,10,0.43,Medium,Low
E103623,Female,Product,Yes,39.2,16,84,3.4,2.8,72.0,6,0.24,Low,Medium
E103624,Male,Service,Yes,45.5,0,77,9.5,4.7,58.8,4,0.5,Medium,Low
E103625,Male,Service,Yes,47.6,15,92,2.2,5.8,53.9,0,0.09,Low,High
E103626,Male,Service,No,47.2,1,52,9.1,8.4,56.3,6,0.15,Low,Low
E103627,Female,Service,No,46.8,19,63,7.7,1.3,86.4,6,0.67,High,Low
E103628,Female,Product,Yes,48.0,6,31,6.9,9.9,50.8,9,0.01,Low,Medium
E103629,Female,Product,Yes,45.9,10,71,1.7,9.5,93.2,2,0.01,Low,High
E103630,Female,Service,Yes,37.7,5,28,9.3,6.1,92.0,5,0.36,Medium,Low
E103631,Male,Service,Yes,47.5,1,97,3.7,5.3,94.0,4,0.17,Low,High
E103632,Male,Service,Yes,46.4,13,22,7.7,6.0,93.9,0,0.31,Medium,Low
E103633,Male,Product,Yes,37.8,3,70,9.0,1.2,83.4,6,0.79,High,Low
E103634,Male,Product,No,51.9,18,37,3.2,7.6,92.4,3,0.08,Low,Medium
E103635,Male,Product,Yes,47.7,1,58,9.2,5.5,86.5,1,0.41,Medium,Low
E103636,Female,Product,No,38.1,1,80,6.5,3.6,65.0,1,0.42,Medium,Medium
E103637,Male,Service,Yes,40.9,12,17,6.9,5.2,87.8,7,0.33,Medium,Low
E103638,Male,Product,Yes,42.2,12,67,9.2,3.6,80.8,2,0.59,Medium,Low
E103639,Male,Product,Yes,42.2,2,27,5.7,7.3,51.4,5,0.15,Low,Low
E103640,Male,Service,Yes,46.5,5,83,5.0,6.5,89.3,7,0.18,Low,Medium
E103641,Female,Service,Yes,40.1,16,96,6.7,4.5,93.5,6,0.37,Medium,Medium
E103642,Male,Product,Yes,50.6,0,15,6.0,3.8,75.9,2,0.37,Medium,Low
E103643,Male,Service,Yes,50.2,6,35,1.6,8.9,74.4,8,0.02,Low,Medium
E103644,Female,Product,No,48.1,6,97,2.6,7.1,71.4,10,0.08,Low,High
E103645,Male,Product,Yes,45.2,12,70,1.1,7.4,85.9,1,0.03,Low,High
E103646,Male,Product,No,49.7,8,16,2.0,6.6,60.8,7,0.07,Low,Medium
E103647,Male,Product,Yes,43.6,17,98,7.6,1.7,88.7,6,0.63,High,Medium
E103648,Female,Service,Yes,41.4,0,45,1.0,1.5,64.6,9,0.08,Low,Low
E103649,Other,Product,Yes,51.0,10,27,3.7,4.9,63.1,1,0.19,Low,Low
E103650,Female,Service,No,46.6,10,28,5.0,9.4,90.5,4,0.03,Low,Medium
E103651,Male,Service,Yes,41.6,9,90,9.4,5.7,58.7,11,0.4,Medium,Medium
E103652,Female,Service,Yes,42.9,16,71,3.9,8.9,93.1,4,0.04,Low,High
E103653,Male,Service,Yes,41.3,16,27,8.0,1.9,98.9,9,0.65,High,Low
E103654,Male,Service,Yes,55.1,11,28,4.7,7.5,66.0,1,0.12,Low,Low
E103655,Male,Product,No,45.0,9,41,1.9,3.2,96.4,7,0.13,Low,Medium
E103656,Male,Service,Yes,45.8,11,84,1.9,5.7,78.3,10,0.08,Low,High
E103657,Male,Service,Yes,48.6,5,74,4.9,3.6,63.0,1,0.31,Medium,Medium
E103658,Female,Service,No,38.9,5,84,1.5,7.4,72.6,6,0.04,Low,High
E103659,Female,Service,Yes,50.5,5,29,6.1,4.6,90.0,5,0.33,Medium,Low
E103660,Male,Product,Yes,42.0,19,70,5.4,5.2,83.3,6,0.26,Low,Medium
E103661,Male,Service,Yes,54.2,7,76,7.3,3.2,74.7,8,0.5,Medium,Low
E103662,Male,Product,No,43.4,4,27,2.7,3.5,62.9,4,0.18,Low,Low
E103663,Male,Product,No,50.2,5,21,6.3,2.6,86.3,6,0.47,Medium,Low
E103664,Female,Service,Yes,32.5,1,35,2.6,6.0,65.7,10,0.1,Low,Medium
E103665,Male,Product,No,39.1,16,28,7.5,2.3,66.5,10,0.58,Medium,Low
E103666,Female,Service,Yes,43.5,7,17,3.8,3.4,87.3,3,0.25,Low,Low
E103667,Male,Service,Yes,34.8,8,77,6.5,5.8,77.9,3,0.27,Low,Medium
E103668,Male,Product,Yes,48.0,7,57,8.9,3.5,59.3,9,0.58,Medium,Low
E103669,Male,Product,Yes,46.6,10,26,5.4,6.3,84.4,8,0.2,Low,Low
E103670,Male,Service,Yes,40.0,9,69,2.7,1.1,62.9,6,0.24,Low,Medium
E103671,Male,Service,No,44.9,16,99,9.0,9.8,88.0,7,0.02,Low,High
E103672,Female,Service,Yes,49.0,19,73,4.2,7.6,73.9,8,0.1,Low,Medium
E103673,Male,Service,No,34.5,12,34,7.6,5.5,79.7,10,0.34,Medium,Low
E103674,Female,Product,Yes,38.6,8,83,3.9,9.3,80.0,6,0.03,Low,High
E103675,Male,Service,Yes,43.3,14,59,3.7,8.8,57.3,4,0.04,Low,Medium
E103676,Male,Service,Yes,45.1,12,69,6.8,4.3,82.5,3,0.39,Medium,Medium
E103677,Male,Product,Yes,44.7,12,73,2.4,2.0,93.4,10,0.19,Low,Medium
E103678,Female,Service,No,49.4,12,89,8.8,3.3,94.6,3,0.59,Medium,Low
E103679,Male,Service,Yes,47.4,3,74,4.5,2.9,84.4,11,0.32,Medium,Medium
E103680,Female,Product,No,48.5,9,75,1.2,7.8,98.4,6,0.03,Low,High
E103681,Male,Product,No,38.1,14,56,3.7,5.9,79.9,0,0.15,Low,Medium
E103682,Female,Product,Yes,45.7,9,58,8.1,8.7,62.7,10,0.11,Low,Medium
E103683,Male,Service,Yes,43.5,7,20,8.7,5.4,83.0,0,0.4,Medium,Low
E103684,Female,Product,Yes,52.3,9,83,6.1,7.9,95.5,7,0.13,Low,Medium
E103685,Female,Service,Yes,45.9,16,36,3.6,3.9,67.9,5,0.22,Low,Low
E103686,Female,Service,Yes,41.7,4,79,5.8,6.4,63.2,0,0.21,Low,Medium
E103687,Male,Product,Yes,49.3,12,98,8.5,6.8,98.3,10,0.27,Low,Medium
E103688,Male,Service,Yes,47.8,18,34,3.8,7.8,88.3,4,0.08,Low,Medium
E103689,Male,Product,No,40.9,11,61,4.5,8.2,52.5,11,0.08,Low,Medium
E103690,Female,Service,Yes,43.3,11,62,5.9,3.5,78.1,7,0.38,Medium,Low
E103691,Male,Service,Yes,43.3,1,38,9.0,4.5,61.7,0,0.5,Medium,Low
E103692,Female,Product,Yes,51.1,8,86,6.2,2.9,64.3,9,0.44,Medium,Medium
E103693,Male,Service,No,46.0,1,53,2.9,7.7,54.4,7,0.07,Low,Medium
E103694,Male,Product,Yes,48.6,0,69,1.8,3.4,61.5,2,0.12,Low,Medium
E103695,Male,Service,Yes,42.5,13,69,1.9,4.5,75.3,9,0.1,Low,Medium
E103696,Female,Product,No,46.7,12,84,9.6,8.2,53.9,9,0.17,Low,Medium
E103697,Female,Service,No,51.5,2,77,8.4,4.1,94.5,2,0.5,Medium,Low
E103698,Female,Service,No,43.2,19,91,7.9,3.6,88.8,3,0.51,Medium,Medium
E103699,Male,Service,Yes,45.6,4,33,5.5,6.9,69.1,7,0.17,Low,Low
E103700,Female,Product,No,38.2,1,72,7.1,9.8,56.5,9,0.01,Low,Medium
E103701,Female,Product,Yes,41.2,17,40,2.1,1.6,99.7,7,0.18,Low,Low
E103702,Male,Product,No,43.3,8,95,6.6,8.5,78.2,1,0.1,Low,High
E103703,Female,Service,Yes,39.7,11,61,8.3,2.1,71.1,1,0.66,High,Low
E103704,Female,Service,No,51.6,4,28,1.6,4.1,59.9,10,0.09,Low,Low
E103705,Female,Service,No,40.8,17,17,3.7,4.8,60.2,4,0.19,Low,Low
E103706,Female,Service,Yes,48.9,1,83,2.0,7.5,89.8,0,0.05,Low,High
E103707,Male,Service,No,45.9,9,28,3.3,9.3,76.0,7,0.02,Low,Medium
E103708,Male,Product,Yes,45.2,9,22,8.0,1.9,99.2,8,0.65,High,Low
E103709,Female,Product,Yes,52.4,2,29,4.0,7.7,97.7,3,0.09,Low,Medium
E103710,Male,Service,Yes,33.7,13,59,7.2,3.9,60.3,7,0.44,Medium,Low
E103711,Female,Service,No,44.0,4,59,8.0,9.1,100.0,1,0.07,Low,Medium
E103712,Female,Product,Yes,39.6,12,17,8.3,3.5,99.3,10,0.54,Medium,Low
E103713,Female,Service,Yes,35.2,16,25,8.9,7.2,90.0,6,0.25,Low,Low
E103714,Other,Service,Yes,39.0,5,23,6.4,2.5,69.5,4,0.48,Medium,Low
E103715,Male,Service,No,45.1,12,18,3.5,9.6,61.2,9,0.01,Low,Medium
E103716,Male,Service,No,41.4,11,93,2.4,1.0,55.2,2,0.22,Low,Medium
E103717,Male,Product,Yes,49.5,2,64,5.5,3.1,52.6,2,0.38,Medium,Low
E103718,Male,Service,Yes,43.9,15,94,1.9,7.1,91.0,0,0.06,Low,High
E103719,Male,Service,Yes,43.4,4,20,9.2,8.7,97.3,0,0.12,Low,Low
E103720,Male,Service,Yes,43.4,1,58,5.0,9.9,88.6,10,0.01,Low,Medium
E103721,Female,Product,Yes,44.5,10,19,8.9,2.6,88.0,7,0.66,High,Low
E103722,Female,Service,Yes,42.9,3,71,7.4,3.8,70.8,9,0.46,Medium,Low
E103723,Male,Service,No,40.7,0,63,8.7,9.0,82.1,4,0.09,Low,Medium
E103724,Male,Product,Yes,49.9,12,97,9.0,1.3,83.6,7,0.78,High,Low
E103725,Female,Product,Yes,41.9,17,90,1.5,7.6,62.9,3,0.04,Low,High
E103726,Male,Product,Yes,43.1,15,83,7.5,4.8,86.9,6,0.39,Medium,Medium
E103727,Male,Product,Yes,47.1,1,42,3.0,7.2,57.3,9,0.08,Low,Medium
E103728,Male,Service,Yes,46.6,8,53,9.9,5.7,64.7,10,0.43,Medium,Low
E103729,Female,Service,Yes,40.5,11,48,8.0,6.6,79.5,4,0.27,Low,Low
E103730,Male,Service,No,48.8,4,76,1.0,7.0,77.0,3,0.03,Low,High
E103731,Female,Service,Yes,47.7,4,26,9.3,6.7,85.2,10,0.31,Medium,Low
E103732,Male,Product,Yes,45.9,12,83,3.6,7.0,79.1,4,0.11,Low,High
E103733,Male,Product,No,42.8,15,68,4.7,6.1,52.5,3,0.18,Low,Medium
E103734,Male,Product,No,43.0,18,94,6.5,7.4,98.9,2,0.17,Low,High
E103735,Male,Service,No,44.0,8,87,9.2,8.0,88.2,7,0.18,Low,Medium
E103736,Female,Product,No,38.8,15,51,9.3,8.1,94.0,5,0.18,Low,Low
E103737,Female,Product,No,44.8,18,47,6.1,8.7,90.2,0,0.08,Low,Medium
E103738,Female,Service,Yes,49.5,3,63,3.9,3.8,60.6,9,0.24,Low,Medium
E103739,Female,Product,No,49.4,14,15,3.5,7.7,96.6,5,0.08,Low,Low
E103740,Female,Service,Yes,43.1,8,61,4.3,9.5,99.2,7,0.02,Low,High
E103741,Female,Service,Yes,50.3,15,51,2.6,4.3,53.9,3,0.15,Low,Medium
E103742,Female,Product,Yes,54.5,5,23,7.0,8.0,57.9,1,0.14,Low,Low
E103743,Male,Product,Yes,43.4,7,32,5.8,3.6,99.5,3,0.37,Medium,Low
E103744,Male,Service,Yes,48.5,0,99,8.0,2.6,64.7,8,0.59,Medium,Medium
E103745,Male,Service,Yes,33.7,13,58,1.8,5.0,91.0,6,0.09,Low,Medium
E103746,Female,Product,Yes,38.7,3,92,4.6,8.3,53.7,9,0.08,Low,High
E103747,Male,Product,No,45.5,9,84,3.2,3.8,86.6,6,0.2,Low,Medium
E103748,Male,Product,No,40.0,15,77,5.8,3.7,85.1,1,0.37,Medium,Medium
E103749,Female,Service,Yes,55.2,3,17,5.2,3.5,96.9,2,0.34,Medium,Low
E103750,Female,Service,No,48.0,1,32,5.0,3.0,86.4,6,0.35,Medium,Low
E103751,Female,Service,Yes,49.8,1,51,3.8,6.5,52.1,4,0.13,Low,Medium
E103752,Male,Service,No,44.9,12,34,7.5,3.2,72.5,7,0.51,Medium,Low
E103753,Female,Service,Yes,40.0,10,50,5.3,9.4,67.4,6,0.03,Low,Medium
E103754,Male,Service,Yes,42.4,9,94,2.8,4.1,78.5,3,0.17,Low,High
E103755,Male,Service,Yes,46.3,5,18,5.9,5.9,71.4,10,0.24,Low,Low
E103756,Male,Service,Yes,41.8,6,92,6.4,4.7,64.0,3,0.34,Medium,Medium
E103757,Male,Product,Yes,48.4,14,31,1.2,9.7,83.1,7,0.0,Low,Medium
E103758,Male,Service,Yes,48.6,19,71,2.8,4.8,65.6,8,0.15,Low,Medium
E103759,Female,Service,Yes,45.0,18,63,3.2,6.1,92.5,7,0.12,Low,Medium
E103760,Male,Service,Yes,35.9,2,67,3.2,7.9,66.1,4,0.07,Low,High
E103761,Female,Service,Yes,53.6,13,24,3.1,2.5,75.8,0,0.23,Low,Low
E103762,Male,Service,No,43.9,1,43,3.4,1.3,91.3,5,0.3,Low,Low
E103763,Male,Product,Yes,58.5,15,90,3.4,5.1,91.1,2,0.17,Low,High
E103764,Male,Product,Yes,48.3,16,23,9.0,6.0,79.3,3,0.36,Medium,Low
E103765,Male,Service,Yes,44.0,14,35,3.9,3.6,69.0,9,0.25,Low,Low
E103766,Female,Service,No,47.2,12,15,4.1,5.2,77.9,0,0.2,Low,Low
E103767,Male,Service,Yes,34.9,11,50,3.4,6.5,92.5,4,0.12,Low,Medium
E103768,Male,Product,No,50.1,6,97,9.7,9.8,60.9,7,0.02,Low,Medium
E103769,Male,Service,Yes,57.8,19,20,5.8,6.4,56.1,1,0.21,Low,Low
E103770,Male,Service,Yes,34.6,19,32,6.5,5.0,79.1,5,0.32,Medium,Low
E103771,Female,Product,Yes,43.6,2,86,7.6,1.2,78.7,10,0.67,High,Low
E103772,Male,Product,Yes,44.5,8,25,4.0,3.8,64.7,9,0.25,Low,Low
E103773,Female,Product,Yes,49.4,2,83,9.7,4.2,71.7,7,0.56,Medium,Low
E103774,Female,Product,Yes,55.5,15,35,2.4,5.3,54.4,7,0.11,Low,Medium
E103775,Female,Product,Yes,46.9,19,99,5.1,8.0,56.5,6,0.1,Low,High
E103776,Female,Service,No,55.7,2,98,2.3,8.0,91.4,10,0.05,Low,High
E103777,Female,Service,Yes,45.9,7,23,8.1,8.6,73.2,8,0.11,Low,Low
E103778,Female,Product,Yes,47.3,7,16,2.0,3.6,55.0,6,0.13,Low,Low
E103779,Female,Product,Yes,46.6,14,18,6.0,4.1,98.1,9,0.35,Medium,Low
E103780,Male,Product,Yes,51.1,4,26,1.9,2.4,60.5,11,0.14,Low,Low
E103781,Male,Service,Yes,42.9,12,97,5.1,8.7,65.8,5,0.07,Low,High
E103782,Male,Service,No,49.1,14,97,3.5,6.9,98.6,5,0.11,Low,High
E103783,Female,Service,No,38.8,6,97,9.1,1.7,59.0,3,0.76,High,Low
E103784,Female,Service,Yes,43.6,11,53,1.5,3.7,98.4,7,0.09,Low,Medium
E103785,Male,Service,No,41.8,2,74,6.8,2.4,86.1,11,0.52,Medium,Low
E103786,Female,Product,Yes,45.4,7,48,7.3,9.7,71.3,10,0.02,Low,Medium
E103787,Male,Service,Yes,43.4,9,73,9.0,3.9,79.7,1,0.55,Medium,Low
E103788,Male,Product,Yes,50.7,1,86,8.9,5.5,75.4,9,0.4,Medium,Medium
E103789,Other,Product,Yes,40.6,7,20,9.8,3.9,90.2,1,0.6,Medium,Low
E103790,Male,Service,Yes,36.3,17,46,3.3,5.3,53.1,8,0.16,Low,Medium
E103791,Male,Service,Yes,38.2,11,42,3.5,10.0,90.7,7,0.0,Low,Medium
E103792,Female,Product,Yes,50.0,17,89,4.6,3.6,98.5,4,0.29,Low,Medium
E103793,Female,Product,No,40.2,18,55,5.8,3.5,71.5,11,0.38,Medium,Low
E103794,Male,Product,Yes,47.0,4,86,4.3,4.3,59.6,2,0.25,Low,Medium
E103795,Female,Product,No,43.5,15,98,7.7,2.5,55.4,3,0.58,Medium,Medium
E103796,Male,Product,Yes,49.1,16,41,1.1,7.7,67.3,2,0.03,Low,Medium
E103797,Male,Service,Yes,43.8,8,67,1.2,4.4,56.5,4,0.07,Low,Medium
E103798,Male,Product,No,58.8,9,25,7.4,6.2,61.5,7,0.28,Low,Low
E103799,Female,Product,Yes,54.5,18,36,8.9,7.0,82.7,2,0.27,Low,Low
E103800,Male,Product,Yes,43.4,11,19,8.0,1.3,70.8,10,0.7,High,Low
E103801,Female,Service,Yes,42.7,0,48,2.1,6.8,95.1,3,0.07,Low,Medium
E103802,Female,Product,Yes,60.7,16,76,9.4,5.8,73.2,8,0.39,Medium,Low
E103803,Other,Service,Yes,39.6,2,45,5.7,1.7,57.7,3,0.47,Medium,Low
E103804,Male,Product,Yes,44.7,6,61,7.7,2.1,56.9,4,0.61,High,Low
E103805,Female,Service,No,45.1,19,51,2.8,5.0,84.7,3,0.14,Low,Medium
E103806,Male,Service,Yes,45.0,8,40,5.9,4.1,81.7,11,0.35,Medium,Low
E103807,Male,Service,Yes,36.3,4,57,4.0,4.9,85.4,11,0.2,Low,Medium
E103808,Male,Service,Yes,47.5,8,75,9.8,6.7,66.9,5,0.32,Medium,Medium
E103809,Male,Service,Yes,40.1,18,52,5.3,2.4,95.8,5,0.4,Medium,Low
E103810,Female,Product,Yes,52.2,10,46,7.8,7.0,55.7,5,0.23,Low,Low
E103811,Male,Service,Yes,37.7,13,83,6.4,8.4,51.6,4,0.1,Low,Medium
E103812,Male,Service,Yes,45.3,13,76,1.8,1.0,87.1,6,0.16,Low,Medium
E103813,Female,Service,No,33.9,7,39,5.9,4.3,83.9,2,0.34,Medium,Low
E103814,Male,Service,Yes,34.2,19,47,5.9,3.5,74.7,7,0.38,Medium,Low
E103815,Female,Service,No,40.8,0,78,7.4,4.9,52.2,2,0.38,Medium,Medium
E103816,Male,Service,Yes,41.5,3,85,3.9,6.5,55.7,2,0.14,Low,High
E103817,Female,Service,Yes,52.3,15,30,8.7,2.7,59.8,3,0.64,High,Low
E103818,Female,Product,Yes,44.8,0,63,6.6,2.2,81.9,1,0.51,Medium,Low
E103819,Male,Service,No,51.5,18,29,1.4,7.6,83.2,5,0.03,Low,Medium
E103820,Male,Service,Yes,43.1,2,34,7.4,7.2,83.8,7,0.21,Low,Low
E103821,Male,Service,No,48.0,1,36,9.2,5.1,90.2,9,0.45,Medium,Low
E103822,Female,Product,No,41.4,16,24,7.1,5.5,51.2,10,0.32,Medium,Low
E103823,Male,Service,No,41.0,10,86,4.4,3.4,82.2,10,0.29,Low,Medium
E103824,Male,Service,Yes,35.9,2,69,6.3,4.0,62.6,8,0.38,Medium,Medium
E103825,Male,Service,No,46.7,6,42,2.5,3.9,78.6,3,0.15,Low,Medium
E103826,Male,Service,No,46.3,9,23,6.4,7.5,86.9,3,0.16,Low,Low
E103827,Male,Service,Yes,48.9,2,45,5.5,6.0,86.0,0,0.22,Low,Low
E103828,Female,Service,No,46.1,7,97,1.2,7.6,64.4,8,0.03,Low,High
E103829,Male,Service,No,55.1,4,88,3.9,6.3,67.8,1,0.14,Low,High
E103830,Male,Service,Yes,45.9,9,98,2.7,5.9,95.9,3,0.11,Low,High
E103831,Female,Service,Yes,50.0,11,71,4.5,3.9,92.4,11,0.27,Low,Medium
E103832,Female,Product,Yes,43.4,17,45,3.2,4.6,62.9,6,0.17,Low,Medium
E103833,Male,Product,Yes,40.5,5,89,8.5,9.0,79.4,7,0.08,Low,Medium
E103834,Male,Service,Yes,48.6,7,57,7.3,6.2,55.4,11,0.28,Low,Low
E103835,Male,Product,Yes,44.6,17,88,7.7,5.7,82.7,9,0.33,Medium,Medium
E103836,Female,Product,Yes,49.2,5,23,4.2,1.5,81.1,1,0.36,Medium,Low
E103837,Male,Product,Yes,46.8,8,56,1.0,7.0,63.2,5,0.03,Low,High
E103838,Female,Service,No,41.0,15,88,3.0,7.2,71.1,0,0.08,Low,High
E103839,Female,Product,Yes,50.4,10,64,7.8,7.2,89.1,9,0.22,Low,Medium
E103840,Male,Service,No,40.6,1,51,6.4,1.8,62.8,6,0.52,Medium,Low
E103841,Male,Service,Yes,48.1,16,85,5.8,3.7,88.4,1,0.37,Medium,Medium
E103842,Male,Service,No,51.4,12,98,3.5,4.3,65.8,5,0.2,Low,High
E103843,Male,Service,No,43.1,6,98,1.7,8.4,92.0,9,0.03,Low,High
E103844,Male,Service,Yes,50.8,9,86,8.1,9.8,51.5,2,0.02,Low,Medium
E103845,Female,Service,Yes,47.0,12,31,1.3,4.7,62.9,10,0.07,Low,Medium
E103846,Female,Product,Yes,49.3,9,91,1.5,6.0,58.9,8,0.06,Low,High
E103847,Female,Service,No,40.8,3,91,3.7,1.1,94.5,3,0.33,Medium,Medium
E103848,Female,Service,No,46.1,10,62,6.2,1.1,71.4,11,0.55,Medium,Low
E103849,Male,Service,Yes,38.0,8,16,9.9,1.7,77.3,1,0.82,High,Low
E103850,Male,Service,Yes,53.6,15,56,1.8,7.5,62.1,1,0.04,Low,Medium
E103851,Male,Service,Yes,34.9,16,77,5.3,2.6,56.4,7,0.39,Medium,Medium
E103852,Female,Product,Yes,43.2,4,25,6.4,7.8,79.9,1,0.14,Low,Low
E103853,Female,Service,No,40.3,4,98,8.4,4.9,64.2,9,0.43,Medium,Medium
E103854,Female,Service,Yes,48.4,5,70,7.2,8.6,96.4,1,0.1,Low,Medium
E103855,Male,Product,No,54.6,1,87,8.3,8.8,73.8,10,0.1,Low,Medium
E103856,Male,Service,No,48.3,13,59,5.7,8.9,56.9,6,0.06,Low,Medium
E103857,Female,Product,No,59.8,10,59,4.9,5.9,51.2,0,0.2,Low,Medium
E103858,Male,Service,Yes,38.1,18,43,6.6,8.1,61.6,0,0.13,Low,Medium
E103859,Female,Service,Yes,38.5,10,48,9.1,7.0,66.0,5,0.27,Low,Low
E103860,Female,Service,Yes,40.5,19,83,6.0,2.7,60.3,10,0.44,Medium,Medium
E103861,Female,Service,No,45.6,5,34,6.5,4.4,68.3,9,0.36,Medium,Low
E103862,Male,Service,Yes,39.9,12,86,4.0,9.7,93.9,7,0.01,Low,High
E103863,Male,Product,Yes,41.2,18,84,6.4,8.0,52.4,9,0.13,Low,Medium
E103864,Male,Product,No,48.1,2,32,6.6,3.4,90.1,7,0.44,Medium,Low
E103865,Male,Product,Yes,38.8,15,86,7.8,3.5,71.3,6,0.51,Medium,Medium
E103866,Male,Product,Yes,39.3,8,74,6.1,3.3,95.3,3,0.41,Medium,Medium
E103867,Female,Service,Yes,43.0,2,69,2.8,4.0,83.4,5,0.17,Low,Medium
E103868,Female,Product,Yes,43.5,18,66,6.2,9.4,58.2,8,0.04,Low,Medium
E103869,Male,Service,Yes,50.1,14,39,3.7,4.9,98.0,3,0.19,Low,Low
E103870,Male,Product,Yes,40.5,12,80,1.8,4.3,57.7,7,0.1,Low,Medium
E103871,Male,Service,No,41.4,16,42,8.4,3.2,66.8,7,0.57,Medium,Low
E103872,Male,Product,No,47.9,7,34,1.6,9.0,98.9,5,0.02,Low,Medium
E103873,Female,Product,Yes,49.0,13,84,6.7,9.6,60.6,6,0.03,Low,High
E103874,Male,Service,No,52.1,8,51,9.9,3.9,81.6,0,0.6,Medium,Low
E103875,Male,Service,Yes,47.3,2,30,1.8,6.5,98.9,11,0.06,Low,Medium
E103876,Male,Service,Yes,45.7,8,49,3.0,9.6,84.4,1,0.01,Low,Medium
E103877,Female,Service,No,47.9,11,69,7.8,5.5,83.1,9,0.35,Medium,Medium
E103878,Female,Product,Yes,43.7,14,79,1.9,5.2,81.1,9,0.09,Low,High
E103879,Male,Product,Yes,43.6,16,92,8.5,5.7,77.8,4,0.37,Medium,Medium
E103880,Male,Service,Yes,36.1,8,28,1.0,1.3,97.5,3,0.09,Low,Low
E103881,Female,Service,Yes,49.5,7,38,9.0,3.7,77.2,4,0.57,Medium,Low
E103882,Female,Product,Yes,46.1,5,97,1.6,7.3,83.2,4,0.04,Low,High
E103883,Male,Service,No,48.9,8,52,9.3,9.7,86.9,11,0.03,Low,Medium
E103884,Female,Service,Yes,30.9,14,96,8.8,6.1,76.4,9,0.34,Medium,Medium
E103885,Female,Product,No,44.8,17,23,5.9,2.7,94.4,2,0.43,Medium,Low
E103886,Female,Product,Yes,40.7,10,91,8.0,4.8,51.1,5,0.42,Medium,Medium
E103887,Female,Service,Yes,52.5,13,73,1.7,5.4,69.8,0,0.08,Low,High
E103888,Female,Service,Yes,48.1,12,65,2.2,2.4,80.8,3,0.17,Low,Medium
E103889,Male,Product,Yes,46.2,12,65,4.3,4.0,50.9,9,0.26,Low,Medium
E103890,Female,Product,No,42.8,12,33,5.8,5.0,96.8,9,0.29,Low,Low
E103891,Male,Product,Yes,47.0,15,76,8.8,3.4,91.3,3,0.58,Medium,Low
E103892,Female,Service,Yes,40.4,11,24,5.9,4.2,61.0,11,0.34,Medium,Low
E103893,Male,Product,Yes,44.5,17,52,7.0,3.5,66.6,8,0.45,Medium,Low
E103894,Female,Service,Yes,42.1,11,17,7.1,6.5,83.9,0,0.25,Low,Low
E103895,Female,Product,Yes,56.3,4,62,8.9,6.2,67.1,11,0.34,Medium,Low
E103896,Male,Service,Yes,52.3,16,55,8.0,6.0,92.8,8,0.32,Medium,Low
E103897,Female,Service,Yes,50.3,0,31,9.8,1.9,62.4,7,0.79,High,Low
E103898,Male,Product,Yes,37.5,12,87,1.2,2.7,90.9,9,0.09,Low,Medium
E103899,Female,Service,No,49.3,9,83,2.9,2.0,73.2,10,0.23,Low,Medium
E103900,Male,Service,Yes,45.9,2,97,9.4,1.6,72.7,1,0.79,High,Low
E103901,Male,Product,No,51.1,5,29,8.1,3.2,58.4,1,0.55,Medium,Low
E103902,Female,Product,Yes,46.6,15,70,3.4,2.8,99.2,3,0.24,Low,Medium
E103903,Male,Product,Yes,45.0,0,90,9.8,7.5,67.2,5,0.25,Low,Medium
E103904,Female,Service,Yes,46.2,18,92,8.8,7.3,60.2,2,0.24,Low,Medium
E103905,Male,Service,Yes,36.0,7,29,1.6,2.8,51.6,8,0.12,Low,Low
E103906,Male,Product,Yes,41.2,8,19,8.3,2.5,74.7,6,0.62,High,Low
E103907,Male,Service,Yes,46.9,19,58,8.1,2.3,51.6,0,0.62,High,Low
E103908,Female,Product,Yes,50.7,6,17,3.0,3.9,72.8,9,0.18,Low,Low
E103909,Male,Service,No,42.2,10,61,7.0,3.6,95.1,3,0.45,Medium,Low
E103910,Male,Product,No,44.8,7,44,9.7,1.3,74.9,2,0.84,High,Low
E103911,Male,Service,No,37.0,10,26,7.1,6.1,52.2,3,0.28,Low,Low
E103912,Male,Service,Yes,52.3,13,29,8.3,9.1,63.2,10,0.07,Low,Low
E103913,Female,Product,Yes,50.6,13,52,1.9,5.8,52.4,5,0.08,Low,Medium
E103914,Female,Service,Yes,48.3,3,42,7.5,1.6,94.1,2,0.63,High,Low
E103915,Male,Product,Yes,47.0,19,63,2.8,6.4,62.0,8,0.1,Low,Medium
E103916,Female,Product,Yes,52.8,8,61,1.6,5.4,53.3,9,0.07,Low,Medium
E103917,Male,Product,Yes,41.0,7,93,6.0,9.2,98.2,8,0.05,Low,High
E103918,Female,Product,Yes,40.4,14,89,7.8,4.3,74.4,3,0.44,Medium,Medium
E103919,Female,Service,No,50.3,19,26,5.9,7.8,70.3,8,0.13,Low,Low
E103920,Female,Service,No,50.0,5,68,9.4,1.3,96.4,1,0.82,High,Low
E103921,Male,Service,Yes,39.0,15,97,7.3,7.5,76.5,8,0.18,Low,Medium
E103922,Female,Service,Yes,42.3,15,46,2.1,1.4,64.1,3,0.18,Low,Low
E103923,Male,Service,No,53.4,13,15,9.4,4.1,89.6,9,0.55,Medium,Low
E103924,Other,Service,Yes,47.1,14,30,2.4,9.5,63.6,3,0.01,Low,Medium
E103925,Male,Service,Yes,48.9,11,25,7.8,7.3,72.1,10,0.21,Low,Low
E103926,Female,Service,Yes,39.2,17,69,2.3,9.3,90.2,9,0.02,Low,High
E103927,Female,Service,Yes,48.3,10,50,10.0,5.5,96.6,2,0.45,Medium,Low
E103928,Female,Product,Yes,37.9,6,44,4.0,6.5,80.3,1,0.14,Low,Medium
E103929,Male,Service,No,35.1,5,82,5.5,5.7,75.2,7,0.24,Low,Medium
E103930,Female,Service,Yes,48.6,2,70,5.2,5.3,53.8,4,0.24,Low,Medium
E103931,Male,Product,Yes,52.2,8,74,1.9,6.2,80.9,9,0.07,Low,High
E103932,Female,Service,Yes,43.7,14,31,5.4,1.4,66.3,10,0.46,Medium,Low
E103933,Male,Product,No,42.3,1,47,2.3,2.7,75.7,5,0.17,Low,Medium
E103934,Male,Product,Yes,53.6,3,44,8.2,2.9,87.2,2,0.58,Medium,Low
E103935,Male,Service,Yes,44.0,1,27,9.6,4.4,82.0,3,0.54,Medium,Low
E103936,Male,Product,Yes,44.7,5,26,8.3,4.9,54.8,1,0.42,Medium,Low
E103937,Male,Product,Yes,53.5,11,46,4.9,7.7,69.9,2,0.11,Low,Medium
E103938,Male,Service,Yes,43.2,6,48,1.0,2.5,60.0,9,0.08,Low,Medium
E103939,Male,Product,Yes,41.7,8,97,1.3,6.1,57.6,4,0.05,Low,High
E103940,Female,Service,No,49.1,5,26,5.5,3.5,61.0,10,0.36,Medium,Low
E103941,Female,Service,No,41.4,4,18,7.1,5.6,96.0,10,0.31,Medium,Low
E103942,Male,Service,Yes,44.3,3,40,8.4,6.6,85.6,3,0.29,Low,Low
E103943,Male,Service,Yes,38.4,9,96,6.4,6.2,95.4,9,0.24,Low,Medium
E103944,Male,Service,Yes,45.9,19,78,9.8,2.9,75.3,9,0.7,High,Low
E103945,Male,Product,No,45.3,3,44,5.4,7.4,50.1,1,0.14,Low,Medium
E103946,Female,Service,Yes,49.8,4,48,6.4,6.9,51.7,1,0.2,Low,Medium
E103947,Female,Service,No,49.3,16,47,3.1,9.4,57.2,5,0.02,Low,Medium
E103948,Male,Service,Yes,47.8,17,45,4.1,6.7,89.0,8,0.14,Low,Medium
E103949,Male,Product,No,47.0,2,70,7.1,7.5,60.1,6,0.18,Low,Medium
E103950,Male,Product,No,44.6,12,76,6.4,8.3,55.1,7,0.11,Low,Medium
E103951,Female,Product,No,48.0,0,45,4.3,2.0,93.0,3,0.34,Medium,Low
E103952,Female,Product,Yes,39.4,18,91,2.0,7.3,61.4,1,0.05,Low,High
E103953,Male,Product,Yes,33.3,1,38,4.1,3.9,75.1,6,0.25,Low,Low
E103954,Male,Product,Yes,50.8,3,83,1.4,8.4,67.0,0,0.02,Low,High
E103955,Female,Product,Yes,48.4,15,65,6.2,5.3,94.8,0,0.29,Low,Medium
E103956,Female,Service,Yes,44.4,15,79,3.9,6.2,85.2,4,0.15,Low,Medium
E103957,Male,Service,Yes,50.4,16,23,4.4,3.3,72.7,2,0.29,Low,Low
E103958,Male,Product,Yes,41.3,11,22,6.2,6.9,93.2,5,0.19,Low,Low
E103959,Male,Service,Yes,41.5,1,50,6.2,1.3,86.3,3,0.54,Medium,Low
E103960,Female,Service,Yes,40.8,9,83,6.3,7.7,90.4,6,0.14,Low,Medium
E103961,Male,Service,Yes,47.8,5,70,5.4,2.5,98.9,0,0.4,Medium,Low
E103962,Male,Product,Yes,37.1,11,60,5.4,3.0,60.2,5,0.38,Medium,Low
E103963,Female,Service,Yes,41.2,11,24,8.4,1.0,60.1,1,0.76,High,Low
E103964,Male,Product,No,46.4,16,88,5.2,3.8,77.8,2,0.32,Medium,Medium
E103965,Female,Product,Yes,39.0,17,25,5.8,4.5,76.6,11,0.32,Medium,Low
E103966,Male,Product,Yes,41.7,3,22,9.9,3.1,93.5,9,0.68,High,Low
E103967,Male,Product,Yes,33.9,2,82,2.6,3.1,57.8,4,0.18,Low,Medium
E103968,Female,Product,Yes,48.0,16,32,7.5,9.0,71.3,5,0.07,Low,Low
E103969,Male,Service,Yes,41.6,8,98,5.3,3.9,76.4,0,0.32,Medium,Medium
E103970,Female,Service,No,39.5,11,17,8.5,7.5,73.2,4,0.21,Low,Low
E103971,Male,Service,Yes,38.5,6,29,4.6,3.1,53.4,2,0.32,Medium,Low
E103972,Male,Product,Yes,42.9,15,74,3.7,8.3,57.4,8,0.06,Low,High
E103973,Female,Product,Yes,37.1,7,86,2.9,7.1,57.7,7,0.08,Low,High
E103974,Male,Product,Yes,54.7,2,69,8.9,7.8,79.8,9,0.2,Low,Medium
E103975,Female,Service,No,33.1,12,84,7.5,5.0,71.4,2,0.38,Medium,Medium
E103976,Male,Service,Yes,42.7,19,98,1.7,8.9,58.9,3,0.02,Low,High
E103977,Male,Service,No,45.5,8,46,7.4,4.4,86.8,9,0.41,Medium,Low
E103978,Male,Service,Yes,41.1,8,20,1.3,6.4,90.1,3,0.05,Low,Medium
E103979,Male,Service,No,46.1,3,30,2.6,6.8,60.5,8,0.08,Low,Medium
E103980,Female,Service,Yes,41.0,13,80,6.3,9.6,86.1,3,0.03,Low,High
E103981,Female,Product,Yes,52.7,17,96,5.2,2.2,53.2,8,0.41,Medium,Medium
E103982,Male,Service,No,39.4,0,98,8.6,2.2,92.8,3,0.67,High,Medium
E103983,Male,Service,Yes,33.2,18,30,6.5,5.2,98.1,5,0.31,Medium,Low
E103984,Female,Product,Yes,38.5,1,99,9.7,9.3,57.8,4,0.07,Low,Medium
E103985,Female,Service,Yes,46.9,4,28,8.7,1.2,89.3,10,0.77,High,Low
E103986,Male,Service,Yes,44.4,13,76,4.1,3.5,54.9,5,0.27,Low,Medium
E103987,Male,Service,Yes,48.8,8,32,8.5,3.6,98.1,7,0.54,Medium,Low
E103988,Male,Service,Yes,47.5,19,22,8.8,3.7,72.6,11,0.55,Medium,Low
E103989,Female,Service,Yes,41.8,19,19,9.7,1.2,76.8,8,0.85,High,Low
E103990,Male,Service,Yes,42.6,14,55,1.1,8.4,88.2,1,0.02,Low,High
E103991,Male,Service,Yes,43.1,19,73,8.9,1.1,62.4,0,0.79,High,Low
E103992,Female,Service,Yes,54.4,0,23,1.6,5.3,69.9,1,0.08,Low,Medium
E103993,Male,Service,No,48.5,18,56,5.8,1.5,53.5,3,0.49,Medium,Low
E103994,Male,Product,Yes,54.5,3,32,4.7,8.2,80.7,5,0.08,Low,Medium
E103995,Male,Service,No,49.2,13,60,9.3,7.7,90.0,11,0.21,Low,Low
E103996,Male,Product,Yes,44.7,0,96,4.6,7.5,92.6,4,0.12,Low,High
E103997,Male,Service,Yes,39.9,4,62,6.4,7.6,76.8,3,0.15,Low,Medium
E103998,Male,Service,Yes,46.0,9,42,7.2,9.5,88.3,7,0.04,Low,Medium
E103999,Male,Product,Yes,44.7,8,51,1.2,4.8,57.5,2,0.06,Low,Medium
E104000,Female,Service,Yes,44.5,16,88,6.3,8.8,87.2,0,0.08,Low,High
E104001,Female,Service,Yes,44.0,13,34,5.7,2.7,50.2,8,0.42,Medium,Low
E104002,Female,Product,Yes,34.7,6,52,6.3,5.1,59.7,6,0.31,Medium,Low
E104003,Male,Service,No,51.3,17,55,1.7,1.1,81.7,11,0.15,Low,Medium
E104004,Male,Product,No,44.7,9,76,1.5,3.6,66.0,3,0.1,Low,Medium
E104005,Male,Product,Yes,37.9,3,34,2.6,5.1,70.5,9,0.13,Low,Medium
E104006,Male,Service,Yes,47.4,13,37,8.8,9.2,91.3,9,0.07,Low,Low
E104007,Male,Service,Yes,40.7,2,64,4.2,3.9,78.6,0,0.26,Low,Medium
E104008,Female,Service,Yes,47.8,10,19,4.9,7.1,69.9,8,0.14,Low,Low
E104009,Male,Product,Yes,49.4,9,74,4.5,8.5,73.3,2,0.07,Low,High
E104010,Male,Product,Yes,50.1,7,87,7.4,3.9,92.4,3,0.45,Medium,Medium
E104011,Male,Product,No,44.2,8,57,3.3,2.5,74.3,3,0.25,Low,Medium
E104012,Female,Service,Yes,42.9,5,50,1.6,6.3,93.8,0,0.06,Low,Medium
E104013,Male,Product,Yes,41.9,13,17,4.4,3.6,62.4,3,0.28,Low,Low
E104014,Female,Service,No,41.4,8,75,7.6,6.9,76.7,9,0.24,Low,Medium
E104015,Male,Service,Yes,44.9,13,68,9.2,2.2,68.5,11,0.72,High,Low
E104016,Female,Product,Yes,44.0,7,50,1.5,2.4,79.6,1,0.11,Low,Medium
E104017,Female,Service,No,40.9,5,59,8.3,7.1,78.8,3,0.24,Low,Medium
E104018,Male,Product,Yes,39.3,5,43,1.6,9.8,78.6,6,0.0,Low,High
E104019,Male,Service,Yes,44.5,1,40,4.0,3.2,76.4,7,0.27,Low,Low
E104020,Male,Product,Yes,42.8,4,22,1.2,7.4,72.7,6,0.03,Low,Medium
E104021,Male,Service,Yes,39.3,2,87,9.2,5.8,95.5,0,0.39,Medium,Medium
E104022,Female,Service,No,49.2,10,36,7.4,8.6,63.4,3,0.1,Low,Low
E104023,Female,Service,Yes,53.9,6,83,4.3,4.5,71.7,6,0.24,Low,Medium
E104024,Female,Service,Yes,49.8,8,58,4.4,9.7,60.6,5,0.01,Low,Medium
E104025,Female,Service,Yes,41.4,12,55,6.8,1.7,66.6,5,0.56,Medium,Low
E104026,Male,Product,No,44.7,15,50,1.8,9.9,62.4,10,0.0,Low,High
E104027,Male,Service,Yes,52.7,11,44,2.3,8.6,83.5,5,0.03,Low,Medium
E104028,Female,Service,Yes,39.1,7,63,8.6,8.8,85.4,5,0.1,Low,Medium
E104029,Male,Service,No,48.9,13,31,2.8,8.6,63.8,5,0.04,Low,Medium
E104030,Female,Service,No,37.8,13,44,7.5,8.8,99.2,10,0.09,Low,Medium
E104031,Male,Product,Yes,53.4,4,87,3.0,8.3,64.2,5,0.05,Low,High
E104032,Male,Product,Yes,42.8,9,18,1.8,9.1,91.4,7,0.02,Low,Medium
E104033,Other,Service,Yes,56.1,13,90,9.1,5.1,64.6,10,0.45,Medium,Medium
E104034,Male,Service,Yes,53.6,16,49,9.1,9.5,70.7,1,0.05,Low,Medium
E104035,Other,Product,Yes,44.5,3,98,6.4,4.5,83.2,0,0.35,Medium,Medium
E104036,Female,Service,Yes,41.4,14,31,5.2,7.6,77.9,5,0.12,Low,Low
E104037,Female,Service,Yes,46.0,10,21,6.0,7.4,75.3,6,0.16,Low,Low
E104038,Female,Service,Yes,44.1,8,76,4.7,8.4,89.7,9,0.08,Low,High
E104039,Female,Service,No,43.0,14,72,7.8,7.6,85.4,8,0.19,Low,Medium
E104040,Female,Service,Yes,36.7,19,58,7.8,1.3,95.7,2,0.68,High,Low
E104041,Male,Service,Yes,42.4,1,72,8.4,7.7,61.5,0,0.19,Low,Medium
E104042,Male,Product,No,39.4,0,67,5.7,1.2,50.8,5,0.5,Medium,Low
E104043,Female,Service,Yes,47.8,19,86,8.2,5.8,100.0,9,0.34,Medium,Medium
E104044,Male,Service,Yes,50.0,16,23,2.4,8.6,64.2,4,0.03,Low,Medium
E104045,Male,Service,Yes,48.7,3,20,1.3,8.5,52.1,3,0.02,Low,Medium
E104046,Male,Service,Yes,46.7,4,33,6.8,8.6,62.4,9,0.1,Low,Low
E104047,Female,Service,Yes,40.7,4,34,1.9,6.4,83.4,9,0.07,Low,Medium
E104048,Female,Product,Yes,46.0,13,78,6.0,2.7,79.4,6,0.44,Medium,Medium
E104049,Male,Service,Yes,49.0,0,98,7.5,5.6,60.3,4,0.33,Medium,Medium
E104050,Female,Product,Yes,42.1,1,41,4.7,5.6,59.3,10,0.21,Low,Low
E104051,Female,Service,Yes,45.6,9,21,1.4,3.9,72.2,11,0.09,Low,Low
E104052,Female,Product,Yes,44.3,4,38,9.0,4.8,50.7,3,0.47,Medium,Low
E104053,Female,Service,Yes,53.3,8,22,1.4,8.8,50.1,9,0.02,Low,Medium
E104054,Female,Service,Yes,49.3,12,81,9.1,5.7,80.8,9,0.39,Medium,Medium
E104055,Male,Product,No,48.0,12,25,1.5,7.3,66.3,11,0.04,Low,Medium
E104056,Female,Service,Yes,36.4,8,80,7.6,5.5,51.2,9,0.34,Medium,Medium
E104057,Male,Product,Yes,45.9,13,15,9.3,6.6,73.0,8,0.32,Medium,Low
E104058,Female,Service,Yes,44.2,16,21,9.2,1.8,96.8,7,0.75,High,Low
E104059,Other,Product,Yes,44.2,2,38,9.0,9.4,62.7,3,0.05,Low,Low
E104060,Male,Product,No,37.2,17,26,8.9,4.9,62.6,3,0.45,Medium,Low
E104061,Male,Product,No,39.6,11,77,5.6,7.7,73.4,9,0.13,Low,Medium
E104062,Female,Service,Yes,44.7,8,86,6.0,7.0,57.4,8,0.18,Low,Medium
E104063,Male,Service,No,50.6,15,27,6.6,8.2,81.9,11,0.12,Low,Low
E104064,Female,Product,Yes,42.0,12,84,9.1,1.3,92.0,7,0.79,High,Low
E104065,Male,Product,No,43.0,17,38,8.5,9.4,59.7,6,0.05,Low,Low
E104066,Male,Product,Yes,53.9,11,52,8.0,8.5,82.9,0,0.12,Low,Medium
E104067,Female,Service,Yes,43.5,1,85,7.1,8.5,94.4,3,0.11,Low,Medium
E104068,Female,Product,No,44.4,18,24,6.6,5.2,95.2,0,0.32,Medium,Low
E104069,Female,Service,Yes,44.4,0,44,9.3,8.2,77.6,4,0.17,Low,Low
E104070,Male,Service,No,38.3,5,41,2.7,6.2,57.6,3,0.1,Low,Medium
E104071,Female,Service,Yes,47.9,17,44,2.7,5.5,83.0,6,0.12,Low,Medium
E104072,Female,Service,Yes,41.7,2,93,9.8,8.1,86.7,7,0.19,Low,Medium
E104073,Female,Product,Yes,44.8,5,16,6.0,6.7,87.7,0,0.2,Low,Low
E104074,Female,Service,Yes,47.2,3,22,5.4,1.7,96.7,4,0.45,Medium,Low
E104075,Female,Product,Yes,54.7,16,31,8.7,3.8,80.8,9,0.54,Medium,Low
E104076,Male,Service,Yes,38.4,17,62,8.6,6.6,73.3,6,0.29,Low,Low
E104077,Male,Service,Yes,49.3,6,78,2.6,9.1,75.1,2,0.02,Low,High
E104078,Female,Service,No,49.3,1,75,2.6,9.4,66.1,8,0.02,Low,High
E104079,Male,Service,Yes,41.8,14,27,8.2,8.6,52.9,7,0.11,Low,Low
E104080,Female,Service,No,48.0,16,96,8.1,3.3,85.9,11,0.54,Medium,Medium
E104081,Male,Product,Yes,53.2,5,35,3.0,5.3,51.0,4,0.14,Low,Medium
E104082,Female,Product,Yes,41.2,7,90,8.6,4.9,53.2,2,0.44,Medium,Medium
E104083,Female,Service,Yes,46.2,7,16,5.3,4.9,66.7,2,0.27,Low,Low
E104084,Male,Service,No,47.0,6,98,5.2,1.4,96.6,2,0.45,Medium,Medium
E104085,Male,Service,Yes,47.7,3,37,9.9,2.6,74.2,1,0.73,High,Low
E104086,Male,Product,Yes,48.8,19,99,5.7,2.4,60.8,0,0.43,Medium,Medium
E104087,Female,Service,No,45.8,4,30,2.2,6.6,94.9,11,0.07,Low,Medium
E104088,Female,Service,Yes,47.6,7,27,3.5,4.7,78.6,0,0.19,Low,Low
E104089,Male,Service,No,40.4,13,18,4.0,3.9,68.5,8,0.24,Low,Low
E104090,Female,Product,Yes,45.8,19,16,9.6,5.0,85.8,6,0.48,Medium,Low
E104091,Male,Service,Yes,42.6,2,79,3.4,3.9,72.1,6,0.21,Low,Medium
E104092,Male,Service,Yes,38.9,17,40,4.9,7.8,86.5,9,0.11,Low,Medium
E104093,Female,Product,Yes,42.5,14,44,7.7,2.5,60.9,11,0.58,Medium,Low
E104094,Male,Product,No,46.3,4,52,3.5,1.5,57.5,1,0.3,Low,Low
E104095,Male,Product,No,47.2,14,34,7.3,6.9,73.0,3,0.23,Low,Low
E104096,Male,Service,Yes,38.7,5,39,2.9,3.1,66.0,7,0.2,Low,Low
E104097,Male,Product,No,40.3,9,66,3.2,6.8,80.3,5,0.1,Low,Medium
E104098,Male,Product,Yes,48.6,19,97,9.9,1.5,89.4,3,0.84,High,Low
E104099,Male,Product,Yes,47.5,14,24,4.3,3.2,95.1,9,0.29,Low,Low
E104100,Female,Product,Yes,49.4,19,55,7.6,2.4,88.0,11,0.58,Medium,Low
E104101,Male,Product,Yes,51.8,8,95,8.6,3.6,67.1,2,0.55,Medium,Medium
E104102,Male,Service,Yes,47.7,3,75,4.1,4.0,86.4,1,0.25,Low,Medium
E104103,Male,Service,Yes,42.9,7,16,4.2,5.5,76.5,10,0.19,Low,Low
E104104,Male,Product,Yes,45.6,12,95,8.0,5.7,95.3,3,0.34,Medium,Medium
E104105,Female,Service,No,53.3,16,21,6.5,6.7,85.3,3,0.21,Low,Low
E104106,Female,Service,No,58.8,3,74,4.3,4.0,57.5,11,0.26,Low,Medium
E104107,Male,Service,Yes,47.3,1,75,7.7,5.8,53.9,0,0.32,Medium,Medium
E104108,Female,Product,Yes,47.7,4,94,8.8,9.9,77.2,7,0.01,Low,High
E104109,Female,Service,Yes,48.6,1,41,3.1,2.9,68.3,7,0.22,Low,Low
E104110,Female,Product,No,45.1,15,15,1.2,2.4,58.4,5,0.09,Low,Low
E104111,Male,Product,Yes,50.8,14,41,3.5,8.6,89.9,4,0.05,Low,Medium
E104112,Male,Service,Yes,50.0,3,94,7.1,4.7,68.8,0,0.38,Medium,Medium
E104113,Male,Service,No,46.8,14,74,9.2,8.6,54.3,7,0.13,Low,Medium
E104114,Female,Service,Yes,43.4,4,67,8.8,4.8,63.1,6,0.46,Medium,Low
E104115,Male,Service,Yes,37.4,2,50,3.0,1.2,83.8,11,0.26,Low,Low
E104116,Female,Service,Yes,48.7,13,94,8.9,4.4,82.4,10,0.5,Medium,Medium
E104117,Male,Service,Yes,46.1,6,38,8.3,6.5,63.1,2,0.29,Low,Low
E104118,Male,Product,No,41.3,14,49,7.6,5.0,67.1,6,0.38,Medium,Low
E104119,Female,Service,Yes,39.4,4,47,7.2,5.1,52.5,6,0.35,Medium,Low
E104120,Male,Product,Yes,48.3,8,31,8.3,10.0,97.7,1,0.0,Low,Low
E104121,Male,Service,Yes,37.0,12,83,8.8,5.9,66.4,9,0.36,Medium,Medium
E104122,Female,Product,Yes,46.5,6,49,8.4,7.3,96.5,11,0.23,Low,Low
E104123,Female,Service,Yes,49.2,3,97,2.1,7.5,90.7,2,0.05,Low,High
E104124,Female,Product,Yes,47.7,6,61,7.5,1.0,66.8,6,0.68,High,Low
E104125,Female,Product,Yes,43.0,0,73,8.6,6.0,84.7,8,0.34,Medium,Medium
E104126,Female,Product,Yes,38.8,14,75,2.7,9.7,73.7,11,0.01,Low,High
E104127,Female,Service,Yes,47.9,14,36,2.9,7.8,98.8,5,0.06,Low,Medium
E104128,Male,Product,Yes,51.0,17,41,8.1,4.1,81.9,9,0.48,Medium,Low
E104129,Male,Service,No,42.1,14,86,4.1,4.3,76.0,3,0.23,Low,Medium
E104130,Male,Service,Yes,47.5,2,29,4.6,3.7,81.9,9,0.29,Low,Low
E104131,Male,Service,No,52.9,4,50,4.4,6.7,61.0,3,0.15,Low,Medium
E104132,Female,Service,Yes,46.7,4,71,2.9,1.9,65.3,11,0.23,Low,Medium
E104133,Female,Service,No,43.0,15,90,9.4,3.6,85.6,7,0.6,Medium,Low
E104134,Female,Product,Yes,50.2,9,55,8.3,5.5,54.2,7,0.37,Medium,Low
E104135,Male,Service,Yes,41.3,12,59,3.3,5.8,65.1,9,0.14,Low,Medium
E104136,Female,Service,Yes,38.5,14,57,2.0,6.5,81.0,8,0.07,Low,Medium
E104137,Male,Service,Yes,49.1,7,26,4.4,8.2,99.8,11,0.08,Low,Medium
E104138,Female,Product,No,43.0,19,82,4.7,2.5,96.3,10,0.35,Medium,Medium
E104139,Female,Service,Yes,43.4,6,81,1.1,3.0,91.6,3,0.08,Low,Medium
E104140,Male,Service,Yes,41.9,13,18,9.0,8.9,75.0,4,0.1,Low,Low
E104141,Male,Product,No,42.6,5,79,8.7,8.5,90.2,7,0.13,Low,Medium
E104142,Male,Service,Yes,52.0,7,19,8.7,8.4,77.9,7,0.14,Low,Low
E104143,Female,Service,Yes,53.3,14,16,8.3,2.9,72.9,2,0.59,Medium,Low
E104144,Female,Service,Yes,54.0,16,60,7.6,1.5,61.2,4,0.65,High,Low
E104145,Female,Product,Yes,50.5,4,89,6.7,5.7,97.5,9,0.29,Low,Medium
E104146,Male,Product,No,47.3,11,23,9.6,8.8,79.9,9,0.12,Low,Low
E104147,Male,Service,Yes,37.8,12,22,7.4,3.1,83.8,1,0.51,Medium,Low
E104148,Female,Service,Yes,44.1,2,72,6.7,9.1,57.1,5,0.06,Low,Medium
E104149,Female,Service,Yes,55.8,18,77,8.1,2.3,71.5,4,0.62,High,Low
E104150,Male,Product,Yes,42.8,14,75,3.2,3.7,98.2,9,0.2,Low,Medium
E104151,Male,Product,Yes,52.6,17,29,9.7,3.7,87.9,10,0.61,High,Low
E104152,Female,Service,Yes,45.3,19,87,1.2,2.4,94.1,7,0.09,Low,Medium
E104153,Male,Service,Yes,31.6,6,56,6.8,8.9,69.8,1,0.07,Low,Medium
E104154,Male,Product,No,48.2,13,64,1.7,4.7,53.3,6,0.09,Low,Medium
E104155,Male,Product,Yes,51.3,19,65,8.7,2.7,67.6,11,0.64,High,Low
E104156,Male,Product,Yes,44.8,18,39,9.7,2.3,68.8,4,0.75,High,Low
E104157,Female,Product,Yes,51.2,10,36,4.7,4.8,65.1,4,0.24,Low,Low
E104158,Female,Product,No,36.7,6,36,8.7,1.2,76.3,4,0.77,High,Low
E104159,Female,Service,Yes,38.1,10,88,4.0,2.1,59.6,4,0.32,Medium,Medium
E104160,Male,Service,No,46.0,7,83,2.4,1.0,96.9,0,0.22,Low,Medium
E104161,Male,Service,No,47.4,9,83,3.5,1.2,95.4,7,0.31,Medium,Medium
E104162,Male,Product,No,51.8,10,80,3.7,10.0,63.1,1,0.0,Low,High
E104163,Male,Service,Yes,48.2,0,78,6.7,5.0,82.6,11,0.34,Medium,Medium
E104164,Female,Service,Yes,39.0,19,36,8.2,7.6,75.1,11,0.2,Low,Low
E104165,Male,Service,Yes,46.1,9,27,2.8,7.6,62.5,6,0.07,Low,Medium
E104166,Male,Service,No,48.0,6,41,1.8,8.9,94.9,4,0.02,Low,Medium
E104167,Male,Product,No,35.6,2,61,3.0,1.9,61.6,3,0.24,Low,Medium
E104168,Male,Service,No,44.8,18,35,3.7,5.7,81.2,1,0.16,Low,Medium
E104169,Male,Service,Yes,43.3,3,45,3.5,3.9,66.8,10,0.21,Low,Low
E104170,Male,Product,Yes,41.7,5,93,3.0,5.9,91.3,3,0.12,Low,High
E104171,Other,Service,Yes,47.5,0,52,5.2,4.0,81.0,5,0.31,Medium,Low
E104172,Male,Product,Yes,39.3,3,53,8.7,2.7,91.6,8,0.64,High,Low
E104173,Male,Product,Yes,47.1,6,50,1.9,7.1,67.4,4,0.06,Low,Medium
E104174,Female,Product,Yes,47.8,10,79,8.8,1.3,50.6,2,0.77,High,Low
E104175,Other,Product,No,50.4,5,25,5.5,9.1,61.1,2,0.05,Low,Medium
E104176,Female,Service,Yes,39.4,4,83,6.9,2.3,90.7,4,0.53,Medium,Low
E104177,Female,Service,No,37.5,11,48,8.3,6.5,65.8,3,0.29,Low,Low
E104178,Male,Service,No,46.4,1,19,3.7,7.8,66.0,7,0.08,Low,Low
E104179,Male,Service,Yes,43.6,17,34,9.6,1.7,72.5,0,0.8,High,Low
E104180,Male,Service,Yes,59.5,8,77,1.8,9.1,63.7,9,0.02,Low,High
E104181,Female,Service,Yes,47.3,13,59,5.7,4.2,90.4,2,0.33,Medium,Low
E104182,Female,Product,Yes,45.3,11,56,3.3,10.0,66.1,4,0.0,Low,High
E104183,Male,Service,Yes,44.1,8,27,4.7,1.6,80.2,3,0.39,Medium,Low
E104184,Male,Service,Yes,38.9,0,23,5.0,7.5,72.6,0,0.12,Low,Low
E104185,Female,Service,No,47.8,6,19,9.2,2.4,64.4,4,0.7,High,Low
E104186,Male,Service,Yes,44.6,6,52,5.0,4.6,63.3,0,0.27,Low,Low
E104187,Female,Product,Yes,44.6,9,63,7.3,5.0,75.1,7,0.36,Medium,Low
E104188,Female,Service,No,45.5,1,42,9.6,4.7,60.5,9,0.51,Medium,Low
E104189,Female,Product,Yes,46.1,3,57,5.5,4.0,67.3,11,0.33,Medium,Low
E104190,Female,Service,Yes,36.3,7,84,4.7,7.9,52.0,5,0.1,Low,High
E104191,Female,Service,No,49.2,13,55,9.8,8.4,89.5,6,0.16,Low,Low
E104192,Male,Service,Yes,40.8,12,58,8.4,4.0,52.2,8,0.5,Medium,Low
E104193,Female,Product,Yes,44.3,15,43,9.5,5.3,93.6,10,0.45,Medium,Low
E104194,Female,Service,No,51.4,6,82,4.6,4.8,52.4,7,0.24,Low,Medium
E104195,Male,Service,Yes,53.9,9,96,7.3,6.3,92.4,0,0.27,Low,Medium
E104196,Male,Service,Yes,36.5,10,93,3.2,2.4,82.2,1,0.24,Low,Medium
E104197,Male,Product,Yes,45.2,10,39,8.8,8.3,75.3,1,0.15,Low,Low
E104198,Male,Product,Yes,46.4,5,82,9.4,8.2,57.2,2,0.17,Low,Medium
E104199,Female,Service,No,37.5,11,28,3.4,6.3,62.8,4,0.13,Low,Medium
E104200,Female,Service,No,49.0,9,73,1.9,7.7,84.5,5,0.04,Low,High
E104201,Male,Product,Yes,45.6,8,76,2.8,9.9,75.6,2,0.0,Low,High
E104202,Male,Product,No,46.0,5,31,6.7,9.3,75.7,5,0.05,Low,Medium
E104203,Female,Product,No,40.4,8,33,3.4,6.5,56.7,5,0.12,Low,Medium
E104204,Male,Product,Yes,47.1,2,43,6.7,5.6,73.8,9,0.29,Low,Low
E104205,Male,Product,Yes,49.2,6,92,4.2,5.8,79.5,2,0.18,Low,High
E104206,Female,Service,Yes,45.6,2,80,9.3,5.2,56.1,3,0.45,Medium,Medium
E104207,Male,Product,Yes,42.4,19,59,5.1,5.3,98.7,3,0.24,Low,Medium
E104208,Male,Product,Yes,42.8,7,85,5.5,7.6,91.5,0,0.13,Low,High
E104209,Male,Service,Yes,46.1,7,42,4.1,9.9,65.9,9,0.0,Low,Medium
E104210,Male,Service,Yes,45.2,12,73,1.7,1.4,78.2,0,0.15,Low,Medium
E104211,Female,Product,No,49.5,1,68,5.4,3.1,77.9,3,0.37,Medium,Medium
E104212,Male,Service,No,42.6,13,22,8.0,2.9,55.3,7,0.57,Medium,Low
E104213,Male,Product,Yes,38.9,4,24,9.6,8.5,71.9,8,0.14,Low,Low
E104214,Female,Service,No,46.8,12,35,1.7,4.8,60.4,5,0.09,Low,Medium
E104215,Female,Service,Yes,42.6,12,49,8.2,5.7,66.7,11,0.35,Medium,Low
E104216,Male,Service,Yes,48.9,18,18,3.4,5.2,97.2,11,0.16,Low,Low
E104217,Male,Service,Yes,45.0,2,67,8.4,8.7,77.6,2,0.11,Low,Medium
E104218,Female,Service,No,48.3,13,99,4.1,5.5,53.3,0,0.18,Low,High
E104219,Male,Service,No,39.9,3,39,2.0,7.0,83.6,3,0.06,Low,Medium
E104220,Male,Product,No,45.7,9,34,6.5,1.2,99.9,1,0.57,Medium,Low
E104221,Female,Product,No,41.5,5,85,9.0,6.9,58.4,11,0.28,Low,Medium
E104222,Female,Service,Yes,38.9,5,85,2.6,3.2,84.1,6,0.18,Low,Medium
E104223,Female,Service,No,40.7,1,36,1.2,8.8,91.2,2,0.01,Low,Medium
E104224,Female,Service,Yes,42.3,1,63,9.0,7.8,92.2,7,0.2,Low,Medium
E104225,Female,Service,Yes,51.2,18,20,7.3,2.0,85.4,8,0.58,Medium,Low
E104226,Male,Service,Yes,42.1,2,65,8.3,1.9,95.5,3,0.67,High,Low
E104227,Female,Service,Yes,38.6,19,41,1.5,3.6,51.6,4,0.1,Low,Medium
E104228,Male,Service,Yes,45.7,3,32,9.0,2.1,53.2,4,0.71,High,Low
E104229,Male,Service,Yes,45.1,3,26,4.8,7.7,56.7,7,0.11,Low,Low
E104230,Female,Service,Yes,42.5,10,42,9.1,9.9,52.2,11,0.01,Low,Low
E104231,Female,Product,Yes,44.2,2,33,1.6,6.9,56.0,0,0.05,Low,Medium
E104232,Male,Service,Yes,49.9,16,57,9.0,3.2,90.8,5,0.61,High,Low
E104233,Female,Product,Yes,48.4,8,95,7.1,6.1,94.8,10,0.28,Low,Medium
E104234,Male,Product,Yes,47.9,13,29,6.0,8.3,66.8,1,0.1,Low,Low
E104235,Male,Product,No,39.1,1,83,1.6,9.7,97.9,8,0.0,Low,High
E104236,Male,Product,No,59.4,13,50,7.2,1.0,70.9,6,0.65,High,Low
E104237,Female,Service,Yes,50.3,2,99,6.4,5.7,58.6,10,0.28,Low,Medium
E104238,Female,Service,No,47.6,1,56,7.5,5.1,84.1,11,0.37,Medium,Low
E104239,Male,Service,Yes,39.2,0,59,7.5,4.7,71.0,9,0.4,Medium,Low
E104240,Female,Product,Yes,49.7,3,44,5.0,5.5,51.0,8,0.22,Low,Low
E104241,Male,Product,Yes,42.5,9,53,2.8,4.6,98.3,11,0.15,Low,Medium
E104242,Female,Product,Yes,44.0,14,60,9.3,4.1,79.9,9,0.55,Medium,Low
E104243,Male,Service,Yes,36.6,11,72,9.3,2.0,80.7,3,0.74,High,Low
E104244,Male,Product,Yes,38.8,5,44,2.9,5.5,99.1,4,0.13,Low,Medium
E104245,Female,Service,Yes,47.2,2,70,6.7,8.4,91.7,10,0.11,Low,Medium
E104246,Male,Service,Yes,50.0,2,99,2.8,1.9,68.1,9,0.23,Low,Medium
E104247,Male,Product,No,48.4,18,68,8.8,7.6,52.1,6,0.21,Low,Medium
E104248,Female,Service,Yes,48.3,19,51,1.9,3.4,61.1,11,0.13,Low,Medium
E104249,Female,Product,No,44.7,3,36,9.9,4.4,67.6,2,0.55,Medium,Low
E104250,Male,Service,Yes,43.0,18,38,6.5,9.9,98.0,7,0.01,Low,Medium
E104251,Male,Product,No,46.4,13,83,1.2,7.1,94.4,6,0.03,Low,High
E104252,Male,Service,Yes,49.1,3,47,8.9,7.5,51.1,10,0.22,Low,Low
E104253,Male,Product,No,45.0,7,31,7.2,6.4,99.4,5,0.26,Low,Low
E104254,Male,Product,No,51.1,18,76,7.3,3.9,62.9,7,0.45,Medium,Medium
E104255,Female,Product,Yes,43.9,18,26,3.5,7.1,88.8,1,0.1,Low,Medium
E104256,Other,Service,Yes,40.1,0,44,4.0,5.1,55.8,4,0.2,Low,Medium
E104257,Male,Product,Yes,44.9,14,27,9.2,8.5,61.0,8,0.14,Low,Low
E104258,Male,Service,No,45.5,10,20,6.7,6.1,75.3,7,0.26,Low,Low
E104259,Male,Service,Yes,44.6,8,81,1.2,7.9,85.2,0,0.03,Low,High
E104260,Male,Service,Yes,51.4,2,25,3.9,8.6,67.3,9,0.05,Low,Medium
E104261,Female,Product,Yes,49.0,17,74,6.4,8.4,93.7,7,0.1,Low,Medium
E104262,Male,Service,Yes,37.8,18,24,2.3,4.6,97.0,1,0.12,Low,Low
E104263,Male,Product,Yes,52.7,15,89,1.9,4.3,56.1,6,0.11,Low,High
E104264,Female,Product,No,31.3,15,30,1.5,8.8,85.9,0,0.02,Low,Medium
E104265,Male,Service,Yes,55.8,2,98,6.7,2.3,56.6,2,0.52,Medium,Medium
E104266,Female,Product,No,43.6,17,56,3.9,3.5,67.0,6,0.25,Low,Medium
E104267,Male,Service,Yes,44.1,12,58,4.4,2.1,91.0,9,0.35,Medium,Low
E104268,Female,Product,Yes,44.7,19,33,1.5,1.4,66.8,0,0.13,Low,Low
E104269,Female,Service,Yes,46.9,7,87,7.6,6.5,95.4,10,0.27,Low,Medium
E104270,Female,Service,No,45.0,6,29,7.9,9.1,70.6,8,0.07,Low,Low
E104271,Female,Service,Yes,44.3,18,99,8.5,2.2,65.5,3,0.66,High,Medium
E104272,Male,Service,Yes,51.5,19,53,6.9,8.2,99.5,4,0.12,Low,Medium
E104273,Male,Service,Yes,47.8,11,19,8.0,4.4,72.1,2,0.45,Medium,Low
E104274,Female,Service,Yes,40.2,17,45,6.2,6.6,87.0,8,0.21,Low,Low
E104275,Female,Service,No,48.7,14,93,5.4,7.9,80.0,10,0.11,Low,High
E104276,Male,Service,Yes,47.6,11,42,3.3,7.4,60.1,5,0.09,Low,Medium
E104277,Male,Service,Yes,42.3,5,52,1.5,2.2,75.0,11,0.12,Low,Medium
E104278,Male,Product,Yes,49.0,16,66,3.6,2.0,53.9,6,0.29,Low,Medium
E104279,Male,Service,Yes,44.2,3,29,7.2,9.3,85.4,7,0.05,Low,Low
E104280,Male,Product,Yes,43.9,11,33,9.3,1.7,75.9,11,0.77,High,Low
E104281,Female,Product,Yes,43.8,16,49,3.3,3.0,56.1,0,0.23,Low,Low
E104282,Male,Product,Yes,32.9,4,96,7.0,4.9,88.3,0,0.36,Medium,Medium
E104283,Male,Product,Yes,42.4,5,88,5.3,8.4,90.2,5,0.08,Low,High
E104284,Female,Service,Yes,48.6,14,29,6.6,6.4,86.7,5,0.24,Low,Low
E104285,Female,Product,Yes,44.9,7,61,1.0,6.1,66.5,0,0.04,Low,Medium
E104286,Female,Service,Yes,38.6,19,70,2.1,7.2,86.2,7,0.06,Low,High
E104287,Female,Product,Yes,49.8,15,34,3.0,8.2,78.9,9,0.05,Low,Medium
E104288,Male,Product,Yes,43.5,12,89,9.0,3.1,77.2,6,0.62,High,Low
E104289,Female,Service,Yes,38.9,14,23,1.4,1.2,82.4,6,0.12,Low,Low
E104290,Male,Product,No,56.0,19,19,6.1,2.1,81.5,3,0.48,Medium,Low
E104291,Male,Service,Yes,39.7,12,25,9.4,2.5,90.0,4,0.7,High,Low
E104292,Female,Service,Yes,49.4,14,16,6.9,1.4,99.3,7,0.59,Medium,Low
E104293,Female,Service,Yes,41.2,1,66,5.4,7.7,86.3,9,0.12,Low,Medium
E104294,Male,Product,Yes,45.7,19,34,4.5,9.0,72.1,8,0.04,Low,Medium
E104295,Male,Product,No,40.5,17,35,6.6,7.4,73.1,3,0.17,Low,Low
E104296,Male,Product,Yes,38.8,6,65,5.3,2.7,51.5,8,0.39,Medium,Low
E104297,Male,Service,Yes,47.6,8,44,7.3,6.5,58.0,9,0.26,Low,Low
E104298,Male,Service,Yes,47.0,6,62,6.6,5.7,61.4,9,0.28,Low,Medium
E104299,Female,Product,No,50.7,8,15,6.1,8.4,99.5,8,0.1,Low,Low
E104300,Male,Service,No,44.8,11,49,9.6,9.5,88.2,8,0.05,Low,Low
E104301,Female,Product,Yes,56.1,9,40,8.5,7.7,57.1,2,0.2,Low,Low
E104302,Female,Service,No,46.3,9,23,6.5,5.6,74.9,11,0.29,Low,Low
E104303,Female,Service,Yes,47.8,12,54,5.8,5.6,60.7,3,0.26,Low,Medium
E104304,Female,Service,Yes,38.2,4,35,7.5,8.3,64.9,4,0.13,Low,Low
E104305,Male,Product,Yes,41.9,7,94,8.2,2.1,80.2,5,0.65,High,Low
E104306,Male,Service,Yes,47.6,9,26,3.7,2.4,80.0,9,0.28,Low,Low
E104307,Female,Service,Yes,44.6,5,51,7.0,4.1,93.6,5,0.41,Medium,Low
E104308,Female,Service,No,45.9,10,85,2.2,7.7,58.2,11,0.05,Low,High
E104309,Female,Service,Yes,40.9,3,38,4.9,1.6,74.9,9,0.41,Medium,Low
E104310,Male,Service,Yes,45.6,1,64,9.4,4.1,79.9,0,0.55,Medium,Low
E104311,Female,Service,Yes,45.6,5,68,3.9,3.9,96.5,3,0.24,Low,Medium
E104312,Male,Product,Yes,39.1,12,98,2.4,5.4,75.8,9,0.11,Low,High
E104313,Female,Service,Yes,48.2,11,42,2.3,5.2,67.0,6,0.11,Low,Medium
E104314,Female,Product,Yes,36.5,13,18,4.5,7.4,64.6,10,0.12,Low,Low
E104315,Male,Product,Yes,45.9,7,26,3.0,6.6,60.8,7,0.1,Low,Medium
E104316,Female,Service,Yes,53.8,2,81,4.8,9.1,98.1,7,0.04,Low,High
E104317,Male,Service,Yes,48.4,4,51,7.5,2.6,80.1,5,0.55,Medium,Low
E104318,Male,Product,Yes,48.4,6,18,9.0,4.9,65.2,2,0.46,Medium,Low
E104319,Male,Service,Yes,40.5,17,29,2.0,4.6,87.3,3,0.11,Low,Low
E104320,Female,Service,Yes,53.8,5,42,7.9,2.0,64.5,3,0.63,High,Low
E104321,Female,Service,Yes,51.9,17,51,1.9,2.5,75.2,5,0.14,Low,Medium
E104322,Female,Product,Yes,40.8,7,23,4.4,4.0,51.3,3,0.26,Low,Low
E104323,Male,Service,Yes,42.6,6,28,10.0,7.6,92.3,4,0.24,Low,Low
E104324,Female,Product,No,51.3,1,81,1.6,2.4,97.8,5,0.12,Low,Medium
E104325,Female,Product,No,54.0,3,96,1.2,3.4,93.3,10,0.08,Low,High
E104326,Male,Service,No,38.7,8,64,4.0,7.1,58.6,2,0.12,Low,Medium
E104327,Other,Service,Yes,40.0,15,92,9.6,6.4,91.3,2,0.35,Medium,Medium
E104328,Male,Service,Yes,44.3,18,39,1.2,1.9,67.4,6,0.1,Low,Low
E104329,Female,Service,Yes,34.1,9,53,3.0,9.5,96.8,0,0.02,Low,High
E104330,Male,Service,Yes,45.1,7,40,6.4,2.3,65.0,3,0.49,Medium,Low
E104331,Male,Service,Yes,50.9,15,74,3.1,1.6,54.5,2,0.26,Low,Medium
E104332,Male,Service,No,37.8,7,66,1.5,3.7,92.6,4,0.09,Low,Medium
E104333,Female,Service,Yes,45.6,19,84,1.5,1.2,55.8,1,0.13,Low,Medium
E104334,Male,Service,Yes,42.1,3,40,6.0,1.3,77.1,9,0.52,Medium,Low
E104335,Male,Product,Yes,53.2,19,62,6.1,6.2,68.8,8,0.23,Low,Medium
E104336,Female,Service,Yes,42.2,12,68,7.4,9.0,87.8,4,0.07,Low,Medium
E104337,Female,Product,Yes,52.6,9,55,2.2,4.6,87.4,9,0.12,Low,Medium
E104338,Male,Service,Yes,42.0,8,15,5.5,3.7,88.8,3,0.35,Medium,Low
E104339,Male,Service,Yes,48.9,11,35,6.4,9.2,53.2,11,0.05,Low,Medium
E104340,Male,Service,No,46.3,14,92,3.0,1.6,92.9,3,0.25,Low,Medium
E104341,Male,Service,Yes,44.3,0,86,5.9,5.3,73.3,6,0.28,Low,Medium
E104342,Female,Service,No,41.0,11,39,7.4,3.3,61.0,3,0.5,Medium,Low
E104343,Female,Product,Yes,46.6,13,32,9.9,4.4,64.9,9,0.55,Medium,Low
E104344,Female,Product,Yes,42.8,1,29,6.4,4.7,95.1,7,0.34,Medium,Low
E104345,Male,Service,Yes,41.6,2,56,8.8,5.9,50.3,0,0.36,Medium,Low
E104346,Female,Service,No,52.4,5,34,8.5,5.1,90.1,9,0.42,Medium,Low
E104347,Female,Service,Yes,47.7,18,30,9.5,9.9,96.2,11,0.01,Low,Low
E104348,Female,Service,Yes,48.2,12,21,7.5,1.2,62.5,10,0.66,High,Low
E104349,Female,Service,Yes,43.0,19,95,2.9,7.8,91.1,5,0.06,Low,High
E104350,Female,Service,Yes,44.1,7,19,3.7,1.5,58.1,11,0.31,Medium,Low
E104351,Female,Service,Yes,43.8,3,32,8.1,4.9,50.8,8,0.41,Medium,Low
E104352,Male,Service,No,46.7,18,92,5.7,2.8,80.2,4,0.41,Medium,Medium
E104353,Female,Service,Yes,48.2,6,32,3.3,9.5,82.3,4,0.02,Low,Medium
E104354,Male,Service,Yes,44.8,6,78,6.9,7.5,57.5,3,0.17,Low,Medium
E104355,Female,Service,No,41.0,0,39,9.2,5.2,75.6,8,0.44,Medium,Low
E104356,Male,Product,No,48.8,18,89,4.2,9.6,69.3,1,0.02,Low,High
E104357,Female,Service,Yes,45.2,16,40,6.4,7.5,53.8,8,0.16,Low,Low
E104358,Female,Product,Yes,37.8,7,83,6.2,9.6,75.4,5,0.02,Low,High
E104359,Male,Product,Yes,34.3,14,30,2.1,7.3,79.3,11,0.06,Low,Medium
E104360,Male,Product,No,46.5,19,77,1.8,1.7,60.9,9,0.15,Low,Medium
E104361,Female,Product,No,40.9,18,86,9.0,6.5,87.0,7,0.32,Medium,Medium
E104362,Female,Product,No,47.2,6,91,9.4,9.8,53.6,3,0.02,Low,Medium
E104363,Male,Product,Yes,41.1,12,72,9.1,2.9,77.5,3,0.65,High,Low
E104364,Male,Service,Yes,45.7,0,41,4.6,8.1,65.2,9,0.09,Low,Medium
E104365,Female,Service,Yes,43.1,6,63,3.6,2.7,71.8,0,0.26,Low,Medium
E104366,Male,Product,Yes,53.8,4,87,9.5,5.1,94.7,5,0.47,Medium,Medium
E104367,Male,Product,No,49.8,17,61,8.9,1.8,83.5,1,0.73,High,Low
E104368,Male,Product,Yes,51.7,7,85,8.4,4.1,57.4,4,0.5,Medium,Medium
E104369,Male,Product,Yes,45.1,14,64,4.0,8.0,94.3,2,0.08,Low,Medium
E104370,Male,Product,No,49.1,17,60,6.7,1.4,68.6,1,0.58,Medium,Low
E104371,Male,Product,Yes,45.5,5,22,7.8,3.9,67.1,9,0.48,Medium,Low
E104372,Male,Product,Yes,52.3,4,16,6.2,6.7,75.1,0,0.2,Low,Low
E104373,Male,Service,No,44.6,10,32,6.4,9.5,60.3,8,0.03,Low,Medium
E104374,Male,Product,No,38.0,7,50,7.8,3.2,95.7,11,0.53,Medium,Low
E104375,Male,Product,No,35.0,8,56,7.9,2.6,73.4,0,0.58,Medium,Low
E104376,Male,Product,Yes,53.3,12,25,3.2,2.8,69.7,7,0.23,Low,Low
E104377,Female,Product,Yes,47.4,2,73,4.5,3.1,58.5,5,0.31,Medium,Medium
E104378,Male,Service,Yes,47.7,2,66,8.0,6.7,90.1,3,0.26,Low,Medium
E104379,Male,Service,Yes,52.4,6,88,3.4,10.0,97.6,8,0.0,Low,High
E104380,Male,Product,Yes,36.7,2,63,9.2,5.7,93.5,0,0.4,Medium,Low
E104381,Male,Service,No,43.2,10,70,8.6,3.4,58.1,3,0.57,Medium,Low
E104382,Female,Service,Yes,43.8,13,84,9.1,7.7,87.6,10,0.21,Low,Medium
E104383,Female,Service,Yes,48.7,9,88,3.7,2.4,60.2,9,0.28,Low,Medium
E104384,Female,Product,No,41.5,19,44,1.9,1.3,51.9,6,0.17,Low,Low
E104385,Female,Product,No,39.0,8,69,1.9,6.4,74.2,3,0.07,Low,High
E104386,Female,Product,Yes,38.9,11,42,6.0,2.9,83.5,10,0.43,Medium,Low
E104387,Male,Product,No,50.7,7,65,3.8,4.6,56.2,0,0.21,Low,Medium
E104388,Male,Service,No,41.3,11,41,3.4,3.1,80.3,3,0.23,Low,Low
E104389,Male,Service,No,42.2,8,66,3.0,9.3,92.2,10,0.02,Low,High
E104390,Male,Service,No,48.2,17,48,6.1,4.0,60.5,10,0.37,Medium,Low
E104391,Male,Product,No,41.5,16,46,5.9,5.0,71.4,5,0.3,Low,Low
E104392,Female,Service,Yes,36.5,10,58,4.8,3.1,74.9,7,0.33,Medium,Low
E104393,Male,Product,Yes,37.1,1,18,2.2,1.8,91.6,1,0.18,Low,Low
E104394,Female,Service,Yes,44.7,18,62,9.4,5.6,88.6,8,0.41,Medium,Low
E104395,Female,Service,Yes,47.5,13,30,4.9,8.8,88.5,6,0.06,Low,Medium
E104396,Male,Product,Yes,44.0,2,74,2.1,4.2,84.0,5,0.12,Low,Medium
E104397,Male,Service,Yes,47.2,5,61,1.3,8.0,80.9,2,0.03,Low,High
E104398,Male,Product,Yes,36.9,3,89,2.4,1.3,75.4,3,0.21,Low,Medium
E104399,Male,Service,No,37.3,11,29,3.7,3.1,68.5,7,0.26,Low,Low
E104400,Male,Service,No,56.3,1,70,6.7,2.2,75.7,6,0.52,Medium,Low
E104401,Male,Service,Yes,51.2,5,30,9.7,4.6,92.7,5,0.52,Medium,Low
E104402,Male,Service,Yes,48.8,4,15,3.4,9.0,78.5,6,0.03,Low,Medium
E104403,Male,Product,No,41.7,4,39,8.1,4.4,99.3,8,0.45,Medium,Low
E104404,Other,Service,No,43.8,7,78,9.2,6.4,57.1,4,0.33,Medium,Medium
E104405,Female,Service,No,45.0,4,57,4.5,9.1,72.1,4,0.04,Low,Medium
E104406,Female,Service,No,51.6,7,28,3.3,4.2,60.0,10,0.19,Low,Low
E104407,Male,Product,No,47.0,0,62,5.4,4.3,68.3,9,0.31,Medium,Medium
E104408,Male,Product,Yes,47.6,19,82,9.1,1.8,89.5,6,0.75,High,Low
E104409,Female,Service,Yes,44.2,8,28,1.1,4.1,91.2,6,0.06,Low,Medium
E104410,Male,Service,No,49.0,13,94,5.4,7.7,51.6,4,0.12,Low,High
E104411,Male,Product,Yes,46.5,1,29,7.8,8.6,97.7,7,0.11,Low,Low
E104412,Female,Product,No,45.2,10,91,6.4,7.5,93.6,5,0.16,Low,High
E104413,Female,Service,Yes,41.3,3,31,5.5,1.1,95.2,3,0.49,Medium,Low
E104414,Male,Product,No,44.4,3,66,6.0,2.1,68.8,8,0.47,Medium,Low
E104415,Male,Product,Yes,39.6,16,24,6.6,7.6,74.8,1,0.16,Low,Low
E104416,Male,Product,Yes,44.8,15,31,7.1,9.5,58.4,1,0.04,Low,Low
E104417,Male,Product,Yes,45.4,6,22,4.2,7.3,69.8,4,0.11,Low,Low
E104418,Male,Product,No,33.0,11,16,5.7,3.0,56.3,2,0.4,Medium,Low
E104419,Male,Service,Yes,43.8,16,70,3.5,2.0,93.2,2,0.28,Low,Medium
E104420,Male,Product,No,39.1,4,79,9.9,8.9,79.1,6,0.11,Low,Medium
E104421,Female,Service,No,47.5,7,69,2.7,1.9,56.8,4,0.22,Low,Medium
E104422,Female,Product,No,48.2,19,83,2.4,2.4,94.0,5,0.18,Low,Medium
E104423,Female,Service,No,42.9,4,94,3.4,6.4,54.0,2,0.12,Low,High
E104424,Male,Service,Yes,47.7,10,87,9.3,2.7,96.3,7,0.68,High,Low
E104425,Male,Product,Yes,48.0,18,50,6.9,3.0,55.3,4,0.48,Medium,Low
E104426,Male,Product,Yes,43.9,18,23,5.1,2.3,85.9,7,0.39,Medium,Low
E104427,Male,Service,No,52.7,3,28,9.3,9.5,82.3,3,0.05,Low,Low
E104428,Male,Service,No,41.4,10,88,9.1,2.1,89.1,3,0.72,High,Low
E104429,Female,Service,Yes,52.4,18,36,4.6,9.4,78.2,4,0.03,Low,Medium
E104430,Female,Product,Yes,43.9,4,30,6.1,3.9,67.5,10,0.37,Medium,Low
E104431,Male,Product,Yes,40.8,1,55,9.1,8.4,63.7,7,0.15,Low,Medium
E104432,Male,Service,Yes,43.2,18,81,3.9,9.5,97.3,3,0.02,Low,High
E104433,Female,Product,Yes,39.5,16,42,4.7,5.7,72.1,5,0.2,Low,Low
E104434,Male,Product,Yes,48.9,19,43,8.1,7.9,92.1,7,0.17,Low,Low
E104435,Male,Service,Yes,37.0,17,79,7.3,3.4,86.2,2,0.48,Medium,Medium
E104436,Male,Product,Yes,51.9,14,42,1.4,4.4,82.8,5,0.08,Low,Medium
E104437,Female,Service,Yes,40.3,15,46,2.1,6.0,98.5,6,0.08,Low,Medium
E104438,Other,Product,Yes,49.2,11,66,8.6,8.7,78.3,7,0.11,Low,Medium
E104439,Male,Service,Yes,45.1,7,25,1.3,6.6,86.7,4,0.04,Low,Medium
E104440,Female,Service,Yes,46.4,5,40,9.3,1.2,92.5,3,0.82,High,Low
E104441,Female,Service,Yes,42.0,17,45,3.4,3.7,52.3,9,0.21,Low,Low
E104442,Male,Service,Yes,46.8,10,34,6.4,8.8,99.8,9,0.08,Low,Medium
E104443,Male,Product,Yes,45.7,5,98,6.1,3.2,63.1,9,0.41,Medium,Medium
E104444,Male,Service,Yes,37.7,16,83,4.6,4.3,85.1,3,0.26,Low,Medium
E104445,Female,Service,No,40.2,9,55,1.3,4.5,97.7,2,0.07,Low,Medium
E104446,Male,Product,Yes,42.3,18,81,2.7,2.4,88.2,1,0.21,Low,Medium
E104447,Female,Service,Yes,41.2,14,58,6.5,4.1,61.5,9,0.38,Medium,Low
E104448,Male,Service,Yes,51.3,15,74,5.0,8.4,68.1,5,0.08,Low,High
E104449,Female,Product,Yes,45.0,16,21,4.7,8.6,70.7,0,0.07,Low,Medium
E104450,Male,Product,No,41.1,6,68,1.9,6.2,79.3,5,0.07,Low,High
E104451,Female,Service,Yes,42.5,18,77,4.1,7.1,80.1,4,0.12,Low,High
E104452,Female,Service,Yes,42.5,7,96,5.7,5.8,89.4,1,0.24,Low,Medium
E104453,Female,Product,Yes,43.6,7,94,1.7,1.4,93.0,9,0.15,Low,Medium
E104454,Female,Service,Yes,39.6,4,27,1.6,7.3,54.5,10,0.04,Low,Medium
E104455,Male,Service,Yes,40.9,10,47,5.4,10.0,63.7,4,0.0,Low,Medium
E104456,Female,Service,Yes,48.8,1,21,6.1,3.1,67.2,6,0.42,Medium,Low
E104457,Male,Service,Yes,45.9,17,44,3.3,9.8,50.7,11,0.01,Low,Medium
E104458,Male,Product,Yes,44.2,3,25,3.9,10.0,70.9,11,0.0,Low,Medium
E104459,Male,Product,Yes,45.0,11,84,8.2,2.3,67.9,0,0.63,High,Low
E104460,Male,Product,No,44.8,3,35,8.8,9.3,76.3,10,0.06,Low,Low
E104461,Male,Product,Yes,44.0,4,46,3.9,7.1,55.0,10,0.11,Low,Medium
E104462,Other,Service,Yes,47.6,16,19,4.2,5.2,70.7,4,0.2,Low,Low
E104463,Male,Service,Yes,47.2,18,49,8.5,4.1,79.9,7,0.5,Medium,Low
E104464,Female,Product,Yes,37.1,9,61,9.8,6.7,90.2,10,0.32,Medium,Low
E104465,Male,Service,No,44.3,13,26,3.9,8.6,88.3,7,0.05,Low,Medium
E104466,Male,Service,Yes,37.5,14,51,8.1,1.3,70.2,7,0.7,High,Low
E104467,Male,Product,Yes,48.2,13,58,5.3,5.8,69.5,0,0.22,Low,Medium
E104468,Female,Service,Yes,48.8,15,36,3.4,6.9,51.9,7,0.11,Low,Medium
E104469,Female,Service,Yes,41.9,7,25,7.1,1.2,54.1,7,0.62,High,Low
E104470,Female,Product,Yes,44.4,8,69,5.2,9.0,93.6,4,0.05,Low,Medium
E104471,Other,Product,No,34.4,7,24,3.4,9.6,90.3,10,0.01,Low,Medium
E104472,Male,Service,No,49.9,10,56,2.0,6.5,51.1,10,0.07,Low,Medium
E104473,Male,Product,Yes,48.5,11,94,8.8,2.1,94.1,5,0.7,High,Low
E104474,Female,Service,No,50.8,13,90,8.9,9.4,80.7,1,0.05,Low,Medium
E104475,Male,Service,Yes,52.4,17,69,1.7,8.2,90.1,1,0.03,Low,High
E104476,Male,Product,No,38.9,11,64,7.0,1.3,75.1,0,0.61,High,Low
E104477,Male,Product,No,49.4,3,46,2.5,6.2,57.5,9,0.1,Low,Medium
E104478,Female,Service,Yes,52.4,12,82,6.8,2.0,67.8,2,0.54,Medium,Low
E104479,Female,Service,Yes,37.5,15,32,9.2,2.3,72.5,1,0.71,High,Low
E104480,Male,Service,No,44.1,9,95,3.3,2.7,87.7,10,0.24,Low,Medium
E104481,Male,Service,Yes,43.2,10,99,4.1,4.6,90.6,7,0.22,Low,High
E104482,Female,Service,Yes,49.3,11,79,8.2,8.9,87.1,4,0.09,Low,Medium
E104483,Female,Service,Yes,33.0,17,39,7.6,1.3,73.8,6,0.66,High,Low
E104484,Male,Service,No,54.1,1,45,4.7,7.2,83.2,1,0.13,Low,Medium
E104485,Female,Service,No,44.4,18,98,8.6,9.7,64.8,7,0.03,Low,High
E104486,Male,Service,Yes,49.6,4,33,9.3,6.8,99.4,0,0.3,Low,Low
E104487,Male,Product,No,44.7,19,32,5.1,8.3,58.4,3,0.09,Low,Medium
E104488,Female,Service,Yes,47.5,9,82,1.4,9.1,86.2,6,0.01,Low,High
E104489,Female,Service,No,33.4,15,47,5.6,7.4,57.7,10,0.15,Low,Medium
E104490,Male,Product,Yes,43.1,11,84,7.7,6.9,64.0,0,0.24,Low,Medium
E104491,Female,Product,Yes,49.2,8,21,3.0,1.2,87.4,2,0.26,Low,Low
E104492,Female,Service,Yes,46.4,2,15,1.9,5.7,86.5,2,0.08,Low,Low
E104493,Female,Service,Yes,36.8,0,94,3.6,5.2,56.2,4,0.17,Low,High
E104494,Female,Product,Yes,45.3,4,73,1.1,5.7,83.9,2,0.05,Low,High
E104495,Female,Service,No,40.9,7,48,7.4,4.9,60.2,11,0.38,Medium,Low
E104496,Male,Product,Yes,40.5,16,66,2.3,9.2,98.6,3,0.02,Low,High
E104497,Male,Service,No,37.4,0,25,7.5,9.0,80.2,5,0.07,Low,Low
E104498,Male,Service,Yes,48.1,12,22,3.1,2.1,50.2,3,0.24,Low,Low
E104499,Male,Service,Yes,50.6,5,67,9.9,5.8,60.4,0,0.42,Medium,Low
E104500,Female,Product,Yes,55.6,14,29,5.8,9.6,61.5,6,0.02,Low,Medium
E104501,Male,Product,No,37.6,6,42,1.4,6.4,62.4,7,0.05,Low,Medium
E104502,Male,Service,Yes,48.8,7,98,8.0,8.2,77.9,6,0.14,Low,High
E104503,Male,Service,No,49.2,2,28,4.7,4.4,60.3,4,0.26,Low,Low
E104504,Male,Service,No,42.1,14,72,6.5,4.4,70.6,6,0.36,Medium,Medium
E104505,Male,Service,Yes,40.4,3,71,9.6,3.9,58.7,6,0.59,Medium,Low
E104506,Female,Product,Yes,39.6,8,66,5.7,1.2,83.3,0,0.5,Medium,Low
E104507,Male,Service,No,42.4,10,51,8.2,9.3,78.4,7,0.06,Low,Medium
E104508,Female,Product,No,46.0,13,16,3.7,4.1,81.4,8,0.22,Low,Low
E104509,Female,Product,Yes,51.8,8,48,7.4,4.3,98.4,11,0.42,Medium,Low
E104510,Male,Product,Yes,50.5,11,48,1.9,7.8,70.0,0,0.04,Low,Medium
E104511,Male,Product,Yes,36.9,4,72,9.0,5.7,60.8,10,0.39,Medium,Low
E104512,Male,Service,Yes,41.1,5,87,2.8,4.3,99.9,9,0.16,Low,Medium
E104513,Female,Service,Yes,51.5,18,75,3.7,9.0,52.9,10,0.04,Low,High
E104514,Female,Service,Yes,41.3,4,68,9.6,8.4,90.5,0,0.15,Low,Medium
E104515,Male,Service,Yes,44.7,0,81,2.4,9.8,58.1,2,0.0,Low,High
E104516,Male,Service,Yes,36.5,9,44,3.3,6.8,83.2,7,0.11,Low,Medium
E104517,Female,Service,No,50.8,13,97,6.2,7.2,73.7,8,0.17,Low,High
E104518,Male,Product,No,35.4,16,94,9.8,3.9,92.0,11,0.6,Medium,Medium
E104519,Male,Service,No,36.8,10,73,7.2,1.9,86.6,1,0.58,Medium,Low
E104520,Female,Product,No,50.3,3,72,2.0,2.0,58.6,0,0.16,Low,Medium
E104521,Female,Product,Yes,54.6,17,38,7.7,6.8,83.3,10,0.25,Low,Low
E104522,Female,Product,No,43.5,18,29,4.8,2.0,60.9,9,0.38,Medium,Low
E104523,Female,Service,No,44.8,3,36,9.9,9.2,58.5,3,0.08,Low,Low
E104524,Female,Service,No,49.5,11,46,6.7,7.3,54.2,11,0.18,Low,Medium
E104525,Male,Service,Yes,46.4,13,89,5.8,3.0,55.7,1,0.41,Medium,Medium
E104526,Female,Service,Yes,43.1,17,56,6.0,3.5,85.2,8,0.39,Medium,Low
E104527,Female,Service,Yes,42.6,0,73,6.8,7.4,99.6,8,0.18,Low,Medium
E104528,Female,Product,Yes,37.2,19,97,7.6,8.4,83.8,4,0.12,Low,High
E104529,Male,Service,No,46.2,10,69,1.7,8.6,85.4,4,0.02,Low,High
E104530,Male,Service,Yes,44.5,18,19,2.2,6.4,89.1,8,0.08,Low,Medium
E104531,Male,Product,No,42.8,0,55,3.7,2.4,94.5,10,0.28,Low,Low
E104532,Male,Service,Yes,40.0,0,71,5.3,8.4,63.4,6,0.08,Low,Medium
E104533,Male,Service,Yes,40.5,2,67,3.8,8.1,80.2,11,0.07,Low,Medium
E104534,Female,Product,Yes,48.1,13,52,2.9,8.5,60.8,1,0.04,Low,Medium
E104535,Female,Service,Yes,49.4,7,15,9.3,2.4,76.3,5,0.71,High,Low
E104536,Male,Product,Yes,43.4,14,74,1.3,7.2,60.4,5,0.04,Low,High
E104537,Female,Service,Yes,42.8,3,90,9.4,9.6,53.2,9,0.04,Low,Medium
E104538,Male,Product,Yes,40.7,10,60,9.2,3.3,54.4,0,0.62,High,Low
E104539,Male,Service,No,49.7,7,18,7.2,7.5,98.8,1,0.18,Low,Low
E104540,Male,Service,Yes,45.2,6,29,1.3,3.3,50.3,1,0.09,Low,Low
E104541,Male,Service,No,46.8,1,95,3.0,3.8,84.5,0,0.19,Low,High
E104542,Male,Service,Yes,46.8,7,26,9.8,5.4,94.4,5,0.45,Medium,Low
E104543,Male,Service,Yes,43.5,18,15,9.2,9.1,69.7,2,0.08,Low,Low
E104544,Male,Service,Yes,39.2,8,91,9.7,1.3,85.4,8,0.84,High,Low
E104545,Female,Service,No,40.0,15,44,10.0,9.9,67.4,7,0.01,Low,Low
E104546,Male,Service,Yes,50.6,7,88,1.6,7.9,76.4,11,0.03,Low,High
E104547,Female,Service,Yes,41.4,7,20,6.1,4.2,96.8,6,0.35,Medium,Low
E104548,Female,Service,No,42.9,10,87,8.5,4.2,52.1,4,0.49,Medium,Medium
E104549,Female,Product,Yes,39.3,6,64,3.9,5.3,63.4,2,0.18,Low,Medium
E104550,Female,Service,Yes,38.9,1,16,4.9,8.9,55.3,10,0.05,Low,Low
E104551,Male,Service,No,41.2,4,20,3.6,1.2,74.8,6,0.32,Medium,Low
E104552,Male,Product,Yes,53.4,17,89,1.3,5.9,88.5,5,0.05,Low,High
E104553,Female,Product,Yes,48.3,10,91,1.7,1.5,98.8,1,0.14,Low,Medium
E104554,Male,Service,Yes,42.4,16,52,1.2,2.0,57.8,4,0.1,Low,Medium
E104555,Female,Service,Yes,50.4,5,90,5.7,7.2,52.2,4,0.16,Low,High
E104556,Female,Service,Yes,44.2,12,97,6.6,3.1,56.9,2,0.46,Medium,Medium
E104557,Female,Service,Yes,51.8,6,32,3.8,1.4,98.4,11,0.33,Medium,Low
E104558,Female,Product,No,56.1,10,33,8.4,2.5,66.0,11,0.63,High,Low
E104559,Other,Service,Yes,50.1,17,42,9.0,2.9,63.4,1,0.64,High,Low
E104560,Female,Product,Yes,45.5,5,26,2.3,7.9,86.8,1,0.05,Low,Medium
E104561,Male,Service,No,48.5,11,66,1.5,6.6,56.0,11,0.05,Low,High
E104562,Female,Service,Yes,45.1,2,91,3.9,7.6,67.5,4,0.09,Low,High
E104563,Male,Product,No,35.8,18,72,7.4,4.3,57.2,11,0.42,Medium,Low
E104564,Male,Service,No,41.7,10,36,5.6,2.0,98.7,10,0.45,Medium,Low
E104565,Female,Service,Yes,40.2,1,59,5.4,8.2,64.3,0,0.1,Low,Medium
E104566,Male,Product,Yes,41.6,2,76,2.4,2.3,63.5,5,0.18,Low,Medium
E104567,Male,Product,No,54.0,16,56,4.2,4.4,81.7,8,0.24,Low,Medium
E104568,Male,Product,No,50.6,4,81,9.6,3.4,50.8,0,0.63,High,Low
E104569,Female,Service,Yes,47.2,1,23,4.1,3.7,82.7,11,0.26,Low,Low
E104570,Male,Service,Yes,49.1,11,78,6.3,6.4,72.7,2,0.23,Low,Medium
E104571,Female,Product,Yes,35.5,4,29,1.5,2.5,59.2,10,0.11,Low,Low
E104572,Male,Service,Yes,48.6,12,44,1.6,5.0,74.3,9,0.08,Low,Medium
E104573,Female,Product,Yes,49.7,6,40,4.8,6.7,99.9,4,0.16,Low,Medium
E104574,Female,Service,Yes,33.8,10,83,6.4,8.8,91.9,2,0.08,Low,High
E104575,Male,Service,No,48.8,4,36,4.4,4.3,98.7,1,0.25,Low,Low
E104576,Male,Product,Yes,37.9,17,68,2.6,3.9,96.3,2,0.16,Low,Medium
E104577,Male,Service,No,35.1,5,72,7.6,4.3,91.0,11,0.43,Medium,Low
E104578,Female,Service,Yes,51.6,2,93,2.3,5.5,66.7,6,0.1,Low,High
E104579,Female,Service,Yes,40.0,5,67,7.0,3.8,86.5,10,0.43,Medium,Low
E104580,Female,Service,Yes,41.4,15,33,9.6,3.3,69.6,6,0.64,High,Low
E104581,Male,Service,Yes,49.9,2,48,5.2,4.4,71.5,4,0.29,Low,Low
E104582,Female,Service,Yes,43.5,17,96,2.8,8.0,93.7,1,0.06,Low,High
E104583,Female,Service,No,44.1,3,28,8.6,3.3,60.3,0,0.58,Medium,Low
E104584,Female,Product,Yes,44.0,4,36,5.5,8.6,64.8,2,0.08,Low,Medium
E104585,Female,Service,No,46.7,8,27,9.3,3.6,96.5,6,0.6,Medium,Low
E104586,Male,Product,Yes,43.9,3,78,7.5,6.4,85.0,0,0.27,Low,Medium
E104587,Male,Service,Yes,45.6,0,70,4.9,9.7,53.2,6,0.01,Low,High
E104588,Female,Service,Yes,42.5,10,86,6.6,9.6,56.1,5,0.03,Low,High
E104589,Female,Service,No,46.8,4,56,2.5,4.9,79.0,3,0.13,Low,Medium
E104590,Female,Product,Yes,46.6,9,80,4.5,1.6,89.9,9,0.38,Medium,Medium
E104591,Male,Product,Yes,54.5,2,77,6.3,9.1,89.6,5,0.06,Low,Medium
E104592,Male,Product,No,43.1,14,56,6.3,2.1,71.2,3,0.5,Medium,Low
E104593,Male,Service,No,44.1,13,48,6.3,9.3,62.9,4,0.04,Low,Medium
E104594,Male,Service,Yes,46.2,4,43,7.7,7.6,89.4,2,0.18,Low,Low
E104595,Female,Product,No,49.8,7,40,2.0,9.4,97.2,9,0.01,Low,Medium
E104596,Female,Product,Yes,39.5,16,37,1.7,7.0,72.2,8,0.05,Low,Medium
E104597,Male,Product,No,45.5,19,50,2.3,10.0,56.9,0,0.0,Low,High
E104598,Male,Service,Yes,32.5,18,23,8.1,5.2,80.5,6,0.39,Medium,Low
E104599,Male,Product,Yes,43.6,3,99,1.6,4.0,53.6,4,0.1,Low,High
E104600,Male,Service,Yes,50.4,1,56,3.0,4.5,80.6,8,0.16,Low,Medium
E104601,Female,Service,Yes,41.4,1,81,3.3,4.2,58.6,1,0.19,Low,Medium
E104602,Female,Service,Yes,45.9,1,21,6.8,4.6,75.8,5,0.37,Medium,Low
E104603,Male,Service,No,42.4,2,37,4.6,9.0,81.3,11,0.05,Low,Medium
E104604,Female,Product,No,40.7,8,46,2.8,6.3,72.3,2,0.1,Low,Medium
E104605,Female,Product,Yes,49.9,4,37,5.0,7.5,91.4,3,0.12,Low,Medium
E104606,Female,Product,Yes,39.8,19,30,7.2,3.6,68.7,3,0.46,Medium,Low
E104607,Male,Product,Yes,46.5,14,83,8.1,9.9,57.8,10,0.01,Low,Medium
E104608,Female,Service,Yes,46.5,3,27,2.1,3.5,73.2,1,0.14,Low,Low
E104609,Male,Product,No,40.7,2,24,7.4,2.4,98.2,0,0.56,Medium,Low
E104610,Male,Service,Yes,45.8,8,73,1.0,8.0,94.0,2,0.02,Low,High
E104611,Male,Product,Yes,40.3,9,16,7.5,8.6,65.6,11,0.11,Low,Low
E104612,Male,Product,Yes,47.6,16,94,6.9,4.5,62.1,10,0.38,Medium,Medium
E104613,Male,Product,Yes,38.4,19,66,5.2,5.9,74.2,9,0.21,Low,Medium
E104614,Male,Service,Yes,43.3,7,15,2.2,4.7,82.8,7,0.12,Low,Low
E104615,Male,Product,Yes,43.7,18,84,7.9,3.6,96.3,2,0.51,Medium,Medium
E104616,Female,Service,Yes,50.6,4,68,1.6,8.3,80.7,0,0.03,Low,High
E104617,Female,Service,Yes,45.7,10,33,9.1,7.8,91.8,3,0.2,Low,Low
E104618,Male,Product,Yes,49.8,3,42,8.0,5.4,84.8,8,0.37,Medium,Low
E104619,Female,Service,Yes,47.8,3,19,7.7,5.1,55.1,5,0.38,Medium,Low
E104620,Female,Product,Yes,47.7,14,90,7.8,2.6,94.6,8,0.58,Medium,Medium
E104621,Female,Service,No,43.3,7,44,1.6,6.7,60.0,0,0.05,Low,Medium
E104622,Male,Service,Yes,50.1,12,95,9.9,9.3,68.3,0,0.07,Low,Medium
E104623,Female,Product,No,43.2,19,33,8.7,7.5,92.0,5,0.22,Low,Low
E104624,Female,Service,Yes,36.4,11,56,5.6,5.6,99.0,10,0.25,Low,Medium
E104625,Female,Service,Yes,43.9,1,39,7.5,1.3,65.5,2,0.65,High,Low
E104626,Male,Service,Yes,47.3,0,49,7.7,9.4,69.2,7,0.05,Low,Medium
E104627,Male,Service,Yes,37.0,13,23,8.5,3.8,74.3,3,0.53,Medium,Low
E104628,Female,Product,No,40.6,19,53,3.3,3.7,74.9,8,0.21,Low,Medium
E104629,Male,Service,Yes,38.8,7,70,4.3,5.2,87.5,5,0.21,Low,Medium
E104630,Male,Product,Yes,48.9,15,52,8.2,4.9,90.9,1,0.42,Medium,Low
E104631,Male,Product,No,53.4,4,29,7.9,9.7,99.6,0,0.02,Low,Low
E104632,Female,Service,Yes,44.0,1,60,5.7,2.5,90.2,9,0.43,Medium,Low
E104633,Female,Product,Yes,47.7,14,51,4.6,7.2,65.0,1,0.13,Low,Medium
E104634,Male,Product,Yes,47.5,3,74,9.7,2.0,67.9,0,0.78,High,Low
E104635,Female,Service,Yes,52.8,3,76,4.7,3.5,80.9,11,0.31,Medium,Medium
E104636,Male,Service,Yes,41.7,9,45,7.9,7.5,84.3,7,0.2,Low,Low
E104637,Female,Service,Yes,43.9,17,44,4.7,8.2,54.5,1,0.08,Low,Medium
E104638,Female,Product,No,43.3,6,80,3.8,5.2,67.2,8,0.18,Low,Medium
E104639,Female,Product,No,45.4,4,21,6.8,8.1,60.1,8,0.13,Low,Low
E104640,Female,Service,Yes,57.5,3,44,8.3,9.4,75.4,8,0.05,Low,Medium
E104641,Male,Product,Yes,45.2,14,47,9.8,9.4,58.4,9,0.06,Low,Low
E104642,Female,Product,Yes,40.7,17,52,2.3,4.1,79.0,10,0.14,Low,Medium
E104643,Male,Product,Yes,39.2,16,98,8.9,3.8,73.4,5,0.55,Medium,Medium
E104644,Female,Product,Yes,51.3,5,33,5.7,7.5,70.2,7,0.14,Low,Low
E104645,Female,Service,No,40.7,0,23,2.0,6.9,82.4,9,0.06,Low,Medium
E104646,Female,Product,No,48.3,2,46,8.1,4.5,70.8,2,0.45,Medium,Low
E104647,Male,Product,Yes,41.6,8,44,4.0,3.1,70.0,10,0.28,Low,Low
E104648,Female,Product,Yes,38.7,4,20,8.8,6.6,82.6,11,0.3,Low,Low
E104649,Male,Service,Yes,48.0,5,75,2.4,4.9,52.9,8,0.12,Low,Medium
E104650,Male,Service,Yes,41.8,12,95,7.4,2.2,71.6,8,0.58,Medium,Medium
E104651,Female,Service,Yes,47.1,2,51,3.7,6.8,59.8,9,0.12,Low,Medium
E104652,Male,Service,Yes,47.5,2,93,3.3,7.3,51.9,4,0.09,Low,High
E104653,Female,Product,Yes,47.7,4,85,1.5,4.3,51.7,11,0.09,Low,High
E104654,Male,Service,Yes,43.7,11,92,5.3,8.5,58.4,8,0.08,Low,High
E104655,Male,Product,Yes,48.4,19,34,4.5,1.7,71.7,9,0.37,Medium,Low
E104656,Female,Product,No,40.4,17,44,1.6,5.5,78.3,7,0.07,Low,Medium
E104657,Male,Product,Yes,32.7,6,32,3.0,9.6,89.8,11,0.01,Low,Medium
E104658,Male,Service,Yes,48.5,19,77,5.4,2.7,80.4,6,0.39,Medium,Medium
E104659,Female,Product,Yes,45.8,11,75,8.3,2.6,76.0,9,0.61,High,Low
E104660,Male,Product,Yes,41.9,1,71,9.4,4.4,51.8,3,0.53,Medium,Low
E104661,Female,Product,No,37.6,15,36,5.6,3.4,64.9,4,0.37,Medium,Low
E104662,Male,Service,Yes,34.8,1,63,4.6,3.0,84.6,0,0.32,Medium,Medium
E104663,Female,Service,No,45.3,7,32,9.6,9.5,63.5,4,0.05,Low,Low
E104664,Female,Service,Yes,53.2,0,75,9.7,4.1,79.7,1,0.57,Medium,Low
E104665,Female,Service,Yes,44.3,13,96,2.7,1.5,80.2,0,0.23,Low,Medium
E104666,Male,Service,Yes,43.2,9,92,5.8,9.1,65.3,10,0.05,Low,High
E104667,Female,Service,Yes,44.9,12,82,8.4,5.0,78.6,1,0.42,Medium,Medium
E104668,Female,Product,Yes,55.9,9,21,8.4,7.6,55.7,10,0.2,Low,Low
E104669,Female,Service,No,48.8,12,21,7.2,4.3,86.3,7,0.41,Medium,Low
E104670,Male,Service,Yes,40.3,12,79,5.2,9.4,51.1,5,0.03,Low,High
E104671,Female,Product,Yes,45.1,0,54,4.6,3.6,51.8,5,0.29,Low,Low
E104672,Female,Service,Yes,46.7,4,38,8.3,7.0,93.5,11,0.25,Low,Low
E104673,Male,Product,Yes,39.7,15,46,3.0,8.4,79.0,8,0.05,Low,Medium
E104674,Male,Service,Yes,48.8,5,24,4.9,3.1,58.1,1,0.34,Medium,Low
E104675,Female,Service,Yes,40.9,3,23,6.1,8.2,80.1,0,0.11,Low,Low
E104676,Male,Service,Yes,37.4,9,53,8.5,8.1,68.5,4,0.16,Low,Medium
E104677,Female,Product,Yes,45.4,10,17,4.4,9.7,63.5,3,0.01,Low,Medium
E104678,Female,Service,No,44.6,1,83,5.9,9.3,90.6,3,0.04,Low,High
E104679,Female,Product,No,45.0,8,21,3.5,4.5,73.9,7,0.19,Low,Low
E104680,Male,Service,Yes,41.2,13,26,8.5,6.3,64.7,1,0.31,Medium,Low
E104681,Male,Service,No,41.9,1,37,8.1,9.3,97.2,0,0.06,Low,Low
E104682,Female,Product,No,50.6,4,77,8.4,1.0,58.3,1,0.76,High,Low
E104683,Male,Service,Yes,47.2,11,31,1.5,6.6,57.1,10,0.05,Low,Medium
E104684,Female,Product,Yes,40.2,0,92,5.4,2.9,54.9,10,0.38,Medium,Medium
E104685,Male,Service,Yes,35.2,18,78,2.2,7.6,56.2,10,0.05,Low,High
E104686,Male,Service,Yes,40.4,11,79,7.1,8.2,62.6,8,0.13,Low,Medium
E104687,Male,Product,No,45.8,11,42,3.8,7.4,84.9,10,0.1,Low,Medium
E104688,Male,Product,No,41.8,19,72,8.0,10.0,83.6,6,0.0,Low,Medium
E104689,Female,Service,No,41.5,4,32,1.6,5.3,88.2,10,0.08,Low,Medium
E104690,Male,Product,Yes,42.1,19,58,5.6,6.1,78.8,3,0.22,Low,Medium
E104691,Male,Service,Yes,44.6,1,78,2.1,4.7,74.6,9,0.11,Low,Medium
E104692,Male,Product,Yes,48.9,13,51,6.0,9.8,71.6,11,0.01,Low,Medium
E104693,Male,Product,Yes,45.0,16,17,6.5,9.3,93.7,8,0.05,Low,Low
E104694,Male,Service,Yes,45.3,14,28,5.2,9.9,67.2,9,0.01,Low,Medium
E104695,Female,Service,Yes,43.9,16,21,3.5,9.9,94.6,9,0.0,Low,Medium
E104696,Male,Service,Yes,42.5,1,31,1.3,9.1,63.8,5,0.01,Low,Medium
E104697,Male,Service,Yes,49.5,7,84,7.0,9.4,57.9,7,0.04,Low,High
E104698,Male,Service,No,48.7,9,97,8.8,2.1,62.8,4,0.7,High,Low
E104699,Other,Product,Yes,55.2,2,93,7.6,2.6,75.0,10,0.56,Medium,Medium
E104700,Male,Product,No,48.1,10,53,9.0,9.0,96.3,9,0.09,Low,Medium
E104701,Male,Service,No,42.5,8,19,9.4,7.5,58.9,1,0.24,Low,Low
E104702,Female,Service,No,40.5,14,93,5.0,8.9,79.0,10,0.05,Low,High
E104703,Female,Service,No,49.8,10,66,7.3,7.9,60.9,9,0.15,Low,Medium
E104704,Male,Product,Yes,40.9,2,40,4.6,2.3,83.9,8,0.35,Medium,Low
E104705,Male,Service,Yes,49.0,6,53,9.3,9.2,73.3,4,0.07,Low,Medium
E104706,Female,Service,No,41.2,6,59,6.1,7.9,86.7,3,0.13,Low,Medium
E104707,Male,Service,No,46.7,3,91,7.8,6.1,92.8,7,0.3,Low,Medium
E104708,Female,Service,Yes,39.7,5,45,1.1,5.8,66.7,1,0.05,Low,Medium
E104709,Female,Service,No,48.9,18,91,6.2,6.2,96.9,6,0.24,Low,Medium
E104710,Male,Service,Yes,38.8,13,37,7.7,4.5,73.4,2,0.42,Medium,Low
E104711,Male,Service,Yes,46.4,3,54,3.3,8.2,96.8,5,0.06,Low,Medium
E104712,Male,Service,Yes,44.0,18,46,1.1,9.2,61.5,1,0.01,Low,High
E104713,Female,Service,Yes,45.5,18,18,7.7,3.3,94.9,2,0.52,Medium,Low
E104714,Male,Service,Yes,43.0,16,95,4.0,1.3,66.7,9,0.35,Medium,Medium
E104715,Male,Service,Yes,42.9,18,98,4.9,2.8,87.5,11,0.35,Medium,Medium
E104716,Female,Product,Yes,45.8,11,60,6.1,7.8,98.4,11,0.13,Low,Medium
E104717,Other,Product,No,40.0,16,89,2.0,8.8,95.6,10,0.02,Low,High
E104718,Male,Service,Yes,40.0,14,56,1.9,4.1,73.2,11,0.11,Low,Medium
E104719,Female,Service,Yes,43.2,8,53,9.6,2.4,67.2,6,0.73,High,Low
E104720,Male,Product,Yes,43.0,19,84,4.1,8.7,80.6,0,0.05,Low,High
E104721,Male,Service,Yes,40.0,15,70,3.3,2.9,85.3,6,0.23,Low,Medium
E104722,Male,Service,Yes,49.6,17,61,1.4,3.2,77.0,6,0.1,Low,Medium
E104723,Male,Service,Yes,43.3,17,52,2.6,1.8,92.4,8,0.21,Low,Low
E104724,Male,Product,No,43.9,3,32,4.9,9.2,52.9,11,0.04,Low,Medium
E104725,Male,Product,Yes,38.4,3,16,4.1,3.9,80.0,4,0.25,Low,Low
E104726,Female,Service,Yes,55.4,0,68,4.8,2.5,76.3,11,0.36,Medium,Medium
E104727,Female,Service,No,57.1,4,95,7.3,9.6,52.0,10,0.03,Low,High
E104728,Female,Product,No,41.1,11,44,6.8,4.0,50.6,7,0.41,Medium,Low
E104729,Male,Product,Yes,51.1,13,18,5.4,7.7,80.3,11,0.12,Low,Low
E104730,Male,Product,Yes,44.5,9,21,8.3,3.1,55.9,11,0.57,Medium,Low
E104731,Male,Service,Yes,53.0,17,93,8.7,7.5,88.4,2,0.22,Low,Medium
E104732,Female,Service,Yes,46.7,9,71,6.3,3.1,97.5,0,0.43,Medium,Low
E104733,Female,Product,Yes,45.5,15,44,2.1,6.7,58.9,1,0.07,Low,Medium
E104734,Male,Service,No,32.5,5,58,4.7,5.0,89.9,4,0.24,Low,Medium
E104735,Male,Service,Yes,40.6,2,91,6.7,8.2,79.6,9,0.12,Low,High
E104736,Male,Service,Yes,45.1,19,43,1.6,7.6,72.4,11,0.04,Low,Medium
E104737,Male,Product,Yes,46.0,14,50,1.2,9.4,82.5,8,0.01,Low,High
E104738,Male,Product,No,38.9,4,62,9.5,4.4,90.1,3,0.53,Medium,Low
E104739,Female,Service,Yes,41.4,5,33,7.6,7.8,98.5,6,0.17,Low,Low
E104740,Female,Product,Yes,47.8,11,77,2.4,9.7,83.0,9,0.01,Low,High
E104741,Male,Service,Yes,38.1,0,16,5.0,4.0,87.3,6,0.3,Low,Low
E104742,Male,Product,Yes,45.7,9,28,2.7,3.6,80.4,0,0.17,Low,Low
E104743,Other,Service,No,51.2,2,94,1.1,7.9,78.3,1,0.02,Low,High
E104744,Male,Service,Yes,46.9,4,49,4.5,5.0,53.2,7,0.22,Low,Medium
E104745,Male,Service,Yes,46.7,14,35,6.8,4.6,57.8,3,0.37,Medium,Low
E104746,Male,Service,Yes,34.9,3,31,9.6,5.9,69.0,7,0.39,Medium,Low
E104747,Male,Service,No,40.9,18,96,7.9,9.4,82.5,7,0.05,Low,High
E104748,Male,Service,Yes,55.3,16,46,3.1,1.8,53.8,6,0.25,Low,Low
E104749,Female,Product,No,42.0,7,37,4.0,5.2,77.2,1,0.19,Low,Low
E104750,Male,Service,Yes,51.3,4,20,5.7,2.0,50.7,5,0.46,Medium,Low
E104751,Male,Service,Yes,41.9,3,43,2.7,9.0,88.3,0,0.03,Low,Medium
E104752,Female,Service,Yes,43.6,18,77,8.5,2.2,83.3,4,0.66,High,Low
E104753,Male,Service,Yes,47.6,8,84,2.5,1.8,76.0,3,0.2,Low,Medium
E104754,Female,Service,No,45.5,12,95,3.6,9.7,78.6,9,0.01,Low,High
E104755,Female,Product,No,46.9,16,18,6.2,6.1,96.6,1,0.24,Low,Low
E104756,Male,Service,Yes,40.9,7,72,2.1,8.4,95.3,4,0.03,Low,High
E104757,Female,Product,Yes,39.3,18,45,6.6,5.2,89.6,0,0.32,Medium,Low
E104758,Male,Product,Yes,40.6,10,36,9.5,4.9,66.8,2,0.48,Medium,Low
E104759,Other,Service,No,42.3,13,41,7.2,9.2,55.4,10,0.06,Low,Medium
E104760,Male,Service,Yes,43.9,17,99,8.3,9.9,66.1,10,0.01,Low,High
E104761,Other,Product,Yes,50.2,4,98,4.9,6.6,87.6,6,0.17,Low,High
E104762,Female,Service,Yes,45.4,11,30,4.3,9.3,80.6,3,0.03,Low,Medium
E104763,Male,Service,Yes,47.4,15,20,4.0,8.8,85.3,6,0.05,Low,Medium
E104764,Male,Product,No,45.7,15,94,6.9,5.9,55.3,10,0.28,Low,Medium
E104765,Other,Service,No,39.4,13,21,5.7,9.5,57.9,6,0.03,Low,Low
E104766,Female,Service,Yes,45.1,6,28,5.3,2.9,83.2,5,0.38,Medium,Low
E104767,Male,Product,Yes,45.7,8,17,1.9,9.0,68.6,10,0.02,Low,Medium
E104768,Female,Service,Yes,48.8,2,63,7.1,3.8,68.5,2,0.44,Medium,Low
E104769,Male,Service,No,39.7,13,50,7.5,1.3,69.6,9,0.65,High,Low
E104770,Male,Product,Yes,34.8,0,43,2.8,8.1,89.8,7,0.05,Low,Medium
E104771,Male,Product,Yes,45.9,13,18,7.8,9.4,85.0,9,0.05,Low,Low
E104772,Male,Service,Yes,46.8,19,54,8.9,3.0,55.3,3,0.62,High,Low
E104773,Female,Service,Yes,44.1,17,55,2.6,5.8,67.2,1,0.11,Low,Medium
E104774,Male,Product,Yes,45.1,2,36,5.1,7.7,83.7,1,0.12,Low,Medium
E104775,Female,Product,Yes,49.4,5,93,8.9,4.0,98.8,0,0.53,Medium,Medium
E104776,Male,Service,No,42.7,3,18,5.4,2.3,95.6,0,0.42,Medium,Low
E104777,Male,Service,Yes,43.6,0,96,8.3,4.5,62.4,0,0.46,Medium,Medium
E104778,Male,Service,Yes,45.4,2,37,2.9,5.1,53.3,8,0.14,Low,Medium
E104779,Male,Product,Yes,38.9,17,18,1.6,7.7,78.7,2,0.04,Low,Medium
E104780,Male,Product,Yes,44.2,19,82,1.5,2.8,70.3,6,0.11,Low,Medium
E104781,Male,Product,Yes,44.7,19,32,9.8,8.3,59.2,11,0.17,Low,Low
E104782,Female,Product,Yes,53.2,2,15,2.5,5.5,82.6,10,0.11,Low,Low
E104783,Male,Service,Yes,43.5,15,46,8.8,9.1,58.0,11,0.08,Low,Low
E104784,Male,Service,Yes,46.0,6,35,3.8,6.1,67.6,4,0.15,Low,Medium
E104785,Male,Product,Yes,49.6,8,52,1.4,5.0,89.7,11,0.07,Low,Medium
E104786,Female,Product,Yes,40.8,1,40,3.2,3.6,84.2,10,0.2,Low,Low
E104787,Female,Service,No,51.9,2,55,5.5,2.0,80.4,6,0.44,Medium,Low
E104788,Male,Service,Yes,53.8,0,63,2.0,4.3,96.5,6,0.11,Low,Medium
E104789,Male,Product,Yes,44.9,5,99,9.3,4.7,56.3,5,0.49,Medium,Medium
E104790,Male,Service,Yes,42.3,14,55,9.1,6.1,84.5,4,0.35,Medium,Low
E104791,Female,Service,Yes,53.1,4,73,2.3,8.7,55.9,8,0.03,Low,High
E104792,Male,Product,No,49.0,12,18,7.6,5.2,56.8,6,0.36,Medium,Low
E104793,Male,Product,Yes,45.4,7,27,5.1,3.8,75.3,10,0.32,Medium,Low
E104794,Male,Service,No,52.1,12,75,9.8,8.9,51.2,0,0.11,Low,Medium
E104795,Male,Product,Yes,51.6,18,65,1.5,7.6,75.0,7,0.04,Low,High
E104796,Male,Service,No,43.3,8,49,5.2,3.8,50.5,1,0.32,Medium,Low
E104797,Female,Service,No,46.2,2,79,3.6,2.5,80.1,4,0.27,Low,Medium
E104798,Male,Service,Yes,47.9,13,63,7.5,3.6,65.6,2,0.48,Medium,Low
E104799,Female,Product,No,45.1,6,63,2.0,2.1,54.2,4,0.16,Low,Medium
E104800,Male,Product,Yes,38.0,12,28,6.7,9.1,89.0,10,0.06,Low,Low
E104801,Male,Product,No,40.3,8,51,9.5,6.5,69.5,9,0.33,Medium,Low
E104802,Female,Product,No,38.2,10,44,5.1,8.8,72.2,9,0.06,Low,Medium
E104803,Male,Service,No,47.5,8,28,5.1,8.4,68.7,7,0.08,Low,Medium
E104804,Female,Service,Yes,39.1,10,89,5.5,2.4,54.2,9,0.42,Medium,Medium
E104805,Male,Service,No,46.0,13,41,4.7,5.0,73.0,0,0.24,Low,Low
E104806,Male,Service,Yes,54.2,14,76,5.0,9.7,83.3,7,0.02,Low,High
E104807,Female,Product,Yes,52.1,16,17,5.2,3.1,95.2,1,0.36,Medium,Low
E104808,Male,Product,Yes,35.8,0,84,10.0,1.5,88.2,3,0.85,High,Low
E104809,Female,Product,No,38.6,2,53,2.0,4.1,54.0,5,0.12,Low,Medium
E104810,Male,Service,Yes,41.1,2,33,3.6,5.6,58.3,7,0.16,Low,Low
E104811,Female,Service,Yes,39.2,2,90,2.9,1.5,52.2,5,0.25,Low,Medium
E104812,Male,Service,Yes,36.7,3,53,5.9,4.8,56.0,2,0.31,Medium,Low
E104813,Male,Service,Yes,44.9,16,24,1.0,3.3,74.0,3,0.07,Low,Low
E104814,Female,Service,No,48.5,19,61,9.3,2.9,61.0,1,0.66,High,Low
E104815,Female,Service,No,49.8,3,37,5.8,3.4,82.4,8,0.38,Medium,Low
E104816,Female,Service,Yes,42.6,12,73,9.1,1.9,51.6,8,0.74,High,Low
E104817,Female,Service,Yes,43.6,6,97,4.1,1.7,92.9,11,0.34,Medium,Medium
E104818,Female,Service,Yes,46.8,3,34,2.3,6.4,83.9,6,0.08,Low,Medium
E104819,Male,Service,Yes,44.5,7,59,2.7,9.5,98.5,9,0.01,Low,High
E104820,Male,Service,Yes,49.1,10,58,5.2,8.2,97.6,4,0.09,Low,Medium
E104821,Male,Service,Yes,47.2,18,32,1.4,8.5,84.6,10,0.02,Low,Medium
E104822,Male,Service,Yes,43.1,6,62,8.0,7.6,57.9,2,0.19,Low,Medium
E104823,Male,Service,Yes,35.7,8,89,8.1,9.6,61.1,0,0.03,Low,High
E104824,Male,Service,Yes,52.5,3,15,7.3,9.6,63.9,5,0.03,Low,Low
E104825,Male,Service,Yes,41.6,3,46,9.1,8.0,71.3,3,0.18,Low,Low
E104826,Female,Service,Yes,46.8,0,78,5.9,7.4,78.5,1,0.15,Low,Medium
E104827,Male,Product,Yes,35.4,5,21,5.3,3.7,84.1,9,0.33,Medium,Low
E104828,Male,Product,No,44.9,2,85,5.8,1.8,53.8,6,0.48,Medium,Medium
E104829,Male,Product,Yes,45.5,2,60,2.6,1.8,80.5,1,0.21,Low,Medium
E104830,Female,Service,Yes,45.7,0,38,5.6,7.6,53.0,1,0.13,Low,Medium
E104831,Female,Service,Yes,60.1,6,83,5.9,1.3,91.4,10,0.51,Medium,Low
E104832,Female,Product,No,41.8,8,50,7.9,8.3,52.0,7,0.13,Low,Medium
E104833,Male,Service,No,49.1,2,81,4.1,4.3,69.5,7,0.23,Low,Medium
E104834,Male,Product,No,47.6,14,64,1.8,2.7,71.0,7,0.13,Low,Medium
E104835,Male,Service,Yes,41.6,2,73,6.4,4.7,78.5,3,0.34,Medium,Medium
E104836,Male,Service,Yes,49.0,10,72,8.1,7.3,54.8,10,0.22,Low,Medium
E104837,Male,Product,No,44.2,17,60,9.7,3.5,96.7,6,0.63,High,Low
E104838,Male,Service,Yes,49.4,2,84,1.8,2.6,69.2,7,0.13,Low,Medium
E104839,Male,Service,No,54.8,19,37,7.7,7.6,69.8,8,0.18,Low,Low
E104840,Female,Service,Yes,45.8,6,26,6.4,8.9,62.2,1,0.07,Low,Low
E104841,Female,Service,Yes,43.6,8,42,1.1,6.3,89.0,9,0.04,Low,Medium
E104842,Male,Service,No,50.3,16,72,7.5,5.7,50.4,6,0.32,Medium,Medium
E104843,Male,Service,Yes,52.0,8,75,1.2,7.8,55.3,3,0.03,Low,High
E104844,Male,Product,Yes,40.6,9,69,8.1,7.6,73.5,9,0.19,Low,Medium
E104845,Male,Product,Yes,42.7,12,48,7.5,1.1,98.4,2,0.67,High,Low
E104846,Female,Service,No,48.4,4,32,7.2,3.5,51.8,5,0.47,Medium,Low
E104847,Male,Product,Yes,44.3,13,49,2.1,9.4,53.1,5,0.01,Low,High
E104848,Female,Service,Yes,40.2,3,62,9.3,9.6,85.7,7,0.04,Low,Medium
E104849,Male,Service,Yes,47.7,13,51,9.1,5.6,86.8,5,0.4,Medium,Low
E104850,Other,Product,No,48.4,10,55,9.1,6.0,94.8,11,0.36,Medium,Low
E104851,Male,Product,No,43.3,9,20,4.2,1.0,78.8,9,0.38,Medium,Low
E104852,Female,Product,Yes,45.3,4,97,5.4,7.1,70.2,0,0.16,Low,High
E104853,Male,Service,Yes,42.1,11,94,2.0,2.9,72.6,4,0.14,Low,High
E104854,Female,Service,Yes,39.5,14,53,1.5,2.2,71.6,11,0.12,Low,Medium
E104855,Male,Product,Yes,42.5,12,18,1.5,3.7,98.7,6,0.09,Low,Low
E104856,Male,Service,No,45.4,7,30,6.1,7.0,69.0,2,0.18,Low,Low
E104857,Female,Product,Yes,37.6,3,66,3.9,4.9,54.8,9,0.2,Low,Medium
E104858,Female,Service,Yes,42.9,12,33,6.2,4.1,64.5,8,0.37,Medium,Low
E104859,Female,Product,Yes,45.4,14,31,6.3,7.5,98.0,2,0.16,Low,Low
E104860,Female,Service,Yes,51.0,8,59,9.2,8.3,71.4,9,0.16,Low,Medium
E104861,Female,Service,Yes,43.4,5,16,8.9,8.8,65.8,11,0.11,Low,Low
E104862,Male,Service,Yes,38.8,17,16,7.5,5.0,65.5,5,0.38,Medium,Low
E104863,Male,Product,No,44.0,8,69,8.4,7.5,50.5,1,0.21,Low,Medium
E104864,Male,Product,Yes,42.2,5,18,1.0,9.0,81.7,3,0.01,Low,Medium
E104865,Female,Service,Yes,47.8,6,98,1.1,9.2,86.2,11,0.01,Low,High
E104866,Male,Product,Yes,43.3,11,26,5.1,5.4,67.6,1,0.23,Low,Low
E104867,Male,Service,No,31.4,3,68,6.9,4.2,93.6,8,0.4,Medium,Low
E104868,Female,Service,Yes,63.5,10,74,8.1,9.1,87.1,11,0.07,Low,Medium
E104869,Female,Service,No,45.7,2,43,5.0,3.4,80.0,11,0.33,Medium,Low
E104870,Male,Service,No,45.4,6,75,9.5,8.2,85.2,1,0.17,Low,Medium
E104871,Male,Service,No,37.3,1,60,8.3,9.2,88.5,7,0.07,Low,Medium
E104872,Male,Service,Yes,37.7,9,63,1.9,7.7,76.4,3,0.04,Low,High
E104873,Male,Product,Yes,44.5,2,32,5.0,7.1,69.9,10,0.15,Low,Low
E104874,Male,Product,Yes,46.7,16,90,10.0,1.5,56.3,1,0.85,High,Low
E104875,Female,Product,Yes,48.5,10,88,4.7,2.8,70.2,6,0.34,Medium,Medium
E104876,Female,Service,No,46.2,0,38,4.5,7.0,77.5,10,0.14,Low,Medium
E104877,Female,Product,Yes,39.1,1,31,3.6,8.1,97.4,11,0.07,Low,Medium
E104878,Male,Product,Yes,32.5,12,70,5.4,1.6,57.7,3,0.45,Medium,Low
E104879,Female,Service,Yes,44.5,13,66,7.6,1.2,87.8,11,0.67,High,Low
E104880,Male,Product,No,42.3,16,85,1.4,3.8,62.0,8,0.09,Low,High
E104881,Male,Service,Yes,38.7,1,34,8.5,6.8,97.9,1,0.27,Low,Low
E104882,Female,Service,Yes,49.1,16,43,9.3,5.6,79.7,10,0.41,Medium,Low
E104883,Male,Service,Yes,37.1,18,97,8.0,1.1,71.6,7,0.71,High,Low
E104884,Male,Service,No,48.1,8,89,9.2,2.4,67.3,0,0.7,High,Low
E104885,Female,Product,Yes,37.9,11,64,1.9,7.8,60.1,9,0.04,Low,High
E104886,Male,Service,Yes,45.7,15,29,5.1,3.7,85.7,11,0.32,Medium,Low
E104887,Female,Service,Yes,49.7,3,45,1.6,2.1,81.8,3,0.13,Low,Low
E104888,Male,Product,No,43.3,10,27,8.5,1.5,94.5,2,0.72,High,Low
E104889,Female,Product,Yes,53.4,19,70,9.6,8.7,79.9,8,0.12,Low,Medium
E104890,Male,Product,No,54.6,3,33,3.7,5.2,58.5,3,0.18,Low,Low
E104891,Male,Service,Yes,46.2,1,84,5.8,5.5,84.1,4,0.26,Low,Medium
E104892,Female,Service,Yes,47.7,9,42,3.7,1.6,93.9,9,0.31,Medium,Low
E104893,Male,Product,Yes,50.3,8,36,4.4,5.4,99.5,2,0.2,Low,Low
E104894,Male,Service,Yes,47.7,16,42,5.3,6.8,84.3,10,0.17,Low,Medium
E104895,Male,Service,Yes,47.2,11,94,8.1,2.1,64.5,1,0.64,High,Low
E104896,Male,Service,Yes,42.4,3,47,2.3,9.1,78.3,7,0.02,Low,Medium
E104897,Male,Service,Yes,36.6,8,59,2.4,8.1,75.7,8,0.05,Low,High
E104898,Male,Service,Yes,38.0,13,62,2.8,8.2,75.6,7,0.05,Low,High
E104899,Female,Service,Yes,56.9,3,77,1.5,5.8,53.9,11,0.06,Low,High
E104900,Male,Service,No,46.6,1,40,6.8,4.0,59.7,2,0.41,Medium,Low
E104901,Male,Service,No,43.8,17,15,2.7,6.8,76.2,0,0.09,Low,Low
E104902,Male,Service,Yes,51.3,12,76,4.9,3.0,89.9,1,0.34,Medium,Medium
E104903,Male,Service,Yes,41.3,9,86,7.2,2.2,59.1,11,0.56,Medium,Low
E104904,Female,Product,No,47.9,13,17,5.0,5.8,58.2,10,0.21,Low,Low
E104905,Male,Product,No,45.4,8,91,9.2,5.3,88.0,6,0.43,Medium,Medium
E104906,Female,Service,No,47.3,10,98,7.9,2.4,84.5,8,0.6,Medium,Medium
E104907,Male,Service,Yes,43.3,19,19,3.5,5.8,74.3,1,0.15,Low,Low
E104908,Female,Service,Yes,40.2,0,59,2.2,5.9,52.5,5,0.09,Low,Medium
E104909,Male,Service,Yes,40.9,11,26,9.0,8.8,73.6,8,0.11,Low,Low
E104910,Female,Service,Yes,41.1,16,62,4.6,7.8,91.7,9,0.1,Low,Medium
E104911,Female,Service,Yes,45.0,16,95,4.4,3.0,50.5,3,0.31,Medium,Medium
E104912,Male,Product,Yes,37.2,7,28,8.3,8.4,55.1,4,0.13,Low,Low
E104913,Male,Product,Yes,38.8,16,67,1.1,9.7,90.5,10,0.0,Low,High
E104914,Male,Service,Yes,45.7,19,59,5.1,7.4,76.3,7,0.13,Low,Medium
E104915,Female,Service,Yes,44.4,12,46,7.4,8.1,83.1,4,0.14,Low,Medium
E104916,Male,Product,Yes,46.0,12,44,8.6,3.4,87.3,11,0.57,Medium,Low
E104917,Male,Service,No,44.8,14,26,9.0,9.9,65.0,4,0.01,Low,Low
E104918,Female,Product,No,57.6,17,97,5.2,2.6,64.9,10,0.38,Medium,Medium
E104919,Male,Service,Yes,45.6,12,58,8.6,7.8,63.2,3,0.19,Low,Medium
E104920,Female,Product,No,43.1,7,39,1.3,4.6,58.4,6,0.07,Low,Medium
E104921,Female,Product,Yes,45.5,6,56,3.7,4.2,65.2,2,0.21,Low,Medium
E104922,Female,Product,Yes,50.1,18,35,1.1,3.6,97.6,4,0.07,Low,Medium
E104923,Female,Service,No,44.8,9,75,2.5,5.0,54.3,7,0.12,Low,Medium
E104924,Male,Service,Yes,48.4,11,80,7.5,8.1,62.0,8,0.14,Low,Medium
E104925,Male,Service,Yes,47.0,1,35,1.0,9.5,65.9,6,0.01,Low,Medium
E104926,Male,Product,Yes,43.5,13,40,5.7,4.7,57.7,6,0.3,Low,Low
E104927,Male,Service,Yes,45.6,9,46,4.7,6.9,53.9,6,0.15,Low,Medium
E104928,Female,Service,Yes,53.0,16,31,2.1,8.1,58.1,0,0.04,Low,Medium
E104929,Female,Service,Yes,46.2,12,18,7.2,1.9,76.4,10,0.58,Medium,Low
E104930,Male,Service,Yes,40.1,0,53,7.2,9.6,79.8,8,0.03,Low,Medium
E104931,Male,Service,No,43.4,14,29,7.5,2.9,60.8,2,0.53,Medium,Low
E104932,Female,Service,Yes,34.4,0,47,7.9,9.2,75.2,9,0.06,Low,Medium
E104933,Male,Service,Yes,45.7,14,75,3.8,9.9,50.3,3,0.0,Low,High
E104934,Male,Service,Yes,51.6,19,28,9.9,1.9,80.1,4,0.8,High,Low
E104935,Male,Product,No,38.3,14,61,1.7,9.0,50.1,9,0.02,Low,High
E104936,Female,Product,No,45.7,13,16,6.8,6.8,82.1,4,0.22,Low,Low
E104937,Female,Product,No,49.9,12,98,9.7,8.4,74.2,9,0.16,Low,Medium
E104938,Female,Service,Yes,50.5,1,80,3.0,2.0,55.5,7,0.24,Low,Medium
E104939,Female,Product,Yes,51.4,7,62,3.5,8.5,54.4,2,0.05,Low,High
E104940,Male,Service,Yes,35.7,8,78,6.2,6.6,50.3,3,0.21,Low,Medium
E104941,Male,Service,Yes,47.5,18,80,8.0,5.6,77.6,5,0.35,Medium,Medium
E104942,Female,Service,Yes,37.5,18,62,4.0,6.0,90.3,10,0.16,Low,Medium
E104943,Male,Service,No,40.0,8,95,8.5,7.7,92.8,6,0.2,Low,Medium
E104944,Female,Service,Yes,49.1,6,32,3.2,3.7,78.5,3,0.2,Low,Low
E104945,Female,Product,No,45.8,13,65,8.9,9.5,94.4,1,0.04,Low,Medium
E104946,Female,Service,Yes,48.6,1,18,3.3,3.8,93.1,0,0.2,Low,Low
E104947,Female,Service,No,40.4,11,95,6.6,8.9,84.9,8,0.07,Low,High
E104948,Female,Service,Yes,52.4,10,47,4.2,1.1,68.2,8,0.37,Medium,Low
E104949,Female,Service,No,48.4,16,37,3.9,9.2,91.4,5,0.03,Low,Medium
E104950,Male,Service,Yes,49.4,1,67,4.2,8.7,69.6,6,0.05,Low,High
E104951,Male,Service,No,39.6,11,27,5.5,2.1,70.2,6,0.43,Medium,Low
E104952,Male,Product,Yes,50.9,14,85,8.6,7.6,83.9,0,0.21,Low,Medium
E104953,Female,Service,Yes,43.4,7,72,7.8,4.4,96.4,5,0.44,Medium,Low
E104954,Male,Service,Yes,41.9,7,77,5.0,5.3,75.0,6,0.24,Low,Medium
E104955,Female,Product,Yes,48.1,17,79,3.5,1.6,58.9,7,0.29,Low,Medium
E104956,Male,Product,Yes,47.9,13,56,8.7,2.9,57.1,8,0.62,High,Low
E104957,Female,Product,No,40.8,9,54,8.8,9.6,65.1,5,0.04,Low,Medium
E104958,Male,Product,Yes,55.3,3,35,5.1,4.8,72.9,10,0.27,Low,Low
E104959,Female,Service,No,54.1,15,97,7.3,1.2,64.9,1,0.64,High,Medium
E104960,Male,Service,Yes,48.0,15,94,4.3,5.6,85.6,0,0.19,Low,High
E104961,Male,Product,Yes,47.2,16,47,2.3,10.0,77.1,10,0.0,Low,High
E104962,Male,Product,Yes,46.6,8,84,3.9,4.0,70.3,10,0.23,Low,Medium
E104963,Female,Service,No,37.3,10,56,7.1,2.3,60.7,10,0.55,Medium,Low
E104964,Male,Service,Yes,45.6,12,51,7.9,6.8,80.3,6,0.25,Low,Low
E104965,Male,Product,Yes,45.5,0,86,8.7,9.3,83.7,4,0.06,Low,Medium
E104966,Female,Service,Yes,42.1,6,15,1.2,8.7,89.2,7,0.02,Low,Medium
E104967,Female,Service,Yes,43.5,10,91,5.4,6.9,99.5,11,0.17,Low,High
E104968,Female,Service,Yes,33.1,2,40,3.5,2.7,61.6,0,0.26,Low,Low
E104969,Male,Product,Yes,39.5,1,94,7.2,8.1,50.8,6,0.14,Low,High
E104970,Male,Product,Yes,49.6,13,53,3.2,8.4,75.0,0,0.05,Low,Medium
E104971,Female,Service,Yes,53.7,9,61,6.1,8.6,96.2,8,0.09,Low,Medium
E104972,Male,Service,No,40.3,19,70,7.4,4.6,62.4,1,0.4,Medium,Low
E104973,Female,Service,Yes,45.9,16,72,7.9,4.7,87.8,9,0.42,Medium,Low
E104974,Male,Service,No,50.5,7,42,3.4,2.4,66.0,11,0.26,Low,Low
E104975,Male,Service,Yes,42.4,14,71,1.8,8.0,69.6,10,0.04,Low,High
E104976,Male,Service,Yes,48.4,5,85,3.0,7.6,97.4,8,0.07,Low,High
E104977,Male,Service,Yes,44.8,19,86,6.4,1.9,73.1,11,0.52,Medium,Medium
E104978,Male,Product,Yes,51.0,1,59,1.4,1.2,86.3,9,0.12,Low,Medium
E104979,Male,Product,Yes,38.6,14,79,2.4,9.6,77.5,5,0.01,Low,High
E104980,Female,Service,Yes,39.5,15,18,10.0,1.2,88.2,3,0.88,High,Low
E104981,Male,Service,Yes,46.4,1,75,4.4,6.7,65.9,10,0.15,Low,Medium
E104982,Female,Product,Yes,45.5,13,75,5.5,5.1,93.8,3,0.27,Low,Medium
E104983,Female,Service,Yes,44.7,19,57,1.1,8.0,77.4,3,0.02,Low,High
E104984,Female,Product,Yes,47.9,0,33,6.3,1.8,65.5,11,0.52,Medium,Low
E104985,Male,Service,No,40.3,8,15,3.9,7.1,51.9,8,0.11,Low,Low
E104986,Female,Product,No,38.2,16,33,5.8,6.5,50.7,10,0.2,Low,Low
E104987,Female,Product,Yes,42.5,13,65,5.7,8.7,67.7,9,0.07,Low,Medium
E104988,Female,Product,No,43.1,9,78,9.7,5.7,60.8,4,0.42,Medium,Low
E104989,Female,Product,No,43.6,12,77,3.4,7.6,52.6,1,0.08,Low,High
E104990,Female,Product,Yes,51.3,12,43,6.1,4.9,77.6,11,0.31,Medium,Low
E104991,Female,Service,Yes,48.9,18,33,4.4,9.9,99.4,3,0.0,Low,Medium
E104992,Male,Service,No,47.7,7,57,4.8,6.0,71.1,4,0.19,Low,Medium
E104993,Female,Service,Yes,46.1,6,84,1.5,7.8,77.6,2,0.03,Low,High
E104994,Male,Product,Yes,42.8,16,53,7.2,1.8,61.0,11,0.59,Medium,Low
E104995,Female,Product,Yes,40.7,7,37,2.8,5.2,60.2,0,0.13,Low,Medium
E104996,Male,Service,No,39.0,3,15,5.2,1.6,66.4,8,0.44,Medium,Low
E104997,Male,Service,No,41.5,6,75,4.9,2.1,91.8,1,0.39,Medium,Medium
E104998,Female,Product,Yes,44.8,19,93,5.2,5.6,98.0,0,0.23,Low,Medium
E104999,Female,Service,No,39.2,16,39,4.4,4.2,87.0,7,0.26,Low,Low
E105000,Male,Service,Yes,45.8,4,18,3.2,5.1,51.0,1,0.16,Low,Low
E105001,Male,Product,Yes,44.0,19,15,5.0,5.5,71.9,6,0.22,Low,Low
E105002,Female,Service,Yes,43.0,3,54,1.4,2.4,71.0,11,0.11,Low,Medium
E105003,Male,Service,No,50.8,18,35,3.2,4.3,96.8,0,0.18,Low,Low
E105004,Female,Service,Yes,32.7,0,57,8.1,8.7,87.3,7,0.11,Low,Medium
E105005,Male,Service,Yes,43.1,9,24,8.6,8.7,85.7,0,0.11,Low,Low
E105006,Female,Service,Yes,33.2,5,80,7.4,5.4,78.2,4,0.34,Medium,Medium
E105007,Female,Service,Yes,46.2,11,31,6.7,7.7,82.3,9,0.15,Low,Low
E105008,Male,Service,Yes,48.8,16,27,8.3,7.8,84.9,10,0.18,Low,Low
E105009,Male,Service,Yes,38.2,4,24,2.2,1.4,77.6,6,0.19,Low,Low
E105010,Male,Service,No,38.9,8,66,5.7,6.5,92.2,6,0.2,Low,Medium
E105011,Female,Service,Yes,36.5,8,24,2.0,8.2,51.8,0,0.04,Low,Medium
E105012,Male,Product,Yes,45.3,4,61,8.0,6.3,97.1,6,0.3,Low,Low
E105013,Female,Service,Yes,43.3,18,23,5.7,5.9,88.7,0,0.23,Low,Low
E105014,Male,Product,Yes,43.6,10,60,8.3,5.8,76.4,2,0.35,Medium,Low
E105015,Male,Product,Yes,43.2,11,82,8.2,5.6,93.0,1,0.36,Medium,Medium
E105016,Male,Service,No,40.1,4,68,5.2,8.0,91.4,1,0.1,Low,Medium
E105017,Male,Product,Yes,50.7,7,82,5.5,6.8,71.0,1,0.18,Low,Medium
E105018,Female,Service,No,46.4,16,18,1.3,2.9,92.0,7,0.09,Low,Low
E105019,Female,Product,No,39.1,7,89,5.7,4.9,59.4,2,0.29,Low,Medium
E105020,Female,Service,Yes,41.5,1,15,7.1,5.8,73.5,3,0.3,Low,Low
E105021,Male,Product,Yes,40.6,17,99,3.1,4.8,61.6,11,0.16,Low,High
E105022,Female,Service,Yes,52.0,18,73,9.9,3.1,56.2,10,0.68,High,Low
E105023,Female,Product,Yes,48.6,9,39,9.8,2.1,94.7,10,0.77,High,Low
E105024,Female,Service,Yes,44.4,6,23,3.5,2.1,68.3,3,0.28,Low,Low
E105025,Male,Product,Yes,53.5,8,39,7.4,3.7,84.2,5,0.47,Medium,Low
E105026,Male,Service,Yes,52.3,11,96,1.3,4.6,68.8,3,0.07,Low,High
E105027,Male,Product,No,43.8,11,85,7.0,7.1,77.2,0,0.2,Low,Medium
E105028,Female,Service,Yes,42.9,4,40,6.6,9.9,67.4,0,0.01,Low,Medium
E105029,Male,Service,Yes,43.2,10,70,8.4,9.1,87.1,0,0.08,Low,Medium
E105030,Male,Product,Yes,40.2,16,63,3.7,8.3,89.3,1,0.06,Low,Medium
E105031,Male,Product,Yes,53.7,14,96,8.9,8.3,71.5,11,0.15,Low,Medium
E105032,Female,Service,Yes,40.0,10,79,8.7,6.4,93.0,6,0.31,Medium,Medium
E105033,Female,Product,No,49.3,14,75,7.0,3.3,67.8,2,0.47,Medium,Low
E105034,Male,Product,No,48.5,15,23,5.3,5.2,88.1,6,0.25,Low,Low
E105035,Male,Product,Yes,43.5,18,24,6.6,2.3,82.5,6,0.51,Medium,Low
E105036,Female,Service,Yes,54.1,11,25,7.6,6.1,72.8,11,0.3,Low,Low
E105037,Female,Service,Yes,37.2,2,99,9.8,1.2,94.4,0,0.86,High,Low
E105038,Female,Product,Yes,44.6,7,50,2.1,2.7,78.6,10,0.15,Low,Medium
E105039,Female,Service,No,42.6,10,70,3.8,7.4,92.0,11,0.1,Low,Medium
E105040,Female,Service,No,49.8,0,46,8.0,3.5,86.7,2,0.52,Medium,Low
E105041,Female,Service,Yes,46.8,3,97,4.7,4.8,76.6,3,0.24,Low,Medium
E105042,Male,Service,Yes,36.4,5,86,7.1,8.5,66.3,11,0.11,Low,Medium
E105043,Female,Product,Yes,51.2,9,49,2.2,1.4,97.6,0,0.19,Low,Low
E105044,Female,Product,Yes,47.4,14,18,7.4,1.2,52.8,7,0.65,High,Low
E105045,Female,Service,Yes,39.8,7,76,7.1,3.1,94.7,4,0.49,Medium,Low
E105046,Male,Service,Yes,43.3,13,77,6.3,7.2,75.3,7,0.18,Low,Medium
E105047,Male,Service,Yes,38.5,1,22,7.9,3.1,87.4,5,0.55,Medium,Low
E105048,Male,Service,Yes,44.1,19,90,8.9,8.8,66.7,5,0.11,Low,Medium
E105049,Male,Service,Yes,45.8,5,83,8.5,4.2,69.2,8,0.49,Medium,Medium
E105050,Male,Product,Yes,43.3,2,75,2.1,3.6,59.5,3,0.13,Low,Medium
E105051,Female,Product,Yes,42.7,1,77,7.7,3.1,97.7,8,0.53,Medium,Low
E105052,Male,Service,Yes,36.9,13,75,5.0,6.2,52.2,11,0.19,Low,Medium
E105053,Male,Product,Yes,46.7,17,51,4.0,8.7,69.3,5,0.05,Low,Medium
E105054,Male,Service,No,35.4,14,18,8.9,4.7,66.7,8,0.47,Medium,Low
E105055,Female,Product,Yes,45.2,3,70,6.0,3.3,90.7,11,0.4,Medium,Medium
E105056,Male,Service,No,36.0,15,57,5.5,4.8,75.1,1,0.29,Low,Medium
E105057,Male,Product,Yes,45.3,11,35,8.1,9.1,58.5,1,0.07,Low,Low
E105058,Female,Service,Yes,45.0,16,72,6.0,4.0,75.5,10,0.36,Medium,Medium
E105059,Male,Service,Yes,47.0,0,30,8.7,6.9,61.8,11,0.27,Low,Low
E105060,Female,Service,Yes,49.3,19,67,1.9,4.0,50.9,0,0.11,Low,Medium
E105061,Female,Service,Yes,50.2,8,32,8.0,7.1,77.2,11,0.23,Low,Low
E105062,Male,Service,No,36.9,11,71,2.5,8.9,68.0,8,0.03,Low,High
E105063,Male,Service,Yes,44.7,4,52,3.0,6.4,61.9,10,0.11,Low,Medium
E105064,Female,Service,Yes,55.1,16,46,2.6,9.5,58.6,5,0.01,Low,Medium
E105065,Male,Product,Yes,45.6,2,33,3.1,6.4,72.7,3,0.11,Low,Medium
E105066,Male,Service,Yes,40.8,5,98,7.6,9.8,93.5,10,0.02,Low,High
E105067,Male,Product,No,44.6,2,62,6.9,7.5,87.9,8,0.17,Low,Medium
E105068,Female,Service,No,43.1,5,88,3.1,6.9,50.2,4,0.1,Low,High
E105069,Male,Product,Yes,39.1,12,40,3.4,8.5,86.6,5,0.05,Low,Medium
E105070,Female,Product,Yes,49.3,18,96,1.9,1.1,53.6,0,0.17,Low,Medium
E105071,Female,Service,Yes,47.9,14,59,4.7,3.3,77.4,10,0.31,Medium,Low
E105072,Male,Product,No,38.3,6,59,4.4,2.9,89.0,11,0.31,Medium,Low
E105073,Male,Service,Yes,44.5,12,29,2.3,2.0,72.7,7,0.18,Low,Low
E105074,Female,Product,No,42.2,19,32,8.5,9.4,68.8,11,0.05,Low,Low
E105075,Male,Service,Yes,37.0,1,45,8.7,2.2,97.0,10,0.68,High,Low
E105076,Female,Service,No,37.9,18,29,2.0,3.4,51.5,6,0.13,Low,Low
E105077,Male,Service,Yes,38.7,18,29,3.4,4.0,55.3,11,0.2,Low,Low
E105078,Male,Service,Yes,44.7,2,79,7.6,6.6,93.5,9,0.26,Low,Medium
E105079,Male,Service,Yes,42.7,2,60,8.8,7.9,94.3,2,0.18,Low,Medium
E105080,Male,Product,No,40.2,5,89,1.6,6.4,68.6,10,0.06,Low,High
E105081,Male,Service,No,43.0,12,30,9.1,7.7,77.0,4,0.21,Low,Low
E105082,Female,Service,No,48.7,13,69,1.6,4.6,58.2,8,0.09,Low,Medium
E105083,Male,Service,No,46.8,5,44,6.7,10.0,94.2,2,0.0,Low,Medium
E105084,Male,Service,Yes,50.0,8,55,1.2,2.5,73.5,7,0.09,Low,Medium
E105085,Male,Service,No,43.9,9,81,9.4,4.6,78.2,3,0.51,Medium,Low
E105086,Female,Product,No,53.0,15,31,4.2,8.5,55.9,8,0.06,Low,Medium
E105087,Male,Service,Yes,46.7,14,40,6.8,3.2,80.7,8,0.46,Medium,Low
E105088,Female,Service,Yes,42.6,11,87,2.7,7.8,84.8,5,0.06,Low,High
E105089,Male,Service,Yes,45.5,12,95,3.9,4.3,64.7,8,0.22,Low,Medium
E105090,Male,Service,Yes,38.8,17,78,7.7,2.6,94.8,3,0.57,Medium,Low
E105091,Male,Product,No,43.5,1,72,9.8,4.6,60.2,0,0.53,Medium,Low
E105092,Female,Service,Yes,47.1,13,89,9.9,8.1,94.9,4,0.19,Low,Medium
E105093,Male,Service,Yes,48.1,16,17,8.3,2.0,85.2,6,0.66,High,Low
E105094,Male,Service,Yes,42.9,0,42,8.6,5.6,91.5,11,0.38,Medium,Low
E105095,Male,Service,Yes,58.7,10,18,9.7,7.7,85.0,5,0.22,Low,Low
E105096,Female,Service,Yes,44.1,13,54,1.4,7.8,71.4,7,0.03,Low,High
E105097,Male,Service,No,36.6,11,89,2.5,4.5,66.6,10,0.14,Low,High
E105098,Male,Product,Yes,51.1,13,71,1.5,5.2,86.7,11,0.07,Low,Medium
E105099,Male,Service,No,48.0,16,79,5.5,8.7,64.9,2,0.07,Low,High
E105100,Male,Service,Yes,46.2,11,61,9.6,2.9,53.1,7,0.68,High,Low
E105101,Female,Service,No,42.7,5,94,6.2,9.9,62.4,2,0.01,Low,High
E105102,Female,Service,Yes,47.0,8,48,6.0,4.8,87.8,2,0.31,Medium,Low
E105103,Male,Service,Yes,53.1,11,59,8.4,3.5,89.7,10,0.55,Medium,Low
E105104,Male,Product,Yes,46.0,16,46,9.4,1.0,63.8,7,0.85,High,Low
E105105,Male,Product,No,37.6,15,58,7.3,2.1,66.4,7,0.58,Medium,Low
E105106,Male,Service,Yes,27.7,1,25,9.1,7.8,77.5,11,0.2,Low,Low
E105107,Male,Service,Yes,46.9,17,50,2.6,6.8,63.1,7,0.08,Low,Medium
E105108,Female,Service,No,40.1,15,27,5.5,3.2,80.3,6,0.37,Medium,Low
E105109,Female,Service,Yes,44.5,9,71,4.3,9.3,64.1,7,0.03,Low,High
E105110,Female,Product,Yes,41.0,18,98,4.0,8.5,56.0,5,0.06,Low,High
E105111,Female,Product,Yes,40.6,3,39,2.9,3.4,57.7,1,0.19,Low,Low
E105112,Female,Product,Yes,41.2,6,84,9.0,4.0,62.5,9,0.54,Medium,Low
E105113,Female,Service,Yes,41.6,15,51,5.1,2.7,58.4,6,0.37,Medium,Low
E105114,Male,Service,Yes,48.9,18,18,5.8,6.8,98.7,6,0.19,Low,Low
E105115,Female,Product,No,47.9,4,40,3.5,7.3,82.9,0,0.09,Low,Medium
E105116,Male,Product,Yes,39.0,4,96,9.7,4.6,59.0,6,0.52,Medium,Medium
E105117,Male,Product,Yes,39.6,6,27,6.5,7.6,71.2,0,0.16,Low,Low
E105118,Female,Service,Yes,46.9,16,86,1.0,9.9,63.5,11,0.0,Low,High
E105119,Male,Service,Yes,50.3,0,65,3.4,6.5,84.2,6,0.12,Low,Medium
E105120,Male,Service,Yes,50.2,2,61,10.0,6.8,93.4,5,0.32,Medium,Low
E105121,Female,Service,No,40.0,15,47,9.8,4.4,70.0,5,0.55,Medium,Low
E105122,Male,Service,No,49.9,1,94,5.9,1.1,71.4,1,0.53,Medium,Medium
E105123,Male,Product,No,36.1,0,56,6.1,9.6,69.9,6,0.02,Low,Medium
E105124,Female,Service,Yes,44.0,6,45,9.1,8.0,72.5,7,0.18,Low,Low
E105125,Female,Service,No,47.4,9,54,7.4,7.3,51.8,7,0.2,Low,Medium
E105126,Male,Product,No,34.6,2,30,9.4,1.3,79.6,2,0.82,High,Low
E105127,Male,Service,Yes,55.5,17,70,5.3,7.8,97.6,5,0.12,Low,Medium
E105128,Male,Product,Yes,51.6,2,88,9.8,7.0,89.3,5,0.29,Low,Medium
E105129,Female,Service,Yes,48.2,6,50,5.9,6.1,93.1,4,0.23,Low,Medium
E105130,Female,Service,Yes,40.2,14,99,6.8,6.6,61.5,8,0.23,Low,Medium
E105131,Male,Product,No,44.7,0,94,1.7,9.3,80.4,8,0.01,Low,High
E105132,Male,Product,Yes,49.0,18,70,6.5,1.1,94.6,11,0.58,Medium,Low
E105133,Male,Service,Yes,39.4,4,62,7.9,2.4,53.4,2,0.6,Medium,Low
E105134,Female,Product,Yes,44.1,6,94,5.0,9.1,93.9,10,0.05,Low,High
E105135,Male,Service,Yes,49.6,10,72,5.5,1.1,53.2,7,0.49,Medium,Low
E105136,Female,Service,Yes,37.5,0,29,4.5,9.1,99.2,8,0.04,Low,Medium
E105137,Male,Service,No,46.7,1,86,9.7,1.3,54.2,4,0.84,High,Low
E105138,Female,Service,Yes,36.2,13,29,5.3,8.0,68.4,5,0.11,Low,Low
E105139,Female,Product,No,40.3,9,35,2.1,9.0,52.7,3,0.02,Low,Medium
E105140,Female,Product,Yes,42.5,2,78,1.3,6.5,52.8,5,0.05,Low,High
E105141,Male,Product,Yes,47.6,13,99,8.0,6.8,93.3,11,0.26,Low,Medium
E105142,Female,Product,Yes,41.5,4,21,5.9,1.5,53.2,2,0.5,Medium,Low
E105143,Female,Service,No,45.6,16,66,1.0,2.9,89.6,11,0.07,Low,Medium
E105144,Male,Product,Yes,41.6,6,33,4.4,9.1,95.3,5,0.04,Low,Medium
E105145,Female,Product,Yes,42.3,0,60,9.2,8.4,96.8,9,0.15,Low,Medium
E105146,Female,Product,Yes,51.3,10,52,9.5,1.5,93.2,10,0.81,High,Low
E105147,Female,Product,No,39.2,5,27,1.5,8.3,97.8,6,0.03,Low,Medium
E105148,Female,Product,Yes,48.8,15,58,2.1,4.8,52.6,0,0.11,Low,Medium
E105149,Male,Service,Yes,45.0,13,36,1.0,6.0,99.8,6,0.04,Low,Medium
E105150,Male,Product,Yes,42.1,16,85,8.8,2.0,51.0,11,0.7,High,Low
E105151,Male,Product,Yes,38.9,14,49,1.6,4.6,58.3,2,0.09,Low,Medium
E105152,Female,Product,No,39.3,13,17,2.0,4.9,54.0,4,0.1,Low,Low
E105153,Female,Service,No,41.3,6,30,3.0,7.0,87.2,4,0.09,Low,Medium
E105154,Female,Service,Yes,44.2,9,59,9.3,6.9,54.4,5,0.29,Low,Low
E105155,Male,Product,No,48.0,18,30,7.2,5.9,64.6,1,0.3,Low,Low
E105156,Male,Service,No,43.5,6,80,6.6,1.3,81.9,8,0.57,Medium,Low
E105157,Female,Product,Yes,43.8,14,95,8.1,2.5,74.9,6,0.61,High,Medium
E105158,Male,Service,No,44.6,13,52,7.2,2.4,56.8,10,0.55,Medium,Low
E105159,Male,Service,Yes,47.4,14,38,7.7,9.0,76.1,3,0.08,Low,Low
E105160,Female,Service,Yes,48.2,18,64,1.7,9.1,67.0,4,0.02,Low,High
E105161,Male,Service,Yes,38.1,15,97,6.3,8.3,79.3,4,0.11,Low,High
E105162,Male,Service,Yes,43.6,1,71,7.8,2.6,76.9,9,0.58,Medium,Low
E105163,Male,Service,Yes,51.1,1,70,6.1,8.6,99.5,5,0.09,Low,Medium
E105164,Male,Service,No,38.4,0,95,1.1,2.7,93.2,3,0.08,Low,High
E105165,Other,Service,No,45.4,15,80,2.9,6.0,50.2,5,0.12,Low,High
E105166,Male,Service,No,44.1,18,92,9.7,7.6,58.8,3,0.23,Low,Medium
E105167,Male,Service,Yes,42.2,3,91,7.3,1.5,95.7,4,0.62,High,Low
E105168,Male,Service,No,53.0,2,95,7.2,6.4,77.0,3,0.26,Low,Medium
E105169,Female,Product,Yes,45.2,10,87,6.9,3.3,88.0,8,0.46,Medium,Medium
E105170,Male,Service,Yes,52.6,16,76,2.2,5.5,75.2,0,0.1,Low,High
E105171,Female,Service,Yes,45.0,4,28,1.0,4.5,89.3,4,0.06,Low,Medium
E105172,Male,Product,Yes,47.3,8,80,5.0,7.2,56.6,4,0.14,Low,Medium
E105173,Male,Service,Yes,42.1,0,74,5.0,5.4,86.9,0,0.23,Low,Medium
E105174,Male,Product,Yes,42.2,8,35,8.3,3.7,93.5,3,0.52,Medium,Low
E105175,Female,Product,No,47.0,3,49,2.6,9.2,63.3,1,0.02,Low,Medium
E105176,Female,Service,No,47.1,15,44,3.5,9.6,68.4,1,0.01,Low,Medium
E105177,Male,Service,No,48.0,14,95,1.7,8.2,79.5,1,0.03,Low,High
E105178,Male,Service,Yes,46.9,9,53,4.6,6.2,93.4,11,0.17,Low,Medium
E105179,Female,Service,No,38.3,4,39,3.3,9.0,95.4,9,0.03,Low,Medium
E105180,Male,Service,No,41.0,15,58,3.4,6.4,76.7,0,0.12,Low,Medium
E105181,Female,Service,Yes,49.2,5,73,3.3,2.3,82.9,11,0.25,Low,Medium
E105182,Male,Product,No,35.2,15,20,3.1,1.2,93.6,8,0.27,Low,Low
E105183,Female,Service,Yes,46.5,3,17,3.9,7.5,61.6,5,0.1,Low,Low
E105184,Female,Service,Yes,44.4,14,50,5.8,7.8,91.3,6,0.13,Low,Medium
E105185,Female,Product,Yes,49.2,2,15,4.9,9.3,63.1,5,0.03,Low,Low
E105186,Female,Service,Yes,47.1,18,48,1.6,8.4,79.1,3,0.03,Low,Medium
E105187,Male,Service,No,41.7,8,79,4.8,6.8,96.7,9,0.15,Low,Medium
E105188,Female,Service,Yes,41.5,4,40,8.6,2.7,75.6,1,0.63,High,Low
E105189,Male,Service,Yes,42.4,15,32,1.9,6.3,54.7,4,0.07,Low,Medium
E105190,Male,Product,No,47.9,2,50,9.5,4.9,94.8,2,0.48,Medium,Low
E105191,Female,Service,No,33.5,7,20,3.8,3.1,79.2,0,0.26,Low,Low
E105192,Female,Service,Yes,45.8,13,89,1.1,8.2,53.6,1,0.02,Low,High
E105193,Female,Service,Yes,40.6,2,58,3.3,2.3,50.5,11,0.25,Low,Medium
E105194,Male,Service,Yes,46.0,15,54,1.6,6.7,63.1,7,0.05,Low,Medium
E105195,Female,Service,Yes,46.7,6,44,6.1,6.5,56.0,6,0.21,Low,Low
E105196,Female,Product,Yes,36.7,8,92,3.8,3.7,81.4,6,0.24,Low,Medium
E105197,Male,Product,Yes,43.9,2,88,8.3,4.9,79.8,8,0.42,Medium,Medium
E105198,Male,Service,No,45.8,7,45,7.6,2.0,92.0,9,0.61,High,Low
E105199,Male,Service,No,45.4,11,72,5.2,1.2,75.7,1,0.46,Medium,Low
E105200,Male,Product,Yes,44.4,16,69,6.0,1.1,62.7,1,0.53,Medium,Low
E105201,Other,Service,Yes,38.9,13,50,6.5,2.6,52.5,9,0.48,Medium,Low
E105202,Female,Service,Yes,39.7,15,93,3.4,8.8,50.5,5,0.04,Low,High
E105203,Female,Service,Yes,38.1,18,44,2.3,5.7,96.3,10,0.1,Low,Medium
E105204,Female,Service,Yes,47.8,3,62,4.4,2.1,57.2,1,0.35,Medium,Low
E105205,Male,Service,Yes,44.4,2,92,1.9,9.1,75.0,7,0.02,Low,High
E105206,Female,Product,Yes,44.7,12,31,3.8,6.1,89.7,8,0.15,Low,Low
E105207,Male,Product,Yes,36.5,8,41,6.0,1.3,96.4,5,0.52,Medium,Low
E105208,Female,Service,Yes,44.8,12,77,5.9,7.9,60.1,5,0.12,Low,Medium
E105209,Male,Service,Yes,48.2,11,91,2.1,5.3,61.6,4,0.1,Low,High
E105210,Female,Product,Yes,35.8,14,28,1.1,5.8,59.0,9,0.05,Low,Medium
E105211,Male,Service,Yes,42.3,2,40,1.8,6.5,57.9,6,0.06,Low,Medium
E105212,Male,Product,Yes,37.1,2,57,1.3,1.9,72.7,5,0.11,Low,Medium
E105213,Female,Service,Yes,42.9,1,89,4.6,9.5,81.8,8,0.02,Low,High
E105214,Male,Service,Yes,40.5,5,15,4.5,3.3,85.3,5,0.3,Low,Low
E105215,Female,Service,Yes,46.9,15,38,3.2,6.6,66.4,0,0.11,Low,Medium
E105216,Male,Product,Yes,45.8,17,34,2.9,8.7,81.2,3,0.04,Low,Medium
E105217,Female,Service,No,51.5,8,86,4.6,4.0,50.1,6,0.28,Low,Medium
E105218,Male,Service,Yes,44.7,2,22,1.8,6.6,94.4,11,0.06,Low,Medium
E105219,Male,Service,Yes,46.7,15,44,2.9,9.9,93.5,2,0.0,Low,Medium
E105220,Male,Product,No,42.2,3,32,4.7,8.7,77.2,11,0.06,Low,Medium
E105221,Male,Product,No,39.5,13,91,1.9,8.0,62.2,5,0.04,Low,High
E105222,Male,Product,Yes,49.2,3,97,8.6,5.0,98.6,3,0.43,Medium,Medium
E105223,Male,Product,No,51.2,17,27,7.1,5.1,90.5,4,0.35,Medium,Low
E105224,Male,Service,Yes,48.5,17,62,4.4,5.4,50.8,7,0.2,Low,Medium
E105225,Male,Service,No,45.7,17,74,2.4,7.2,73.5,10,0.07,Low,High
E105226,Female,Service,Yes,40.1,2,40,2.7,2.3,55.1,11,0.21,Low,Low
E105227,Female,Service,No,50.7,6,23,2.1,8.7,56.6,5,0.03,Low,Medium
E105228,Male,Product,No,47.9,12,67,2.4,1.2,50.1,11,0.21,Low,Medium
E105229,Female,Product,Yes,55.1,6,85,4.8,2.5,84.4,1,0.36,Medium,Medium
E105230,Female,Service,No,39.2,12,23,3.2,5.3,62.6,2,0.15,Low,Low
E105231,Male,Product,Yes,49.3,3,40,9.0,3.3,65.2,0,0.6,Medium,Low
E105232,Female,Product,Yes,47.7,15,47,9.6,4.3,52.4,8,0.55,Medium,Low
E105233,Male,Service,Yes,43.3,14,47,7.2,4.0,50.4,9,0.43,Medium,Low
E105234,Male,Service,No,51.8,12,66,8.3,3.4,89.6,11,0.55,Medium,Low
E105235,Male,Service,Yes,47.0,9,54,3.3,4.4,83.1,10,0.18,Low,Medium
E105236,Female,Service,Yes,40.3,9,18,7.0,5.5,69.1,11,0.31,Medium,Low
E105237,Female,Service,Yes,44.4,4,42,1.5,5.3,53.5,5,0.07,Low,Medium
E105238,Male,Service,Yes,40.3,3,68,9.6,8.3,88.8,9,0.16,Low,Medium
E105239,Male,Service,Yes,42.7,18,82,7.0,3.8,96.3,8,0.43,Medium,Medium
E105240,Female,Product,No,48.5,14,63,3.9,3.5,76.4,2,0.25,Low,Medium
E105241,Male,Service,No,49.9,8,20,8.0,5.5,56.9,11,0.36,Medium,Low
E105242,Male,Service,Yes,46.1,15,47,1.1,1.4,82.6,4,0.09,Low,Low
E105243,Female,Product,Yes,41.2,3,19,4.4,2.0,53.6,4,0.35,Medium,Low
E105244,Female,Service,Yes,46.9,10,97,9.1,8.2,58.3,4,0.16,Low,Medium
E105245,Female,Service,Yes,48.6,16,32,3.4,5.4,73.5,8,0.16,Low,Low
E105246,Female,Product,Yes,35.1,0,17,7.0,1.6,62.5,1,0.59,Medium,Low
E105247,Female,Service,Yes,45.6,8,16,4.2,5.0,96.5,5,0.21,Low,Low
E105248,Male,Product,Yes,44.0,11,79,4.5,4.6,90.4,7,0.24,Low,Medium
E105249,Male,Service,Yes,49.8,11,49,7.7,3.2,63.8,9,0.52,Medium,Low
E105250,Male,Service,No,46.9,9,65,9.2,4.3,98.2,9,0.52,Medium,Low
E105251,Female,Service,No,47.4,8,82,2.5,2.7,68.9,3,0.18,Low,Medium
E105252,Female,Service,Yes,42.6,19,49,3.5,5.0,78.4,0,0.18,Low,Medium
E105253,Male,Product,Yes,45.0,15,86,5.4,4.7,78.2,4,0.29,Low,Medium
E105254,Female,Product,Yes,49.7,12,58,6.5,6.5,82.5,4,0.23,Low,Medium
E105255,Male,Product,No,44.7,2,43,5.2,9.5,62.2,3,0.03,Low,Medium
E105256,Male,Product,Yes,45.9,17,50,8.2,2.7,96.1,1,0.6,Medium,Low
E105257,Male,Service,No,37.3,3,92,7.9,4.8,63.3,6,0.41,Medium,Medium
E105258,Male,Product,Yes,44.7,18,56,4.6,6.1,83.2,6,0.18,Low,Medium
E105259,Female,Product,Yes,34.9,12,21,1.4,5.9,88.3,10,0.06,Low,Medium
E105260,Male,Product,Yes,42.4,12,27,2.8,7.0,94.1,2,0.08,Low,Medium
E105261,Female,Product,Yes,45.3,11,36,5.4,3.4,72.8,9,0.36,Medium,Low
E105262,Female,Service,Yes,48.8,0,71,9.3,6.7,85.6,5,0.31,Medium,Medium
E105263,Male,Service,Yes,40.0,1,59,6.1,2.8,54.3,1,0.44,Medium,Low
E105264,Female,Product,No,46.9,2,68,5.8,2.1,88.9,10,0.46,Medium,Low
E105265,Male,Service,Yes,52.3,12,16,7.5,8.5,87.8,0,0.11,Low,Low
E105266,Male,Service,Yes,41.8,11,86,2.4,5.3,70.5,8,0.11,Low,High
E105267,Male,Product,Yes,37.3,15,71,2.3,4.6,65.7,10,0.12,Low,Medium
E105268,Female,Service,Yes,46.4,13,99,4.1,9.4,69.0,9,0.02,Low,High
E105269,Male,Service,Yes,39.0,13,98,10.0,7.4,54.5,11,0.26,Low,Medium
E105270,Male,Service,Yes,40.9,16,89,8.9,7.1,81.9,11,0.26,Low,Medium
E105271,Male,Product,Yes,49.6,4,48,7.1,2.7,95.7,0,0.52,Medium,Low
E105272,Male,Service,Yes,54.4,5,58,4.5,2.9,83.3,9,0.32,Medium,Low
E105273,Female,Product,Yes,40.0,9,83,6.0,5.3,79.0,4,0.28,Low,Medium
E105274,Male,Service,Yes,41.3,8,67,3.7,6.9,99.5,2,0.11,Low,Medium
E105275,Male,Service,No,42.8,6,76,7.1,4.6,77.1,8,0.38,Medium,Medium
E105276,Male,Service,Yes,42.3,3,47,4.8,1.6,67.3,7,0.4,Medium,Low
E105277,Male,Product,No,54.7,6,90,2.1,7.1,85.2,3,0.06,Low,High
E105278,Female,Service,Yes,42.3,10,83,2.9,8.0,76.1,11,0.06,Low,High
E105279,Male,Product,Yes,43.1,5,15,6.5,9.5,98.6,7,0.03,Low,Low
E105280,Other,Product,Yes,53.1,15,49,7.3,4.7,94.9,4,0.39,Medium,Low
E105281,Male,Product,Yes,47.9,15,39,1.9,3.3,97.3,11,0.13,Low,Low
E105282,Male,Product,Yes,49.9,12,18,8.3,9.3,50.1,9,0.06,Low,Low
E105283,Female,Service,Yes,40.5,11,87,8.4,7.4,66.7,7,0.22,Low,Medium
E105284,Male,Service,Yes,42.3,1,81,7.5,1.6,81.4,11,0.63,High,Low
E105285,Female,Product,Yes,39.8,12,98,7.2,6.2,65.4,10,0.27,Low,Medium
E105286,Other,Product,No,49.0,0,24,3.1,1.3,82.8,1,0.27,Low,Low
E105287,Male,Product,No,51.1,9,34,9.3,3.0,85.7,7,0.65,High,Low
E105288,Male,Product,Yes,42.0,9,54,3.4,1.6,81.2,6,0.29,Low,Low
E105289,Female,Product,Yes,43.2,10,81,2.6,2.8,72.9,5,0.19,Low,Medium
E105290,Male,Service,Yes,43.4,8,89,6.7,5.4,84.8,7,0.31,Medium,Medium
E105291,Male,Product,Yes,37.3,3,29,4.3,3.7,89.0,6,0.27,Low,Low
E105292,Male,Product,No,41.6,16,42,9.4,1.8,84.8,4,0.77,High,Low
E105293,Male,Product,Yes,48.9,18,49,5.1,5.3,90.6,4,0.24,Low,Medium
E105294,Female,Service,Yes,40.6,9,21,2.5,7.4,97.4,10,0.06,Low,Medium
E105295,Male,Product,Yes,45.5,12,68,9.6,1.5,55.1,9,0.82,High,Low
E105296,Male,Product,No,38.5,1,56,5.6,8.9,95.3,6,0.06,Low,Medium
E105297,Female,Service,Yes,44.3,8,52,5.7,6.9,63.7,7,0.18,Low,Medium
E105298,Male,Product,Yes,42.2,6,97,4.5,5.7,78.2,11,0.19,Low,High
E105299,Male,Service,Yes,38.9,9,78,8.5,4.6,97.1,3,0.46,Medium,Low
E105300,Female,Product,Yes,49.0,11,71,3.6,4.5,81.0,2,0.2,Low,Medium
E105301,Male,Service,Yes,49.2,19,43,1.1,4.0,54.2,1,0.07,Low,Medium
E105302,Female,Service,No,40.2,10,80,5.5,2.0,75.0,5,0.44,Medium,Medium
E105303,Female,Service,Yes,43.9,3,97,9.3,1.7,94.7,6,0.77,High,Low
E105304,Male,Product,No,45.2,11,87,3.5,3.8,70.6,1,0.22,Low,Medium
E105305,Male,Service,Yes,35.9,11,20,3.4,7.0,92.4,11,0.1,Low,Low
E105306,Male,Product,Yes,38.0,7,95,7.6,3.6,89.7,1,0.49,Medium,Medium
E105307,Male,Product,No,51.4,19,16,8.0,8.3,95.3,2,0.14,Low,Low
E105308,Female,Product,Yes,39.7,13,53,4.9,4.4,63.2,3,0.27,Low,Low
E105309,Female,Service,No,51.3,6,20,8.5,6.7,74.8,4,0.28,Low,Low
E105310,Male,Product,No,38.3,2,28,2.5,4.9,66.8,3,0.13,Low,Low
E105311,Female,Product,Yes,48.3,18,32,4.3,5.5,76.7,3,0.19,Low,Low
E105312,Female,Service,No,43.4,13,84,4.6,3.3,51.0,2,0.31,Medium,Medium
E105313,Female,Service,No,44.1,18,90,3.8,5.6,62.1,6,0.17,Low,High
E105314,Male,Service,Yes,54.3,9,36,3.0,2.0,98.7,6,0.24,Low,Low
E105315,Male,Product,Yes,38.7,11,92,4.0,4.5,80.2,10,0.22,Low,Medium
E105316,Male,Service,Yes,48.0,17,27,1.2,5.0,58.7,3,0.06,Low,Medium
E105317,Female,Service,Yes,47.8,18,87,7.3,7.3,75.4,0,0.2,Low,Medium
E105318,Male,Product,Yes,61.8,17,24,7.2,4.6,84.9,1,0.39,Medium,Low
E105319,Female,Service,Yes,39.6,12,41,5.1,7.0,80.2,3,0.15,Low,Medium
E105320,Male,Product,Yes,41.9,16,28,3.9,2.6,75.1,3,0.29,Low,Low
E105321,Male,Product,Yes,49.1,5,23,4.9,1.2,83.7,7,0.43,Medium,Low
E105322,Male,Service,Yes,44.0,15,23,9.4,5.6,58.3,10,0.41,Medium,Low
E105323,Other,Product,Yes,42.7,17,71,6.4,5.3,71.9,1,0.3,Low,Medium
E105324,Male,Service,Yes,49.8,8,49,7.6,7.0,87.5,0,0.23,Low,Low
E105325,Female,Service,No,43.7,12,40,3.1,3.8,79.0,8,0.19,Low,Low
E105326,Male,Product,Yes,40.5,3,55,1.9,1.3,95.3,5,0.17,Low,Medium
E105327,Male,Service,Yes,48.6,12,81,1.7,7.5,72.2,10,0.04,Low,High
E105328,Male,Product,Yes,46.9,2,44,5.2,9.5,56.6,0,0.03,Low,Medium
E105329,Male,Service,Yes,43.4,3,43,7.5,4.5,52.4,5,0.41,Medium,Low
E105330,Male,Service,Yes,43.2,18,98,8.0,6.5,73.9,11,0.28,Low,Medium
E105331,Male,Product,No,40.4,0,82,7.5,5.9,71.9,8,0.31,Medium,Medium
E105332,Male,Service,Yes,48.6,0,28,9.2,6.1,62.8,8,0.36,Medium,Low
E105333,Male,Product,No,43.2,8,66,1.5,8.8,79.5,4,0.02,Low,High
E105334,Female,Service,Yes,41.2,2,53,8.7,7.6,62.5,0,0.21,Low,Low
E105335,Female,Product,Yes,38.6,2,35,6.9,7.9,60.8,4,0.14,Low,Low
E105336,Male,Service,No,47.0,17,85,2.6,1.8,81.1,9,0.21,Low,Medium
E105337,Female,Service,No,42.5,1,20,7.1,2.3,97.2,4,0.55,Medium,Low
E105338,Female,Service,Yes,34.9,10,69,5.6,7.0,60.1,1,0.17,Low,Medium
E105339,Male,Service,No,39.0,8,54,4.2,5.9,59.1,2,0.17,Low,Medium
E105340,Female,Product,Yes,43.8,1,84,3.2,8.0,76.0,3,0.06,Low,High
E105341,Female,Service,No,44.0,19,39,5.2,1.8,56.0,2,0.43,Medium,Low
E105342,Male,Service,Yes,43.8,3,18,3.2,6.1,64.7,2,0.12,Low,Low
E105343,Male,Service,No,43.1,8,96,1.7,5.4,99.5,2,0.08,Low,High
E105344,Female,Product,Yes,37.6,13,48,8.6,8.7,92.1,1,0.11,Low,Low
E105345,Male,Product,Yes,40.6,18,36,6.3,2.7,85.3,5,0.46,Medium,Low
E105346,Male,Service,Yes,50.9,15,70,4.3,4.1,51.3,8,0.25,Low,Medium
E105347,Male,Service,Yes,50.2,13,60,5.0,2.4,63.3,10,0.38,Medium,Low
E105348,Male,Service,Yes,47.9,14,70,8.8,5.1,78.5,10,0.43,Medium,Low
E105349,Female,Product,Yes,47.4,17,92,3.9,8.9,85.5,0,0.04,Low,High
E105350,Female,Service,Yes,49.5,14,89,4.4,7.0,83.4,10,0.13,Low,High
E105351,Other,Service,No,39.4,18,41,7.9,7.7,59.3,1,0.18,Low,Low
E105352,Male,Product,Yes,45.2,8,49,2.8,1.8,73.3,9,0.23,Low,Low
E105353,Male,Product,No,39.4,15,30,6.9,5.1,59.9,5,0.34,Medium,Low
E105354,Male,Service,Yes,39.5,16,34,4.9,8.5,96.2,0,0.07,Low,Medium
E105355,Male,Product,Yes,46.8,9,29,5.5,8.5,77.9,9,0.08,Low,Medium
E105356,Male,Service,Yes,49.7,4,92,8.1,9.9,69.5,6,0.01,Low,High
E105357,Female,Product,Yes,44.0,8,86,9.9,5.7,95.9,2,0.43,Medium,Medium
E105358,Female,Service,Yes,53.2,13,38,8.5,1.0,95.2,5,0.76,High,Low
E105359,Male,Service,Yes,46.1,9,76,2.4,9.1,75.2,2,0.02,Low,High
E105360,Female,Product,Yes,41.1,0,94,3.0,9.6,84.3,11,0.01,Low,High
E105361,Male,Service,Yes,39.6,19,58,4.7,9.3,65.9,5,0.03,Low,Medium
E105362,Male,Service,Yes,50.1,2,28,7.5,7.9,65.4,3,0.16,Low,Low
E105363,Female,Service,No,45.6,15,87,5.6,2.9,77.5,8,0.4,Medium,Medium
E105364,Male,Product,No,48.4,4,91,9.1,2.3,92.3,2,0.7,High,Low
E105365,Other,Service,No,31.7,12,65,1.4,7.3,79.9,10,0.04,Low,High
E105366,Female,Product,No,46.2,4,36,3.3,2.3,73.0,4,0.25,Low,Low
E105367,Male,Service,Yes,42.4,10,46,3.0,9.6,83.2,5,0.01,Low,Medium
E105368,Female,Service,Yes,38.0,16,94,7.7,5.0,90.6,9,0.38,Medium,Medium
E105369,Male,Service,No,44.7,2,39,5.2,1.3,89.4,0,0.45,Medium,Low
E105370,Male,Service,Yes,50.5,5,63,1.1,2.4,68.5,6,0.08,Low,Medium
E105371,Male,Product,No,56.3,15,37,8.0,3.6,96.8,8,0.51,Medium,Low
E105372,Male,Product,Yes,46.2,19,51,4.3,7.3,50.8,5,0.12,Low,Medium
E105373,Female,Service,Yes,41.5,1,17,3.3,7.6,72.5,9,0.08,Low,Low
E105374,Male,Service,Yes,41.2,4,74,2.6,2.9,95.4,3,0.18,Low,Medium
E105375,Female,Product,No,49.8,18,73,9.5,6.8,84.8,6,0.3,Low,Medium
E105376,Female,Product,No,40.0,19,37,9.5,1.3,85.2,11,0.83,High,Low
E105377,Male,Product,No,48.1,10,47,1.7,1.9,57.8,3,0.14,Low,Low
E105378,Female,Product,Yes,46.5,17,68,3.1,5.8,79.1,8,0.13,Low,Medium
E105379,Male,Service,Yes,45.9,2,53,6.8,7.3,98.3,7,0.18,Low,Medium
E105380,Male,Product,Yes,37.2,11,39,7.0,9.2,60.6,10,0.06,Low,Medium
E105381,Male,Service,No,43.2,12,77,4.8,4.9,66.4,0,0.24,Low,Medium
E105382,Male,Service,Yes,37.7,19,99,6.1,2.1,69.4,2,0.48,Medium,Medium
E105383,Male,Product,Yes,42.1,19,73,7.3,9.4,68.0,0,0.04,Low,Medium
E105384,Female,Product,Yes,49.6,8,45,9.6,4.9,81.4,10,0.49,Medium,Low
E105385,Male,Product,Yes,51.2,8,63,7.5,5.5,61.7,0,0.34,Medium,Low
E105386,Male,Service,Yes,46.1,6,74,2.0,8.7,75.3,6,0.03,Low,High
E105387,Female,Service,Yes,42.1,0,78,7.5,6.3,70.0,11,0.28,Low,Medium
E105388,Female,Service,Yes,52.9,0,52,1.6,3.7,82.2,6,0.1,Low,Medium
E105389,Female,Product,No,42.1,18,85,5.5,5.9,62.1,8,0.23,Low,Medium
E105390,Male,Service,Yes,39.3,2,91,5.7,6.6,77.7,0,0.19,Low,Medium
E105391,Female,Product,Yes,48.5,6,22,8.0,9.0,87.0,1,0.08,Low,Low
E105392,Female,Service,Yes,47.3,11,99,1.1,3.1,84.6,8,0.08,Low,High
E105393,Female,Product,No,42.3,15,27,8.9,6.0,91.7,11,0.36,Medium,Low
E105394,Female,Product,Yes,45.5,12,40,7.0,9.3,97.8,8,0.05,Low,Medium
E105395,Male,Service,Yes,47.2,17,24,1.3,1.4,92.7,9,0.11,Low,Low
E105396,Male,Service,Yes,46.0,16,70,2.4,2.8,96.9,1,0.17,Low,Medium
E105397,Male,Product,Yes,47.3,8,18,1.4,4.1,50.9,3,0.08,Low,Low
E105398,Male,Service,No,42.5,13,45,7.9,7.1,81.4,6,0.23,Low,Low
E105399,Female,Product,No,47.6,4,31,2.5,8.6,63.4,0,0.04,Low,Medium
E105400,Male,Product,Yes,45.1,10,22,1.4,2.8,90.4,1,0.1,Low,Low
E105401,Female,Service,Yes,42.6,19,66,2.2,3.2,91.0,11,0.15,Low,Medium
E105402,Female,Product,Yes,43.8,5,51,6.0,8.4,52.4,4,0.1,Low,Medium
E105403,Male,Service,Yes,44.5,5,34,5.5,2.3,79.8,9,0.42,Medium,Low
E105404,Male,Product,No,37.8,7,61,3.2,3.4,92.5,1,0.21,Low,Medium
E105405,Female,Service,Yes,41.8,0,88,9.5,7.6,79.4,5,0.23,Low,Medium
E105406,Female,Product,Yes,45.3,8,65,8.7,2.5,71.3,0,0.65,High,Low
E105407,Male,Service,No,38.2,9,72,3.8,8.5,53.8,5,0.06,Low,High
E105408,Male,Service,Yes,41.9,16,58,5.3,5.4,86.5,11,0.24,Low,Medium
E105409,Male,Service,Yes,56.9,2,25,5.7,5.0,53.7,4,0.29,Low,Low
E105410,Female,Product,Yes,39.4,12,26,7.8,2.2,79.9,8,0.61,High,Low
E105411,Male,Service,Yes,43.1,7,24,4.9,7.1,95.9,7,0.14,Low,Low
E105412,Female,Product,No,40.8,19,91,5.9,9.0,71.0,10,0.06,Low,High
E105413,Male,Service,Yes,44.4,13,68,4.7,7.2,88.5,7,0.13,Low,Medium
E105414,Male,Product,Yes,40.9,19,48,7.9,3.9,90.0,11,0.48,Medium,Low
E105415,Male,Product,Yes,43.8,7,44,6.0,7.3,50.5,9,0.16,Low,Medium
E105416,Male,Service,Yes,41.4,18,29,8.5,5.6,95.7,8,0.37,Medium,Low
E105417,Male,Service,No,50.3,12,22,1.5,8.7,59.4,4,0.02,Low,Medium
E105418,Male,Service,Yes,45.4,5,54,9.1,5.1,64.1,9,0.45,Medium,Low
E105419,Male,Service,No,40.0,3,36,8.4,3.1,93.5,9,0.58,Medium,Low
E105420,Male,Service,No,49.2,5,19,8.4,1.9,84.3,6,0.68,High,Low
E105421,Male,Product,No,40.2,19,34,2.3,3.5,68.6,2,0.15,Low,Low
E105422,Female,Service,No,37.2,1,63,3.4,6.1,54.4,5,0.13,Low,Medium
E105423,Male,Product,Yes,45.0,9,66,9.8,2.5,69.3,11,0.74,High,Low
E105424,Male,Product,No,54.5,10,80,9.6,1.4,98.3,7,0.83,High,Low
E105425,Female,Service,Yes,35.9,10,33,3.0,5.0,55.2,3,0.15,Low,Low
E105426,Other,Product,Yes,38.3,2,28,4.9,4.1,92.3,9,0.29,Low,Low
E105427,Male,Service,Yes,48.8,10,21,2.4,4.8,66.3,0,0.12,Low,Low
E105428,Female,Product,Yes,41.8,7,71,3.4,5.1,82.7,2,0.17,Low,Medium
E105429,Female,Service,Yes,48.1,16,94,2.7,7.9,81.6,10,0.06,Low,High
E105430,Female,Product,Yes,40.8,0,24,1.7,9.6,66.3,6,0.01,Low,Medium
E105431,Male,Product,Yes,45.7,15,36,6.2,3.4,52.7,9,0.41,Medium,Low
E105432,Female,Service,Yes,53.7,19,19,3.2,9.5,57.4,5,0.02,Low,Medium
E105433,Male,Product,Yes,39.0,6,90,9.9,3.1,78.3,0,0.68,High,Low
E105434,Female,Service,No,50.1,7,38,5.6,7.8,97.4,5,0.12,Low,Medium
E105435,Female,Service,Yes,48.4,12,29,4.2,7.1,96.3,5,0.12,Low,Medium
E105436,Male,Product,Yes,37.6,4,40,9.2,1.5,55.7,1,0.78,High,Low
E105437,Female,Service,Yes,47.8,17,69,6.6,7.5,93.8,5,0.16,Low,Medium
E105438,Male,Product,Yes,45.4,11,32,2.1,9.1,61.7,8,0.02,Low,Medium
E105439,Female,Service,Yes,45.5,15,57,5.5,9.4,95.5,7,0.03,Low,Medium
E105440,Male,Product,Yes,46.7,2,20,5.0,7.2,87.9,10,0.14,Low,Low
E105441,Male,Service,Yes,43.2,11,59,7.9,8.1,98.1,2,0.15,Low,Medium
E105442,Male,Service,Yes,45.4,18,39,7.2,1.6,72.1,2,0.6,Medium,Low
E105443,Female,Service,Yes,46.2,19,95,4.3,2.5,86.6,11,0.32,Medium,Medium
E105444,Male,Service,No,48.7,17,30,5.2,3.4,86.8,10,0.34,Medium,Low
E105445,Male,Service,Yes,37.4,7,69,5.7,5.8,74.8,4,0.24,Low,Medium
E105446,Male,Service,No,51.5,12,70,4.8,4.5,98.7,6,0.26,Low,Medium
E105447,Female,Service,No,39.2,7,43,2.0,6.9,62.2,0,0.06,Low,Medium
E105448,Male,Service,Yes,48.8,9,78,9.1,5.0,99.3,2,0.45,Medium,Low
E105449,Male,Service,No,45.4,13,15,7.1,8.0,90.6,5,0.14,Low,Low
E105450,Male,Service,No,38.6,14,59,5.2,7.4,80.8,1,0.14,Low,Medium
E105451,Male,Service,Yes,47.6,14,98,6.1,7.7,53.8,1,0.14,Low,High
E105452,Male,Product,Yes,40.3,5,40,2.9,8.5,63.0,4,0.04,Low,Medium
E105453,Male,Service,Yes,50.3,13,99,5.8,8.5,92.1,10,0.09,Low,High
E105454,Female,Service,Yes,41.4,5,64,7.7,8.0,86.4,4,0.15,Low,Medium
E105455,Male,Service,Yes,37.5,0,41,5.8,1.6,98.1,11,0.49,Medium,Low
E105456,Male,Product,No,52.7,9,49,5.3,6.6,69.8,2,0.18,Low,Medium
E105457,Male,Service,No,45.9,18,94,5.2,1.2,94.7,9,0.46,Medium,Medium
E105458,Female,Product,Yes,49.3,10,43,7.9,7.7,93.1,3,0.18,Low,Low
E105459,Female,Service,No,40.7,2,21,7.8,1.5,98.3,4,0.66,High,Low
E105460,Female,Service,No,35.5,5,76,7.8,9.8,63.6,9,0.02,Low,Medium
E105461,Male,Product,Yes,53.4,8,85,3.2,6.5,74.7,5,0.11,Low,High
E105462,Male,Service,Yes,45.0,8,48,6.6,2.6,54.0,4,0.49,Medium,Low
E105463,Male,Service,Yes,47.5,3,62,8.0,5.2,79.5,11,0.38,Medium,Low
E105464,Male,Product,No,48.3,2,19,6.1,8.4,86.6,8,0.1,Low,Low
E105465,Male,Product,No,43.3,19,22,8.0,2.6,61.9,5,0.59,Medium,Low
E105466,Female,Product,Yes,46.1,18,86,8.7,5.8,58.5,9,0.37,Medium,Medium
E105467,Female,Product,Yes,53.0,10,57,2.6,1.0,82.0,1,0.23,Low,Low
E105468,Female,Product,No,44.8,18,66,3.8,8.1,69.7,4,0.07,Low,Medium
E105469,Male,Product,No,49.7,16,88,6.4,2.8,71.3,10,0.46,Medium,Medium
E105470,Female,Service,Yes,35.0,7,15,3.6,4.5,73.6,9,0.2,Low,Low
E105471,Male,Product,Yes,50.6,5,52,9.5,5.8,75.6,8,0.4,Medium,Low
E105472,Male,Product,No,37.4,4,21,2.7,2.3,59.8,0,0.21,Low,Low
E105473,Female,Service,Yes,50.0,7,95,4.2,9.3,78.9,9,0.03,Low,High
E105474,Male,Service,Yes,47.0,7,70,9.9,5.2,53.5,0,0.48,Medium,Low
E105475,Male,Service,No,44.5,2,60,2.7,3.1,55.7,3,0.19,Low,Medium
E105476,Male,Product,Yes,44.5,18,38,5.0,7.6,85.6,6,0.12,Low,Medium
E105477,Female,Service,No,43.7,15,49,3.8,9.0,86.6,8,0.04,Low,Medium
E105478,Female,Product,Yes,40.9,9,87,8.3,9.2,63.3,1,0.07,Low,Medium
E105479,Male,Service,Yes,44.0,2,56,3.7,4.9,59.2,8,0.19,Low,Medium
E105480,Female,Product,Yes,56.0,8,81,2.5,4.2,52.7,3,0.14,Low,Medium
E105481,Male,Service,Yes,51.5,7,58,9.4,9.4,70.9,0,0.06,Low,Medium
E105482,Male,Product,Yes,40.6,7,18,3.9,1.5,75.5,6,0.33,Medium,Low
E105483,Female,Product,Yes,46.3,7,91,7.7,7.8,95.0,4,0.17,Low,Medium
E105484,Female,Product,Yes,45.5,19,38,3.6,2.6,50.1,0,0.27,Low,Low
E105485,Other,Product,No,44.3,6,85,2.6,5.2,70.3,0,0.12,Low,High
E105486,Male,Product,Yes,40.0,13,33,8.2,9.6,71.0,9,0.03,Low,Low
E105487,Female,Service,Yes,47.2,16,64,1.5,6.2,94.3,1,0.06,Low,Medium
E105488,Female,Service,Yes,49.2,11,32,4.0,5.7,59.8,6,0.17,Low,Low
E105489,Female,Product,Yes,40.8,4,42,8.0,1.6,53.3,6,0.67,High,Low
E105490,Male,Service,Yes,54.8,1,43,5.6,3.5,69.1,2,0.36,Medium,Low
E105491,Female,Service,Yes,52.6,14,87,7.2,1.0,80.6,1,0.65,High,Low
E105492,Female,Service,No,47.7,10,99,1.6,8.9,92.9,9,0.02,Low,High
E105493,Male,Service,Yes,38.8,14,59,7.7,6.8,63.5,10,0.25,Low,Medium
E105494,Male,Service,Yes,47.0,12,21,2.5,2.1,62.6,7,0.2,Low,Low
E105495,Male,Product,Yes,46.4,18,59,8.3,4.3,66.3,6,0.47,Medium,Low
E105496,Female,Service,Yes,47.6,11,40,6.1,8.3,55.9,10,0.1,Low,Medium
E105497,Female,Service,Yes,53.0,14,84,7.7,2.3,98.9,8,0.59,Medium,Low
E105498,Female,Service,No,44.1,11,63,2.9,3.1,77.0,8,0.2,Low,Medium
E105499,Female,Product,Yes,55.2,17,98,4.6,5.9,63.6,0,0.19,Low,High
E105500,Male,Product,Yes,47.0,3,32,8.2,2.3,68.1,1,0.63,High,Low
E105501,Male,Product,Yes,43.5,10,98,9.2,4.4,93.3,6,0.52,Medium,Medium
E105502,Male,Service,No,57.0,14,54,3.0,9.8,83.7,7,0.01,Low,High
E105503,Male,Product,Yes,49.1,4,32,8.1,5.9,77.7,5,0.33,Medium,Low
E105504,Male,Product,Yes,42.7,4,61,2.0,7.3,86.2,4,0.05,Low,High
E105505,Male,Product,Yes,45.4,19,15,4.8,7.0,87.8,5,0.14,Low,Low
E105506,Male,Product,No,48.2,9,47,9.4,2.9,59.7,1,0.67,High,Low
E105507,Male,Service,Yes,44.2,9,53,9.5,8.6,57.9,11,0.13,Low,Low
E105508,Male,Service,Yes,45.7,5,37,3.7,2.1,98.3,8,0.29,Low,Low
E105509,Male,Service,No,40.9,5,28,2.7,9.3,59.3,9,0.02,Low,Medium
E105510,Male,Service,Yes,36.6,5,99,2.3,2.9,73.2,3,0.16,Low,High
E105511,Female,Product,Yes,45.5,6,58,5.3,9.6,99.1,8,0.02,Low,Medium
E105512,Female,Product,Yes,45.7,17,51,1.8,8.2,70.9,10,0.03,Low,Medium
E105513,Female,Product,No,47.6,3,85,4.2,2.5,75.7,7,0.32,Medium,Medium
E105514,Male,Service,Yes,42.1,13,90,1.2,2.4,89.9,9,0.09,Low,Medium
E105515,Female,Service,Yes,38.3,10,51,3.3,1.8,67.0,3,0.27,Low,Low
E105516,Female,Service,No,40.2,6,42,9.1,3.2,71.6,4,0.62,High,Low
E105517,Female,Service,Yes,50.3,17,21,5.0,6.9,66.6,9,0.15,Low,Low
E105518,Male,Service,Yes,41.7,19,66,1.7,5.7,64.4,6,0.07,Low,Medium
E105519,Female,Product,No,42.8,1,31,6.8,6.5,73.6,4,0.24,Low,Low
E105520,Female,Service,Yes,43.4,1,76,9.6,1.3,87.3,11,0.84,High,Low
E105521,Female,Product,Yes,41.9,6,51,5.2,1.7,93.4,1,0.43,Medium,Low
E105522,Female,Service,Yes,41.5,10,28,6.6,7.2,73.5,7,0.18,Low,Low
E105523,Male,Product,Yes,40.6,17,65,9.3,8.6,66.1,9,0.13,Low,Medium
E105524,Male,Service,No,52.0,19,69,4.8,4.2,95.6,7,0.28,Low,Medium
E105525,Male,Service,Yes,48.4,6,71,7.0,2.5,66.8,7,0.52,Medium,Low
E105526,Female,Product,Yes,51.2,19,18,5.0,3.8,88.8,9,0.31,Medium,Low
E105527,Male,Product,No,52.2,4,63,9.7,4.7,87.4,7,0.51,Medium,Low
E105528,Male,Service,Yes,33.3,1,95,5.5,6.7,52.5,5,0.18,Low,High
E105529,Male,Service,Yes,46.7,13,49,9.0,4.7,58.9,9,0.48,Medium,Low
E105530,Male,Service,Yes,42.1,6,67,5.6,9.1,78.6,10,0.05,Low,Medium
E105531,Male,Product,Yes,50.6,9,46,7.0,4.6,93.4,1,0.38,Medium,Low
E105532,Female,Product,Yes,41.3,17,24,4.5,2.6,79.7,3,0.33,Medium,Low
E105533,Female,Service,Yes,39.7,7,76,9.3,3.2,87.1,11,0.63,High,Low
E105534,Male,Service,Yes,37.8,15,16,6.8,5.2,86.7,10,0.33,Medium,Low
E105535,Male,Product,Yes,43.5,13,77,1.2,8.0,74.7,1,0.02,Low,High
E105536,Male,Service,Yes,49.6,8,90,1.1,8.8,78.0,1,0.01,Low,High
E105537,Female,Product,Yes,46.3,5,30,7.1,2.7,53.6,8,0.52,Medium,Low
E105538,Male,Service,Yes,39.0,6,30,2.0,1.0,96.4,8,0.18,Low,Low
E105539,Male,Service,Yes,55.8,8,17,7.4,8.8,83.7,4,0.09,Low,Low
E105540,Male,Service,Yes,48.2,6,32,3.9,3.1,57.7,2,0.27,Low,Low
E105541,Female,Service,Yes,48.9,8,56,5.9,8.4,62.2,8,0.09,Low,Medium
E105542,Female,Service,Yes,51.4,6,46,2.6,6.0,50.2,11,0.1,Low,Medium
E105543,Female,Product,Yes,36.8,11,64,3.2,4.6,63.2,6,0.17,Low,Medium
E105544,Female,Product,Yes,40.4,16,63,4.9,2.3,65.8,3,0.38,Medium,Low
E105545,Male,Product,Yes,49.1,19,17,7.0,7.0,84.2,11,0.21,Low,Low
E105546,Male,Product,Yes,40.9,11,86,2.4,8.4,73.8,2,0.04,Low,High
E105547,Male,Service,No,43.6,4,19,3.5,5.1,92.1,7,0.17,Low,Low
E105548,Male,Service,No,44.6,17,71,2.9,5.0,54.3,5,0.14,Low,Medium
E105549,Male,Product,Yes,38.6,4,98,8.8,7.8,85.4,3,0.19,Low,Medium
E105550,Male,Service,Yes,43.2,4,58,6.8,5.5,93.7,8,0.31,Medium,Low
E105551,Male,Service,Yes,49.6,6,39,5.2,8.1,71.1,0,0.1,Low,Medium
E105552,Female,Service,No,48.6,2,84,9.5,1.5,64.4,4,0.81,High,Low
E105553,Female,Service,No,50.6,0,37,7.6,8.7,72.3,2,0.1,Low,Low
E105554,Female,Service,Yes,50.0,5,24,9.4,3.4,89.4,10,0.62,High,Low
E105555,Female,Product,No,47.0,6,24,6.4,2.5,96.0,1,0.48,Medium,Low
E105556,Male,Product,Yes,46.6,7,47,2.2,1.3,53.3,4,0.19,Low,Low
E105557,Female,Product,Yes,46.3,13,87,7.1,8.5,76.4,2,0.11,Low,Medium
E105558,Male,Product,No,41.9,14,32,2.8,1.5,82.0,6,0.24,Low,Low
E105559,Female,Product,Yes,39.9,6,81,4.1,9.6,50.9,0,0.02,Low,High
E105560,Male,Service,No,41.6,6,88,5.6,6.1,59.1,4,0.22,Low,Medium
E105561,Other,Service,Yes,43.4,0,41,2.4,7.3,53.1,6,0.06,Low,Medium
E105562,Male,Product,Yes,41.7,8,49,1.2,7.5,64.5,5,0.03,Low,Medium
E105563,Male,Service,Yes,47.1,6,76,3.9,3.6,60.3,10,0.25,Low,Medium
E105564,Female,Service,Yes,46.0,19,32,8.4,8.3,74.3,1,0.14,Low,Low
E105565,Male,Service,Yes,46.5,6,21,1.1,9.5,82.8,4,0.01,Low,Medium
E105566,Female,Service,Yes,46.8,17,85,2.0,4.3,92.1,2,0.11,Low,High
E105567,Female,Service,Yes,51.0,13,24,8.3,8.5,65.2,1,0.12,Low,Low
E105568,Female,Service,Yes,45.0,14,41,3.8,7.9,52.5,7,0.08,Low,Medium
E105569,Female,Service,No,50.0,17,82,9.4,6.3,50.2,10,0.35,Medium,Medium
E105570,Female,Product,Yes,47.6,9,90,4.4,4.3,92.2,1,0.25,Low,Medium
E105571,Male,Service,Yes,50.6,2,81,8.2,4.7,93.9,3,0.43,Medium,Medium
E105572,Female,Product,Yes,53.1,10,69,3.3,3.8,55.0,7,0.2,Low,Medium
E105573,Female,Service,Yes,47.9,0,62,1.6,4.8,50.5,11,0.08,Low,Medium
E105574,Female,Service,Yes,45.5,1,81,8.9,9.9,90.0,10,0.01,Low,Medium
E105575,Male,Service,Yes,45.5,15,40,9.3,4.3,82.0,11,0.53,Medium,Low
E105576,Female,Service,Yes,42.6,2,54,7.4,7.0,77.8,9,0.22,Low,Medium
E105577,Other,Product,Yes,42.5,16,85,7.9,3.9,76.7,8,0.48,Medium,Medium
E105578,Female,Product,Yes,49.5,2,60,1.1,5.2,88.7,11,0.05,Low,Medium
E105579,Male,Product,No,40.2,10,88,7.8,1.8,64.7,5,0.64,High,Low
E105580,Male,Product,Yes,53.1,3,81,5.2,7.9,69.5,10,0.11,Low,High
E105581,Male,Service,No,44.2,6,25,5.1,6.9,53.9,4,0.16,Low,Low
E105582,Female,Service,Yes,59.3,15,65,5.9,4.1,78.3,3,0.35,Medium,Medium
E105583,Female,Service,Yes,41.5,16,46,3.4,5.7,98.0,11,0.15,Low,Medium
E105584,Male,Service,Yes,46.3,10,86,7.3,8.8,64.2,0,0.09,Low,Medium
E105585,Male,Service,No,43.2,3,34,3.7,1.4,96.5,10,0.32,Medium,Low
E105586,Male,Service,Yes,41.0,2,19,6.0,9.4,86.5,11,0.04,Low,Low
E105587,Male,Service,Yes,50.3,15,55,2.2,5.2,61.7,9,0.11,Low,Medium
E105588,Female,Service,Yes,39.5,1,27,7.1,8.7,83.1,4,0.09,Low,Low
E105589,Female,Service,Yes,41.6,4,89,2.7,8.8,68.3,3,0.03,Low,High
E105590,Male,Product,No,47.9,17,17,2.5,1.5,56.1,5,0.21,Low,Low
E105591,Male,Product,No,48.7,2,29,1.2,8.0,54.6,5,0.02,Low,Medium
E105592,Male,Product,No,38.0,1,70,2.1,7.6,50.9,6,0.05,Low,High
E105593,Female,Product,Yes,47.9,1,57,3.1,1.4,89.9,3,0.27,Low,Low
E105594,Male,Service,No,45.6,1,88,3.0,9.5,94.2,0,0.02,Low,High
E105595,Male,Service,Yes,40.4,15,81,3.9,6.7,74.1,2,0.13,Low,High
E105596,Male,Service,Yes,41.1,0,60,1.5,2.5,76.0,8,0.11,Low,Medium
E105597,Female,Product,No,34.8,18,62,9.4,2.1,84.6,4,0.74,High,Low
E105598,Female,Product,Yes,53.6,18,92,2.1,6.1,85.0,2,0.08,Low,High
E105599,Female,Service,Yes,50.1,8,50,7.3,1.5,66.2,7,0.62,High,Low
E105600,Male,Service,Yes,38.6,19,37,5.8,2.5,58.0,0,0.43,Medium,Low
E105601,Male,Product,Yes,49.0,8,69,6.0,9.5,71.5,3,0.03,Low,Medium
E105602,Male,Service,Yes,42.1,10,69,1.9,7.7,84.9,2,0.04,Low,High
E105603,Female,Product,Yes,49.6,0,68,3.2,6.5,90.2,1,0.11,Low,Medium
E105604,Male,Service,No,42.5,18,79,8.0,2.9,54.5,1,0.57,Medium,Low
E105605,Female,Service,No,43.2,16,65,5.2,3.0,79.4,4,0.36,Medium,Low
E105606,Female,Product,No,43.6,5,46,5.1,5.0,52.7,6,0.26,Low,Low
E105607,Female,Product,Yes,41.7,0,99,5.9,7.8,91.2,8,0.13,Low,High
E105608,Male,Product,No,52.0,17,34,4.9,1.0,83.3,4,0.44,Medium,Low
E105609,Male,Service,No,49.5,8,50,8.3,1.4,84.8,1,0.71,High,Low
E105610,Male,Service,Yes,45.5,0,46,7.7,8.8,88.1,11,0.09,Low,Medium
E105611,Female,Product,Yes,50.1,3,71,3.9,8.3,74.8,3,0.07,Low,High
E105612,Female,Service,Yes,36.9,17,43,8.3,7.3,64.9,3,0.22,Low,Low
E105613,Male,Service,Yes,38.9,16,60,5.7,5.5,89.3,5,0.26,Low,Medium
E105614,Male,Product,Yes,47.4,19,49,6.6,2.3,88.9,11,0.51,Medium,Low
E105615,Female,Service,Yes,48.7,18,93,8.8,1.9,56.7,11,0.71,High,Low
E105616,Female,Service,Yes,46.4,13,88,5.3,9.1,95.1,1,0.05,Low,High
E105617,Male,Product,Yes,35.6,6,66,7.8,4.4,61.1,2,0.44,Medium,Low
E105618,Female,Product,Yes,39.7,8,29,6.7,7.3,65.3,5,0.18,Low,Low
E105619,Male,Service,No,47.1,19,95,4.8,5.1,60.8,3,0.24,Low,Medium
E105620,Male,Service,No,57.1,8,65,8.1,7.6,98.3,5,0.19,Low,Medium
E105621,Female,Product,Yes,51.1,14,45,1.9,2.7,65.0,5,0.14,Low,Medium
E105622,Female,Product,Yes,52.9,10,89,6.2,5.4,98.6,2,0.29,Low,Medium
E105623,Female,Product,Yes,46.7,6,98,1.4,4.4,81.9,6,0.08,Low,High
E105624,Male,Service,Yes,46.7,5,30,2.4,3.2,58.8,3,0.16,Low,Low
E105625,Female,Service,Yes,39.8,8,50,6.4,6.4,77.7,6,0.23,Low,Medium
E105626,Male,Product,No,49.8,3,53,3.8,5.8,94.1,8,0.16,Low,Medium
E105627,Male,Product,Yes,44.6,16,25,3.4,5.5,78.1,2,0.15,Low,Low
E105628,Male,Product,No,48.5,5,34,9.6,6.3,56.6,8,0.36,Medium,Low
E105629,Male,Service,No,45.2,16,70,4.3,2.3,64.3,1,0.33,Medium,Medium
E105630,Female,Service,Yes,46.4,13,56,6.1,4.3,61.2,4,0.35,Medium,Low
E105631,Female,Service,Yes,44.6,4,61,5.8,3.9,56.3,11,0.35,Medium,Low
E105632,Male,Product,Yes,46.1,17,20,1.6,7.9,66.4,3,0.03,Low,Medium
E105633,Male,Product,Yes,50.0,7,49,7.1,1.3,83.1,9,0.62,High,Low
E105634,Male,Service,Yes,38.7,9,22,5.6,3.5,69.1,10,0.36,Medium,Low
E105635,Male,Service,No,37.5,10,85,4.4,9.3,72.2,6,0.03,Low,High
E105636,Female,Service,No,47.1,2,51,1.6,3.7,66.0,6,0.1,Low,Medium
E105637,Female,Service,No,52.2,1,64,3.6,2.4,99.7,11,0.27,Low,Medium
E105638,Male,Product,Yes,53.5,13,30,9.0,7.8,79.3,2,0.2,Low,Low
E105639,Male,Product,Yes,38.9,3,23,2.6,1.4,91.7,3,0.22,Low,Low
E105640,Female,Service,Yes,43.0,16,89,3.0,4.8,72.1,6,0.16,Low,High
E105641,Female,Service,Yes,37.6,16,99,2.8,8.7,58.4,2,0.04,Low,High
E105642,Male,Product,Yes,42.2,8,74,9.0,9.6,92.3,0,0.04,Low,Medium
E105643,Male,Service,Yes,50.6,8,65,7.3,3.2,88.2,10,0.5,Medium,Low
E105644,Female,Service,Yes,44.9,2,60,8.9,3.7,66.5,1,0.56,Medium,Low
E105645,Male,Product,No,43.1,3,85,9.2,6.1,80.3,11,0.36,Medium,Medium
E105646,Male,Product,No,47.7,1,26,9.4,3.0,54.7,4,0.66,High,Low
E105647,Female,Product,Yes,41.0,13,78,5.4,2.4,51.3,10,0.41,Medium,Medium
E105648,Female,Service,No,53.0,19,35,5.3,4.8,90.8,4,0.28,Low,Low
E105649,Female,Service,Yes,45.0,7,19,8.5,1.7,97.1,7,0.71,High,Low
E105650,Female,Service,Yes,43.0,17,20,4.0,9.0,67.2,2,0.04,Low,Medium
E105651,Female,Service,No,47.9,3,57,1.2,4.0,79.9,8,0.07,Low,Medium
E105652,Male,Product,Yes,49.7,7,40,4.0,4.0,85.9,4,0.24,Low,Low
E105653,Male,Service,No,53.0,6,68,7.4,8.1,87.3,9,0.14,Low,Medium
E105654,Male,Product,Yes,44.0,14,17,2.1,4.1,74.1,2,0.12,Low,Low
E105655,Male,Service,No,50.4,14,25,8.1,7.8,80.7,7,0.18,Low,Low
E105656,Female,Service,No,45.5,1,39,8.3,2.6,82.9,1,0.61,High,Low
E105657,Female,Product,Yes,41.9,3,26,1.9,5.8,55.2,7,0.08,Low,Medium
E105658,Female,Service,Yes,41.1,8,79,1.9,7.9,82.3,8,0.04,Low,High
E105659,Female,Service,Yes,39.5,6,18,2.8,5.0,75.5,7,0.14,Low,Low
E105660,Male,Service,Yes,41.3,17,66,4.2,1.6,68.9,9,0.35,Medium,Low
E105661,Male,Service,Yes,50.6,11,79,5.8,7.6,63.1,0,0.14,Low,Medium
E105662,Female,Service,No,48.5,13,84,5.4,5.4,81.9,8,0.25,Low,Medium
E105663,Female,Service,Yes,38.8,6,48,8.7,3.8,58.3,0,0.54,Medium,Low
E105664,Female,Product,No,36.3,5,30,2.3,9.9,90.5,8,0.0,Low,Medium
E105665,Female,Product,No,39.4,18,89,7.3,8.9,58.6,9,0.08,Low,High
E105666,Female,Service,Yes,41.1,18,28,5.9,1.3,88.6,1,0.51,Medium,Low
E105667,Female,Service,Yes,43.5,14,88,7.6,6.3,90.9,7,0.28,Low,Medium
E105668,Male,Product,Yes,50.9,18,75,4.1,4.2,97.0,8,0.24,Low,Medium
E105669,Female,Service,Yes,42.3,11,67,5.2,1.3,73.2,5,0.45,Medium,Low
E105670,Female,Product,Yes,53.4,1,72,1.3,1.1,53.2,5,0.12,Low,Medium
E105671,Male,Product,Yes,36.6,10,77,2.0,6.3,83.9,2,0.07,Low,High
E105672,Female,Service,Yes,43.3,12,27,4.4,3.9,64.1,9,0.27,Low,Low
E105673,Male,Product,Yes,48.9,3,59,5.3,7.3,54.6,8,0.14,Low,Medium
E105674,Female,Product,No,49.2,0,69,1.8,5.1,92.8,7,0.09,Low,Medium
E105675,Male,Product,No,43.3,1,47,8.4,7.9,57.0,1,0.18,Low,Low
E105676,Female,Service,Yes,50.0,13,76,9.5,8.3,75.3,4,0.16,Low,Medium
E105677,Male,Service,Yes,49.1,17,53,6.4,6.9,89.4,6,0.2,Low,Medium
E105678,Female,Product,No,41.6,10,27,1.5,4.8,60.0,10,0.08,Low,Medium
E105679,Male,Service,No,46.6,10,95,7.6,9.9,94.8,0,0.01,Low,High
E105680,Male,Product,Yes,48.5,18,87,3.0,3.8,66.6,7,0.19,Low,Medium
E105681,Male,Service,Yes,41.9,16,27,7.6,5.6,69.8,2,0.33,Medium,Low
E105682,Female,Service,Yes,53.5,16,30,4.9,5.7,56.6,9,0.21,Low,Low
E105683,Male,Product,Yes,40.8,1,68,1.5,4.9,82.2,1,0.08,Low,Medium
E105684,Male,Product,Yes,45.7,1,44,3.5,2.1,74.8,6,0.28,Low,Low
E105685,Female,Product,Yes,38.8,12,53,4.8,4.2,98.7,4,0.28,Low,Low
E105686,Male,Product,Yes,45.5,5,78,7.6,2.9,84.9,7,0.54,Medium,Low
E105687,Female,Service,Yes,39.7,14,84,2.2,9.1,87.9,0,0.02,Low,High
E105688,Male,Service,Yes,43.5,10,26,3.6,6.9,60.0,8,0.11,Low,Medium
E105689,Female,Product,Yes,37.1,3,16,1.8,3.6,85.6,11,0.12,Low,Low
E105690,Male,Service,No,49.0,18,47,6.5,6.1,77.9,5,0.25,Low,Low
E105691,Male,Product,Yes,46.8,13,29,5.3,8.7,70.2,7,0.07,Low,Medium
E105692,Female,Service,No,50.4,17,95,9.4,9.4,89.1,5,0.06,Low,Medium
E105693,Female,Service,Yes,43.3,16,66,7.7,1.7,98.9,6,0.64,High,Low
E105694,Female,Service,Yes,50.7,7,49,8.0,8.1,54.7,10,0.15,Low,Medium
E105695,Male,Service,Yes,45.2,12,52,2.5,9.7,89.4,7,0.01,Low,High
E105696,Male,Product,Yes,45.6,14,94,3.4,5.2,96.0,8,0.16,Low,High
E105697,Male,Product,Yes,55.6,10,56,5.6,10.0,65.8,3,0.0,Low,Medium
E105698,Other,Product,Yes,42.6,15,95,1.1,9.6,68.2,2,0.0,Low,High
E105699,Male,Service,No,51.1,17,21,8.8,6.9,89.7,9,0.27,Low,Low
E105700,Male,Service,No,47.4,11,70,8.0,8.6,97.7,9,0.11,Low,Medium
E105701,Male,Service,Yes,42.1,11,19,1.5,3.7,96.9,1,0.09,Low,Low
E105702,Female,Service,No,38.4,5,54,8.6,9.3,52.8,1,0.06,Low,Medium
E105703,Male,Service,Yes,39.8,5,75,1.0,6.3,93.6,3,0.04,Low,High
E105704,Female,Service,Yes,50.7,3,79,2.0,5.6,79.3,7,0.09,Low,High
E105705,Male,Service,Yes,53.7,0,80,1.5,8.5,71.1,10,0.02,Low,High
E105706,Female,Service,Yes,45.5,16,82,5.3,9.0,92.3,5,0.05,Low,High
E105707,Male,Service,Yes,45.7,3,79,8.1,7.3,90.0,2,0.22,Low,Medium
E105708,Female,Service,Yes,48.9,16,99,2.6,1.2,75.5,3,0.23,Low,Medium
E105709,Female,Service,Yes,45.4,4,56,7.9,6.4,70.5,2,0.28,Low,Low
E105710,Male,Service,Yes,50.5,8,49,2.7,8.4,73.6,2,0.04,Low,Medium
E105711,Female,Product,Yes,46.5,5,80,9.9,5.9,65.9,8,0.41,Medium,Medium
E105712,Male,Service,Yes,45.7,11,39,8.7,9.4,84.0,10,0.05,Low,Low
E105713,Female,Product,Yes,41.5,16,20,7.6,9.1,94.6,2,0.07,Low,Low
E105714,Female,Service,Yes,40.3,9,22,6.3,5.8,62.5,10,0.26,Low,Low
E105715,Male,Product,No,29.2,1,49,3.2,4.6,91.3,1,0.17,Low,Medium
E105716,Male,Service,Yes,51.2,0,67,2.1,1.5,68.0,11,0.18,Low,Medium
E105717,Male,Product,Yes,44.3,12,33,5.1,6.7,56.6,1,0.17,Low,Low
E105718,Male,Service,Yes,43.0,0,23,4.6,3.4,52.0,11,0.3,Low,Low
E105719,Male,Product,No,35.2,12,47,7.1,7.0,74.0,7,0.21,Low,Low
E105720,Male,Service,Yes,41.8,2,22,2.5,8.2,78.4,9,0.05,Low,Medium
E105721,Male,Service,Yes,41.1,10,52,6.1,4.7,50.3,2,0.32,Medium,Low
E105722,Female,Product,Yes,41.0,15,46,7.2,1.1,82.6,9,0.64,High,Low
E105723,Male,Service,No,46.7,17,37,3.7,8.8,75.9,9,0.04,Low,Medium
E105724,Male,Product,Yes,45.6,1,48,8.0,5.9,99.9,8,0.33,Medium,Low
E105725,Female,Service,Yes,38.2,17,60,4.9,3.8,55.2,10,0.3,Low,Medium
E105726,Male,Service,Yes,38.5,16,46,2.5,6.7,85.3,2,0.08,Low,Medium
E105727,Male,Product,Yes,38.5,0,15,2.8,7.1,60.9,9,0.08,Low,Low
E105728,Male,Service,Yes,54.1,3,21,3.5,2.3,60.3,1,0.27,Low,Low
E105729,Female,Service,No,52.5,19,38,2.4,6.8,50.9,7,0.08,Low,Medium
E105730,Female,Product,Yes,40.7,5,16,6.1,3.6,50.3,5,0.39,Medium,Low
E105731,Male,Product,Yes,35.1,4,32,9.5,8.2,59.3,3,0.17,Low,Low
E105732,Female,Product,Yes,45.6,19,97,9.1,9.5,58.8,0,0.05,Low,High
E105733,Male,Service,Yes,45.2,8,70,3.9,1.9,50.0,9,0.32,Medium,Medium
E105734,Female,Service,Yes,46.6,3,46,8.8,9.3,85.9,5,0.06,Low,Medium
E105735,Female,Service,Yes,48.7,4,91,9.6,9.1,75.2,6,0.09,Low,Medium
E105736,Female,Service,Yes,47.3,7,84,3.6,4.1,69.8,7,0.21,Low,Medium
E105737,Male,Product,Yes,39.4,16,24,9.1,1.3,55.2,6,0.79,High,Low
E105738,Male,Service,Yes,46.5,14,54,10.0,7.0,66.7,11,0.3,Low,Low
E105739,Male,Service,No,49.3,19,88,8.2,4.1,73.5,1,0.48,Medium,Medium
E105740,Female,Service,Yes,41.4,12,48,4.5,2.7,99.9,2,0.33,Medium,Low
E105741,Female,Product,No,46.5,14,98,6.5,2.0,75.5,0,0.52,Medium,Medium
E105742,Female,Product,Yes,42.2,3,47,4.3,2.8,51.0,3,0.31,Medium,Low
E105743,Other,Product,Yes,55.0,17,89,10.0,3.1,60.4,4,0.69,High,Low
E105744,Male,Service,Yes,38.4,18,71,1.6,8.2,67.7,11,0.03,Low,High
E105745,Female,Product,Yes,50.8,7,36,9.0,8.1,72.8,8,0.17,Low,Low
E105746,Female,Product,Yes,36.6,13,62,1.7,5.4,83.7,0,0.08,Low,Medium
E105747,Female,Service,No,54.0,0,90,1.4,6.0,79.5,11,0.06,Low,High
E105748,Other,Service,No,39.3,1,46,9.5,9.3,75.5,11,0.07,Low,Low
E105749,Female,Service,Yes,45.9,19,97,8.8,9.2,91.9,10,0.07,Low,High
E105750,Male,Service,No,36.9,2,59,4.3,8.5,59.8,6,0.06,Low,Medium
E105751,Female,Product,Yes,38.3,15,16,9.6,4.4,53.9,3,0.54,Medium,Low
E105752,Male,Service,No,49.5,2,92,8.8,4.3,91.9,7,0.5,Medium,Medium
E105753,Female,Service,Yes,50.1,5,69,9.1,9.0,73.1,9,0.09,Low,Medium
E105754,Female,Product,No,46.2,7,73,6.4,9.3,77.7,1,0.04,Low,Medium
E105755,Male,Product,Yes,48.7,11,47,9.6,8.2,91.9,4,0.17,Low,Low
E105756,Female,Product,No,50.2,4,97,8.3,7.8,97.3,1,0.18,Low,Medium
E105757,Male,Service,Yes,41.6,4,28,9.5,6.0,77.6,1,0.38,Medium,Low
E105758,Male,Service,Yes,38.0,2,82,3.5,4.0,90.6,6,0.21,Low,Medium
E105759,Male,Service,Yes,44.9,3,80,5.8,3.2,77.2,3,0.39,Medium,Medium
E105760,Female,Service,No,42.1,4,88,8.8,2.3,51.7,11,0.68,High,Low
E105761,Female,Service,Yes,46.9,2,73,6.2,7.6,97.8,8,0.15,Low,Medium
E105762,Female,Service,Yes,47.7,9,29,8.2,8.0,90.9,9,0.16,Low,Low
E105763,Male,Service,Yes,41.6,18,45,9.8,4.2,87.7,1,0.57,Medium,Low
E105764,Female,Service,No,48.5,7,43,8.2,1.1,72.1,6,0.73,High,Low
E105765,Female,Service,Yes,48.3,5,89,3.8,9.4,97.1,7,0.02,Low,High
E105766,Male,Product,Yes,48.6,6,87,2.1,4.9,74.5,0,0.11,Low,High
E105767,Male,Product,No,43.0,5,61,3.5,9.8,86.0,0,0.01,Low,High
E105768,Male,Service,Yes,48.9,12,71,7.0,7.1,55.0,6,0.2,Low,Medium
E105769,Female,Service,Yes,47.6,12,72,1.1,2.1,60.9,4,0.09,Low,Medium
E105770,Female,Service,Yes,48.2,4,99,2.7,3.9,71.2,6,0.16,Low,High
E105771,Female,Service,No,53.4,5,45,3.9,6.9,79.1,0,0.12,Low,Medium
E105772,Male,Service,Yes,46.6,9,67,8.9,6.8,90.3,8,0.28,Low,Medium
E105773,Female,Product,Yes,42.0,19,78,1.5,3.1,62.0,1,0.1,Low,Medium
E105774,Male,Product,No,39.4,9,96,1.4,2.6,88.7,10,0.1,Low,High
E105775,Male,Product,Yes,50.6,15,16,6.0,3.5,94.5,4,0.39,Medium,Low
E105776,Female,Product,No,46.8,17,74,2.6,8.1,90.9,3,0.05,Low,High
E105777,Male,Product,Yes,53.4,2,98,3.2,3.2,81.1,4,0.22,Low,Medium
E105778,Female,Service,Yes,34.9,0,62,2.7,7.3,90.5,8,0.07,Low,Medium
E105779,Male,Product,Yes,49.6,2,62,6.2,8.8,93.9,4,0.07,Low,Medium
E105780,Female,Service,Yes,43.7,18,75,1.5,4.5,77.8,3,0.08,Low,Medium
E105781,Male,Product,Yes,43.2,0,18,9.5,1.1,90.5,3,0.85,High,Low
E105782,Female,Service,Yes,41.2,7,40,2.1,2.3,71.1,4,0.16,Low,Low
E105783,Male,Service,No,49.5,18,98,9.6,3.8,76.1,9,0.6,Medium,Medium
E105784,Male,Product,Yes,48.1,3,36,8.0,2.7,52.6,0,0.58,Medium,Low
E105785,Female,Service,No,39.3,15,57,8.5,3.6,94.2,8,0.54,Medium,Low
E105786,Male,Service,Yes,45.8,4,34,2.6,5.9,57.0,0,0.11,Low,Medium
E105787,Female,Service,Yes,48.5,4,62,7.0,1.2,63.8,6,0.62,High,Low
E105788,Other,Service,No,45.9,1,75,8.4,1.6,65.9,3,0.71,High,Low
E105789,Male,Product,Yes,50.5,5,37,6.0,8.7,55.8,8,0.08,Low,Medium
E105790,Male,Product,No,43.5,6,75,6.0,5.7,96.1,9,0.26,Low,Medium
E105791,Female,Service,Yes,33.7,14,94,2.4,9.4,98.5,0,0.01,Low,High
E105792,Female,Service,Yes,45.9,9,77,4.7,1.0,93.3,3,0.42,Medium,Medium
E105793,Female,Product,Yes,45.9,9,33,2.4,1.0,67.3,6,0.22,Low,Low
E105794,Male,Service,Yes,46.6,18,89,9.8,7.7,52.8,1,0.23,Low,Medium
E105795,Female,Service,Yes,50.5,15,90,7.2,5.3,59.1,4,0.34,Medium,Medium
E105796,Male,Service,No,35.2,8,27,1.4,9.2,88.6,10,0.01,Low,Medium
E105797,Female,Product,Yes,43.8,7,16,5.3,8.1,64.3,9,0.1,Low,Low
E105798,Female,Service,Yes,40.4,18,65,6.7,5.5,94.6,11,0.3,Low,Medium
E105799,Male,Service,No,39.0,0,89,1.9,5.3,91.8,6,0.09,Low,High
E105800,Male,Service,No,44.6,16,15,7.0,8.3,61.8,9,0.12,Low,Low
E105801,Male,Service,Yes,48.5,17,55,2.6,8.2,84.7,9,0.05,Low,Medium
E105802,Male,Service,Yes,46.5,14,24,4.7,3.5,72.1,11,0.31,Medium,Low
E105803,Female,Service,Yes,41.6,5,17,6.6,7.1,60.7,2,0.19,Low,Low
E105804,Male,Service,Yes,44.3,16,22,4.3,6.8,79.5,7,0.14,Low,Low
E105805,Male,Service,Yes,49.6,17,94,4.4,8.7,91.9,3,0.06,Low,High
E105806,Male,Service,No,48.4,18,50,8.6,8.8,96.3,4,0.1,Low,Medium
E105807,Other,Product,Yes,42.2,1,54,3.8,3.4,52.9,4,0.25,Low,Medium
E105808,Female,Product,Yes,41.9,6,53,6.9,8.9,70.9,6,0.08,Low,Medium
E105809,Male,Service,No,36.4,16,98,8.6,9.3,80.2,7,0.06,Low,High
E105810,Male,Service,Yes,42.9,14,61,2.4,2.0,66.9,0,0.19,Low,Medium
E105811,Other,Service,No,36.3,15,74,1.4,6.2,65.9,9,0.05,Low,High
E105812,Female,Product,Yes,55.3,16,22,8.4,4.9,88.6,10,0.43,Medium,Low
E105813,Male,Product,Yes,40.7,2,88,6.0,4.6,89.1,6,0.32,Medium,Medium
E105814,Male,Service,No,50.5,9,51,8.4,7.3,86.4,7,0.23,Low,Low
E105815,Male,Product,Yes,54.1,5,77,2.9,2.2,94.9,1,0.23,Low,Medium
E105816,Male,Product,No,46.1,1,41,8.5,8.4,74.7,0,0.14,Low,Low
E105817,Female,Product,Yes,44.5,10,17,1.9,1.2,89.4,8,0.17,Low,Low
E105818,Female,Service,No,38.4,7,53,8.9,6.2,50.6,10,0.34,Medium,Low
E105819,Male,Service,Yes,42.5,13,20,8.4,3.0,99.4,8,0.59,Medium,Low
E105820,Female,Service,Yes,53.0,11,95,6.1,7.0,96.0,10,0.18,Low,High
E105821,Male,Product,Yes,46.8,19,24,6.5,5.7,92.1,10,0.28,Low,Low
E105822,Female,Product,Yes,45.1,6,99,4.1,10.0,79.4,10,0.0,Low,High
E105823,Female,Service,Yes,51.6,17,43,2.8,8.8,77.2,11,0.03,Low,Medium
E105824,Male,Service,Yes,48.5,4,43,5.1,4.0,57.5,10,0.31,Medium,Low
E105825,Male,Service,Yes,44.3,5,34,6.9,5.8,52.7,2,0.29,Low,Low
E105826,Female,Service,Yes,46.1,12,93,10.0,3.9,62.8,11,0.61,High,Low
E105827,Male,Service,No,41.2,1,80,8.4,7.6,57.5,9,0.2,Low,Medium
E105828,Male,Service,Yes,42.2,18,26,4.9,4.8,78.0,8,0.25,Low,Low
E105829,Male,Service,Yes,44.0,7,27,7.7,2.0,66.6,0,0.62,High,Low
E105830,Other,Product,Yes,47.8,10,53,2.0,6.9,69.4,0,0.06,Low,Medium
E105831,Male,Service,Yes,38.8,15,53,4.7,1.1,51.3,1,0.42,Medium,Low
E105832,Female,Service,No,45.4,0,59,4.8,3.7,77.4,6,0.3,Low,Medium
E105833,Male,Service,Yes,43.1,15,99,10.0,9.2,82.8,3,0.08,Low,Medium
E105834,Female,Product,Yes,40.5,11,55,4.5,1.8,66.7,8,0.37,Medium,Low
E105835,Female,Service,Yes,43.1,16,94,1.7,5.5,56.6,5,0.08,Low,High
E105836,Female,Product,No,33.4,8,57,1.6,8.2,85.2,7,0.03,Low,High
E105837,Male,Service,Yes,41.2,5,76,7.3,9.1,56.4,6,0.07,Low,Medium
E105838,Female,Product,No,39.5,6,17,3.6,6.0,90.8,8,0.14,Low,Low
E105839,Female,Product,Yes,43.6,12,23,8.8,2.4,77.3,10,0.67,High,Low
E105840,Male,Service,No,33.6,16,58,5.3,9.5,61.9,9,0.03,Low,Medium
E105841,Male,Product,Yes,46.0,9,48,4.0,7.7,94.9,8,0.09,Low,Medium
E105842,Male,Service,No,49.5,10,33,7.8,4.6,57.1,1,0.42,Medium,Low
E105843,Male,Service,Yes,44.4,13,32,4.8,3.5,80.1,0,0.31,Medium,Low
E105844,Female,Service,Yes,47.5,16,60,7.6,1.4,80.9,8,0.65,High,Low
E105845,Male,Service,No,42.4,15,55,7.4,2.7,51.9,8,0.54,Medium,Low
E105846,Male,Product,Yes,37.2,4,63,7.5,8.0,80.5,11,0.15,Low,Medium
E105847,Female,Product,Yes,45.0,17,66,8.7,2.0,84.7,2,0.7,High,Low
E105848,Male,Service,No,48.4,10,88,8.6,2.2,95.5,11,0.67,High,Low
E105849,Male,Service,Yes,38.4,9,57,7.0,2.8,85.4,6,0.5,Medium,Low
E105850,Male,Service,Yes,42.7,5,24,9.6,4.6,74.2,7,0.52,Medium,Low
E105851,Female,Product,Yes,43.8,9,99,1.2,2.7,92.7,1,0.09,Low,High
E105852,Female,Service,Yes,59.3,10,52,9.4,9.1,67.7,2,0.08,Low,Medium
E105853,Female,Product,No,46.1,0,52,2.3,3.3,92.8,6,0.15,Low,Medium
E105854,Male,Service,Yes,35.5,4,61,2.9,9.3,92.2,11,0.02,Low,High
E105855,Female,Service,Yes,34.2,1,21,8.4,9.9,80.2,2,0.01,Low,Low
E105856,Male,Product,Yes,48.7,10,26,4.6,7.8,67.2,8,0.1,Low,Medium
E105857,Male,Service,Yes,57.4,13,66,4.8,1.1,79.6,6,0.43,Medium,Low
E105858,Male,Service,No,43.6,12,47,3.4,3.2,95.3,8,0.23,Low,Low
E105859,Female,Service,No,43.3,10,38,3.0,3.4,81.8,6,0.2,Low,Low
E105860,Male,Service,Yes,47.2,5,62,2.0,5.9,92.0,11,0.08,Low,Medium
E105861,Male,Product,Yes,41.0,1,45,2.8,2.4,67.2,10,0.21,Low,Low
E105862,Male,Service,No,32.3,18,96,6.1,1.7,64.6,5,0.51,Medium,Medium
E105863,Male,Service,Yes,50.2,8,37,7.4,2.6,62.8,11,0.55,Medium,Low
E105864,Female,Service,Yes,41.9,17,85,7.6,3.9,74.6,4,0.46,Medium,Medium
E105865,Male,Service,Yes,50.3,13,86,4.3,1.4,71.6,1,0.37,Medium,Medium
E105866,Female,Product,Yes,41.2,12,29,9.3,2.8,92.7,7,0.67,High,Low
E105867,Male,Product,No,45.6,11,52,4.0,2.5,55.6,3,0.3,Low,Low
E105868,Female,Product,Yes,49.3,11,42,2.0,8.0,77.7,7,0.04,Low,Medium
E105869,Female,Service,No,50.4,12,35,9.5,2.5,70.2,5,0.71,High,Low
E105870,Male,Service,Yes,46.2,6,41,5.9,8.1,96.9,9,0.11,Low,Medium
E105871,Male,Service,Yes,45.9,15,61,9.7,5.6,89.4,5,0.43,Medium,Low
E105872,Female,Product,No,48.1,16,70,4.5,7.8,71.7,2,0.1,Low,Medium
E105873,Female,Service,No,47.3,8,28,7.8,5.1,82.0,6,0.38,Medium,Low
E105874,Male,Service,No,38.5,13,35,2.0,9.1,87.3,6,0.02,Low,Medium
E105875,Male,Product,Yes,38.6,8,28,8.7,3.5,53.6,4,0.57,Medium,Low
E105876,Female,Service,No,34.5,5,84,2.5,7.9,83.7,11,0.05,Low,High
E105877,Female,Service,Yes,48.8,0,90,1.6,2.5,57.0,10,0.12,Low,Medium
E105878,Male,Service,Yes,43.0,19,42,1.9,8.9,59.4,5,0.02,Low,Medium
E105879,Male,Service,Yes,49.1,0,51,6.0,1.3,73.1,5,0.52,Medium,Low
E105880,Male,Service,Yes,47.0,18,81,3.6,5.1,99.0,11,0.18,Low,Medium
E105881,Female,Service,No,40.0,14,47,9.6,4.8,97.6,7,0.5,Medium,Low
E105882,Male,Service,Yes,44.4,16,26,8.7,6.6,95.1,8,0.3,Low,Low
E105883,Other,Service,Yes,42.7,19,26,8.2,5.0,51.7,10,0.41,Medium,Low
E105884,Male,Product,Yes,42.0,7,89,8.3,6.3,92.6,5,0.31,Medium,Medium
E105885,Male,Service,Yes,49.6,2,65,9.0,8.8,88.8,2,0.11,Low,Medium
E105886,Female,Product,Yes,57.6,11,49,8.8,2.3,74.9,4,0.68,High,Low
E105887,Female,Service,Yes,50.6,14,26,9.4,3.2,66.3,0,0.64,High,Low
E105888,Female,Service,Yes,44.9,17,33,9.4,8.2,87.8,0,0.17,Low,Low
E105889,Male,Product,Yes,51.3,12,73,3.7,3.1,55.4,9,0.26,Low,Medium
E105890,Female,Service,No,53.6,4,27,3.0,9.2,82.5,9,0.02,Low,Medium
E105891,Female,Service,Yes,38.0,16,33,6.8,5.9,83.6,0,0.28,Low,Low
E105892,Male,Product,Yes,51.1,2,50,2.1,1.7,77.7,8,0.17,Low,Low
E105893,Male,Service,No,48.8,18,18,2.9,1.2,93.9,9,0.26,Low,Low
E105894,Male,Service,Yes,50.9,5,27,8.0,7.9,66.5,1,0.17,Low,Low
E105895,Male,Service,No,49.1,16,98,6.8,8.7,73.9,9,0.09,Low,High
E105896,Female,Product,Yes,43.9,4,20,6.9,3.2,87.9,10,0.47,Medium,Low
E105897,Male,Product,No,55.2,4,58,9.6,3.2,85.8,0,0.65,High,Low
E105898,Female,Service,Yes,46.7,18,90,7.0,9.6,78.1,11,0.03,Low,High
E105899,Male,Service,Yes,42.8,10,94,4.9,6.9,63.6,4,0.15,Low,High
E105900,Female,Service,Yes,47.5,0,95,3.5,2.5,64.7,7,0.26,Low,Medium
E105901,Male,Service,Yes,49.9,12,22,4.0,5.0,87.1,4,0.2,Low,Low
E105902,Male,Service,No,45.5,16,47,3.5,9.2,50.3,4,0.03,Low,Medium
E105903,Male,Service,Yes,47.0,10,66,1.3,6.6,82.6,9,0.04,Low,High
E105904,Male,Service,Yes,45.4,17,90,3.4,4.7,62.4,1,0.18,Low,High
E105905,Female,Service,Yes,41.7,3,97,8.5,2.4,83.6,6,0.65,High,Medium
E105906,Male,Product,No,40.9,9,27,7.6,7.5,59.3,0,0.19,Low,Low
E105907,Female,Service,No,38.0,10,24,6.6,3.5,68.8,1,0.43,Medium,Low
E105908,Male,Service,Yes,52.6,17,48,9.1,6.1,87.7,4,0.35,Medium,Low
E105909,Male,Service,Yes,43.9,0,41,3.4,6.4,87.8,6,0.12,Low,Medium
E105910,Male,Product,Yes,27.9,3,72,6.2,6.0,60.5,10,0.25,Low,Medium
E105911,Female,Product,Yes,47.0,4,81,1.3,3.2,68.8,6,0.09,Low,Medium
E105912,Female,Product,Yes,46.9,1,58,9.0,7.4,75.1,7,0.23,Low,Low
E105913,Male,Service,Yes,35.7,11,83,5.0,6.1,79.4,5,0.2,Low,Medium
E105914,Male,Product,No,40.8,10,19,2.6,4.6,87.1,2,0.14,Low,Low
E105915,Male,Service,No,40.6,15,51,3.2,1.5,51.2,11,0.27,Low,Low
E105916,Other,Service,Yes,41.3,3,85,8.6,4.0,55.8,7,0.52,Medium,Medium
E105917,Female,Service,Yes,51.1,6,70,2.0,4.2,57.9,0,0.12,Low,Medium
E105918,Male,Product,No,44.3,12,65,9.3,8.1,59.5,10,0.18,Low,Medium
E105919,Female,Product,Yes,42.9,13,70,4.4,5.6,51.5,2,0.19,Low,Medium
E105920,Male,Product,Yes,50.6,10,56,3.3,9.4,96.0,7,0.02,Low,High
E105921,Female,Product,No,47.5,7,27,4.0,7.8,58.1,2,0.09,Low,Medium
E105922,Male,Service,Yes,36.3,0,48,4.7,5.8,53.7,4,0.2,Low,Medium
E105923,Female,Service,Yes,41.9,7,48,5.9,2.5,73.6,4,0.44,Medium,Low
E105924,Male,Service,Yes,46.6,18,67,6.3,3.0,97.1,6,0.44,Medium,Low
E105925,Female,Product,Yes,40.3,16,17,5.0,2.4,98.2,3,0.38,Medium,Low
E105926,Female,Service,Yes,55.1,8,88,5.0,5.0,83.8,9,0.25,Low,Medium
E105927,Female,Product,Yes,45.6,12,51,3.6,7.5,58.9,1,0.09,Low,Medium
E105928,Female,Service,Yes,41.2,14,66,4.5,7.8,50.2,1,0.1,Low,Medium
E105929,Female,Service,No,39.4,12,20,5.2,1.9,66.8,6,0.42,Medium,Low
E105930,Male,Service,Yes,49.6,7,35,6.4,5.5,56.3,2,0.29,Low,Low
E105931,Male,Service,Yes,41.8,11,59,2.2,5.3,87.8,9,0.1,Low,Medium
E105932,Male,Product,Yes,46.9,10,19,7.9,4.9,98.5,1,0.4,Medium,Low
E105933,Other,Service,Yes,39.2,19,17,7.1,3.7,54.2,4,0.45,Medium,Low
E105934,Male,Service,No,45.4,12,34,3.7,5.3,69.8,1,0.17,Low,Low
E105935,Female,Service,Yes,41.8,15,90,5.1,5.6,95.1,10,0.22,Low,Medium
E105936,Female,Service,Yes,43.4,1,75,9.5,6.4,86.4,11,0.34,Medium,Medium
E105937,Male,Service,Yes,41.0,5,49,1.2,4.4,93.5,4,0.07,Low,Medium
E105938,Male,Service,Yes,50.1,15,46,8.3,9.5,96.1,7,0.04,Low,Medium
E105939,Male,Product,Yes,42.5,17,33,5.6,4.0,70.6,11,0.34,Medium,Low
E105940,Male,Service,Yes,44.3,16,29,6.6,9.1,84.7,5,0.06,Low,Low
E105941,Male,Service,Yes,44.5,14,88,7.2,8.2,85.5,0,0.13,Low,Medium
E105942,Male,Service,No,53.1,6,71,5.1,5.2,81.5,9,0.24,Low,Medium
E105943,Female,Service,No,49.5,13,40,2.7,5.5,66.3,6,0.12,Low,Medium
E105944,Female,Service,No,49.0,6,84,9.2,8.8,91.6,3,0.11,Low,Medium
E105945,Male,Service,No,37.1,5,16,7.7,5.4,88.4,3,0.35,Medium,Low
E105946,Male,Service,No,41.7,11,63,6.0,7.1,72.3,8,0.17,Low,Medium
E105947,Male,Product,No,50.9,1,62,5.0,8.3,71.0,9,0.08,Low,Medium
E105948,Female,Service,Yes,39.1,0,46,5.5,9.2,50.5,5,0.04,Low,Medium
E105949,Female,Product,Yes,45.4,17,17,8.4,3.0,92.2,9,0.59,Medium,Low
E105950,Male,Product,No,39.7,4,97,1.1,9.8,64.2,6,0.0,Low,High
E105951,Male,Service,Yes,40.2,6,34,8.8,9.7,73.5,1,0.03,Low,Low
E105952,Female,Service,Yes,53.4,14,51,1.4,3.7,70.6,10,0.09,Low,Medium
E105953,Female,Service,Yes,48.6,5,34,6.5,6.5,83.9,2,0.23,Low,Low
E105954,Male,Service,Yes,49.9,1,74,4.0,1.4,69.5,9,0.34,Medium,Medium
E105955,Female,Product,Yes,48.9,16,73,7.1,2.5,59.0,0,0.53,Medium,Low
E105956,Male,Product,Yes,44.3,12,95,1.8,6.3,93.4,4,0.07,Low,High
E105957,Male,Service,Yes,41.5,12,56,6.0,6.9,59.2,6,0.19,Low,Medium
E105958,Female,Service,No,43.0,13,37,8.7,5.8,51.4,5,0.37,Medium,Low
E105959,Female,Service,No,44.0,7,55,5.5,7.3,59.8,5,0.15,Low,Medium
E105960,Male,Service,No,53.9,14,87,1.8,8.1,72.8,5,0.03,Low,High
E105961,Female,Product,No,38.3,10,41,1.3,2.5,71.2,3,0.1,Low,Medium
E105962,Male,Service,Yes,42.2,12,95,6.6,6.9,89.8,6,0.2,Low,Medium
E105963,Female,Service,Yes,40.4,19,60,1.6,6.1,59.7,5,0.06,Low,Medium
E105964,Male,Product,Yes,50.3,0,31,1.6,2.1,88.8,4,0.13,Low,Low
E105965,Female,Service,No,54.3,1,16,4.8,3.1,54.8,6,0.33,Medium,Low
E105966,Female,Service,Yes,46.5,10,29,2.9,4.8,73.7,6,0.15,Low,Low
E105967,Male,Service,No,47.0,13,89,2.8,8.8,93.3,1,0.03,Low,High
E105968,Female,Service,Yes,45.5,4,71,5.3,3.0,70.6,4,0.37,Medium,Medium
E105969,Female,Product,No,47.2,6,55,3.5,2.6,98.2,10,0.26,Low,Low
E105970,Female,Product,Yes,48.9,15,87,3.0,7.5,81.6,10,0.08,Low,High
E105971,Male,Service,No,47.1,10,28,5.6,9.8,87.8,6,0.01,Low,Medium
E105972,Female,Product,Yes,47.5,14,22,3.6,5.0,75.5,7,0.18,Low,Low
E105973,Female,Service,Yes,48.9,3,90,1.7,4.2,71.5,8,0.1,Low,High
E105974,Male,Product,Yes,36.1,9,21,7.1,3.3,54.2,3,0.48,Medium,Low
E105975,Female,Product,No,45.0,0,81,6.3,1.4,56.0,4,0.54,Medium,Low
E105976,Male,Service,Yes,46.5,6,40,2.9,2.6,78.6,7,0.21,Low,Low
E105977,Male,Product,No,47.1,11,17,6.2,1.8,80.7,7,0.51,Medium,Low
E105978,Male,Service,No,44.1,10,60,9.6,5.4,99.2,1,0.44,Medium,Low
E105979,Female,Service,No,45.8,10,18,9.6,9.8,92.9,0,0.02,Low,Low
E105980,Female,Product,Yes,41.4,16,71,5.8,8.1,92.2,9,0.11,Low,Medium
E105981,Male,Product,Yes,36.1,0,60,1.9,6.4,64.3,9,0.07,Low,Medium
E105982,Female,Product,Yes,49.9,14,28,5.1,5.4,70.6,11,0.23,Low,Low
E105983,Male,Product,No,39.3,19,17,1.2,6.6,55.1,3,0.04,Low,Medium
E105984,Male,Service,No,44.2,17,27,4.7,4.4,79.1,10,0.26,Low,Low
E105985,Male,Service,No,41.3,3,22,9.2,2.6,53.5,1,0.68,High,Low
E105986,Female,Product,Yes,52.9,18,70,5.2,6.3,72.3,9,0.19,Low,Medium
E105987,Female,Service,Yes,44.6,4,16,6.0,5.8,78.3,2,0.25,Low,Low
E105988,Female,Product,No,43.4,13,60,2.4,9.5,61.4,1,0.01,Low,High
E105989,Female,Service,Yes,48.7,12,45,1.1,6.8,88.8,3,0.04,Low,Medium
E105990,Male,Product,No,55.8,18,95,9.9,8.0,83.7,7,0.2,Low,Medium
E105991,Male,Service,Yes,47.0,18,49,4.0,1.8,57.4,10,0.33,Medium,Low
E105992,Male,Product,Yes,43.1,15,76,3.5,7.8,99.2,8,0.08,Low,High
E105993,Male,Service,No,48.5,18,60,6.1,9.8,77.1,6,0.01,Low,Medium
E105994,Male,Product,Yes,37.1,0,38,7.7,6.9,51.3,1,0.24,Low,Low
E105995,Female,Service,Yes,45.2,9,79,3.3,7.7,67.5,6,0.08,Low,High
E105996,Male,Service,No,55.0,1,58,5.7,9.8,99.0,9,0.01,Low,Medium
E105997,Female,Product,Yes,45.8,14,65,4.0,4.5,95.1,5,0.22,Low,Medium
E105998,Male,Product,No,45.5,18,60,5.3,8.4,57.6,3,0.08,Low,Medium
E105999,Male,Product,No,45.1,3,47,2.5,4.6,92.8,0,0.14,Low,Medium
E106000,Female,Service,Yes,43.0,3,78,5.6,4.8,80.9,9,0.29,Low,Medium
E106001,Male,Service,Yes,46.6,11,40,1.4,6.9,51.1,9,0.04,Low,Medium
E106002,Female,Service,Yes,48.9,18,53,8.6,3.3,87.9,0,0.58,Medium,Low
E106003,Female,Service,Yes,43.3,8,72,6.6,9.9,70.6,5,0.01,Low,Medium
E106004,Male,Product,Yes,32.5,15,40,9.5,4.0,69.8,11,0.57,Medium,Low
E106005,Female,Service,No,47.3,14,89,6.4,2.1,69.1,6,0.51,Medium,Medium
E106006,Male,Service,Yes,55.7,8,81,2.6,3.9,79.8,0,0.16,Low,Medium
E106007,Male,Service,Yes,43.1,18,87,5.4,8.7,85.7,11,0.07,Low,High
E106008,Female,Service,Yes,37.6,17,71,7.0,3.8,82.4,1,0.43,Medium,Low
E106009,Male,Service,Yes,48.4,6,84,4.4,6.5,62.1,8,0.15,Low,High
E106010,Female,Service,Yes,53.7,15,87,6.0,9.4,85.3,11,0.04,Low,High
E106011,Female,Service,No,47.6,14,22,2.5,3.3,56.8,9,0.17,Low,Low
E106012,Female,Service,Yes,53.6,10,48,8.0,2.2,98.6,10,0.62,High,Low
E106013,Male,Product,Yes,49.0,5,83,9.2,1.9,73.7,11,0.75,High,Low
E106014,Male,Service,Yes,48.5,2,24,3.8,5.0,54.6,3,0.19,Low,Low
E106015,Female,Service,Yes,42.4,13,98,8.1,1.9,78.8,3,0.66,High,Medium
E106016,Male,Product,Yes,46.4,5,36,1.8,5.1,78.8,9,0.09,Low,Medium
E106017,Male,Product,No,44.9,16,26,3.2,8.8,51.9,5,0.04,Low,Medium
E106018,Male,Product,Yes,44.7,18,43,5.2,8.0,50.5,4,0.1,Low,Medium
E106019,Male,Product,Yes,43.7,17,45,4.5,6.2,99.8,10,0.17,Low,Medium
E106020,Male,Service,Yes,46.1,19,20,6.6,8.7,69.5,8,0.09,Low,Low
E106021,Female,Product,Yes,38.5,15,21,6.1,1.9,62.3,2,0.49,Medium,Low
E106022,Female,Service,Yes,49.1,2,93,1.8,6.5,77.4,7,0.06,Low,High
E106023,Male,Service,Yes,40.6,5,27,2.2,2.0,50.4,0,0.18,Low,Low
E106024,Male,Product,Yes,43.7,16,77,1.5,5.3,50.6,6,0.07,Low,High
E106025,Male,Service,Yes,46.7,19,38,9.6,5.2,55.6,7,0.46,Medium,Low
E106026,Female,Product,Yes,40.4,4,98,6.8,3.4,90.1,8,0.45,Medium,Medium
E106027,Male,Product,Yes,35.2,15,33,8.7,8.5,62.4,10,0.13,Low,Low
E106028,Female,Service,Yes,43.1,16,97,5.9,3.1,75.2,10,0.41,Medium,Medium
E106029,Male,Product,No,37.8,15,83,2.7,6.0,61.2,11,0.11,Low,High
E106030,Female,Service,Yes,48.6,8,36,6.6,5.3,77.2,9,0.31,Medium,Low
E106031,Male,Service,No,39.2,6,74,5.5,4.9,75.4,0,0.28,Low,Medium
E106032,Female,Product,Yes,52.4,4,36,4.7,1.3,70.0,0,0.41,Medium,Low
E106033,Male,Service,Yes,45.0,8,31,4.3,7.3,71.7,11,0.12,Low,Medium
E106034,Female,Product,Yes,45.3,9,61,6.9,1.1,82.7,7,0.61,High,Low
E106035,Male,Service,No,35.1,0,21,6.6,8.4,92.1,1,0.11,Low,Low
E106036,Female,Service,Yes,45.7,6,31,2.4,3.4,66.0,11,0.16,Low,Low
E106037,Female,Product,Yes,44.6,4,90,8.3,2.1,76.6,5,0.66,High,Low
E106038,Male,Service,Yes,38.5,5,76,6.7,4.8,92.7,7,0.35,Medium,Medium
E106039,Female,Service,Yes,45.4,5,77,5.8,6.0,58.4,9,0.23,Low,Medium
E106040,Female,Service,Yes,43.0,14,21,7.7,3.8,99.0,5,0.48,Medium,Low
E106041,Male,Product,Yes,43.9,7,43,2.4,2.1,87.5,8,0.19,Low,Low
E106042,Male,Service,Yes,45.1,0,86,9.3,1.2,68.3,7,0.82,High,Low
E106043,Male,Product,Yes,42.6,9,18,3.4,7.3,68.8,6,0.09,Low,Low
E106044,Female,Service,Yes,46.2,2,30,3.4,9.0,60.3,4,0.03,Low,Medium
E106045,Female,Product,Yes,44.6,15,94,8.3,1.9,63.4,0,0.67,High,Low
E106046,Male,Product,Yes,47.4,0,89,4.0,3.1,79.4,11,0.28,Low,Medium
E106047,Male,Service,Yes,42.4,15,73,8.5,1.2,50.2,1,0.75,High,Low
E106048,Female,Service,Yes,39.7,13,55,4.0,9.0,51.2,1,0.04,Low,Medium
E106049,Female,Product,Yes,41.5,4,74,6.0,5.0,99.3,0,0.3,Low,Medium
E106050,Male,Product,Yes,52.2,15,89,3.1,9.3,61.8,11,0.02,Low,High
E106051,Female,Service,Yes,49.8,10,83,7.6,5.2,91.5,4,0.36,Medium,Medium
E106052,Male,Product,Yes,51.1,17,72,2.5,8.8,80.6,2,0.03,Low,High
E106053,Male,Product,Yes,51.4,6,90,9.1,9.6,72.3,11,0.04,Low,Medium
E106054,Female,Product,Yes,42.7,7,54,4.3,4.0,86.6,7,0.26,Low,Medium
E106055,Male,Product,Yes,46.5,16,72,5.2,6.8,52.5,1,0.17,Low,Medium
E106056,Male,Service,Yes,45.4,13,75,1.2,7.0,87.8,10,0.04,Low,High
E106057,Male,Product,Yes,48.3,16,59,9.8,1.2,92.8,2,0.86,High,Low
E106058,Female,Service,No,43.6,11,91,8.3,4.9,64.0,10,0.42,Medium,Medium
E106059,Female,Service,Yes,45.5,17,62,5.0,8.7,65.1,8,0.07,Low,Medium
E106060,Male,Service,Yes,45.4,0,25,9.3,9.5,55.2,1,0.05,Low,Low
E106061,Male,Service,Yes,47.7,6,70,9.4,9.1,92.8,11,0.08,Low,Medium
E106062,Male,Service,Yes,48.3,5,37,5.8,9.8,90.4,8,0.01,Low,Medium
E106063,Female,Service,No,45.5,14,91,3.1,6.9,71.3,8,0.1,Low,High
E106064,Male,Service,No,45.6,17,47,5.4,3.1,68.9,2,0.37,Medium,Low
E106065,Female,Product,No,46.1,10,66,3.9,6.2,71.4,10,0.15,Low,Medium
E106066,Male,Service,No,53.2,16,42,5.0,4.8,71.0,4,0.26,Low,Low
E106067,Male,Service,Yes,36.4,0,18,9.2,3.3,71.5,9,0.62,High,Low
E106068,Male,Service,Yes,40.2,1,65,3.5,8.0,57.3,1,0.07,Low,Medium
E106069,Male,Service,No,48.4,6,24,8.6,6.7,50.7,11,0.28,Low,Low
E106070,Female,Service,Yes,46.3,9,66,9.4,8.1,88.1,0,0.18,Low,Medium
E106071,Male,Service,No,46.3,13,86,8.2,3.4,67.2,10,0.54,Medium,Medium
E106072,Male,Product,Yes,48.3,11,23,5.7,9.1,74.5,2,0.05,Low,Low
E106073,Male,Product,Yes,46.1,16,32,6.1,3.1,65.4,7,0.42,Medium,Low
E106074,Male,Product,No,42.2,13,80,8.4,6.4,69.1,1,0.3,Low,Medium
E106075,Male,Service,Yes,48.1,18,96,1.4,1.5,53.7,4,0.12,Low,Medium
E106076,Male,Service,No,45.1,9,54,7.6,5.9,68.5,3,0.31,Medium,Low
E106077,Male,Service,Yes,42.8,11,80,5.8,1.9,73.2,8,0.47,Medium,Medium
E106078,Female,Product,Yes,48.5,6,36,4.6,4.0,91.6,9,0.28,Low,Low
E106079,Male,Service,No,48.3,7,94,7.9,8.7,66.1,4,0.1,Low,High
E106080,Male,Service,Yes,46.1,12,88,3.4,9.0,54.4,0,0.03,Low,High
E106081,Female,Service,Yes,53.6,5,48,9.1,7.9,88.0,6,0.19,Low,Low
E106082,Male,Service,Yes,51.6,7,62,7.2,4.3,68.8,8,0.41,Medium,Low
E106083,Male,Product,No,50.0,4,30,6.5,6.2,95.8,5,0.25,Low,Low
E106084,Male,Product,No,57.8,8,63,5.7,3.0,98.0,9,0.4,Medium,Low
E106085,Male,Product,Yes,44.3,10,77,2.9,7.1,93.6,7,0.08,Low,High
E106086,Female,Service,Yes,42.7,12,54,6.6,4.1,61.3,8,0.39,Medium,Low
E106087,Male,Product,No,49.3,0,70,7.5,3.0,62.7,10,0.52,Medium,Low
E106088,Female,Product,No,43.7,6,91,1.1,6.3,89.7,6,0.04,Low,High
E106089,Male,Product,Yes,45.1,5,62,4.3,2.0,72.3,4,0.34,Medium,Low
E106090,Male,Service,Yes,40.1,7,51,8.5,7.2,64.9,2,0.24,Low,Low
E106091,Female,Service,No,48.0,1,26,6.7,2.7,64.7,3,0.49,Medium,Low
E106092,Male,Product,Yes,37.6,16,93,6.5,6.0,78.9,3,0.26,Low,Medium
E106093,Female,Service,No,44.5,16,46,3.1,4.5,94.8,6,0.17,Low,Medium
E106094,Male,Product,Yes,44.9,17,37,6.7,6.1,80.9,8,0.26,Low,Low
E106095,Female,Product,Yes,42.8,6,88,8.1,3.2,81.0,1,0.55,Medium,Medium
E106096,Male,Service,Yes,36.2,14,86,4.6,3.8,87.3,11,0.29,Low,Medium
E106097,Female,Service,No,36.2,12,35,2.6,2.3,88.0,9,0.2,Low,Low
E106098,Male,Service,Yes,41.3,19,89,1.7,8.0,95.5,1,0.03,Low,High
E106099,Female,Product,Yes,47.7,13,26,5.6,1.6,58.1,3,0.47,Medium,Low
E106100,Male,Product,Yes,46.4,14,63,7.2,4.4,99.2,7,0.4,Medium,Low
E106101,Female,Service,No,44.9,2,61,2.5,5.0,66.4,9,0.12,Low,Medium
E106102,Male,Service,Yes,40.6,5,97,4.8,2.8,64.1,0,0.35,Medium,Medium
E106103,Female,Service,Yes,46.7,8,76,6.1,4.5,75.5,10,0.34,Medium,Medium
E106104,Male,Product,Yes,36.0,13,52,2.4,4.8,63.2,5,0.12,Low,Medium
E106105,Male,Service,Yes,33.0,15,40,3.4,3.0,61.6,10,0.24,Low,Low
E106106,Male,Service,Yes,43.8,16,54,6.5,6.8,98.3,0,0.21,Low,Medium
E106107,Male,Product,Yes,42.3,11,30,7.5,1.3,55.2,8,0.65,High,Low
E106108,Male,Service,Yes,50.1,3,33,6.7,2.8,99.5,4,0.48,Medium,Low
E106109,Female,Service,No,45.8,4,64,7.4,6.6,81.1,2,0.25,Low,Medium
E106110,Female,Service,No,53.3,10,70,6.2,6.6,97.9,0,0.21,Low,Medium
E106111,Male,Service,No,42.3,10,43,8.5,3.4,94.9,3,0.56,Medium,Low
E106112,Female,Service,Yes,47.4,7,52,8.4,7.1,82.4,9,0.24,Low,Low
E106113,Male,Product,No,43.7,17,75,8.2,5.2,79.5,5,0.39,Medium,Medium
E106114,Male,Product,Yes,51.9,5,50,6.2,5.7,99.6,7,0.27,Low,Low
E106115,Female,Product,Yes,44.0,6,99,9.9,4.0,75.8,8,0.59,Medium,Medium
E106116,Female,Product,Yes,49.3,5,24,1.4,9.9,58.9,3,0.0,Low,Medium
E106117,Other,Service,Yes,39.6,13,61,2.8,7.6,99.6,4,0.07,Low,Medium
E106118,Male,Service,Yes,42.9,19,58,8.3,3.2,66.2,7,0.56,Medium,Low
E106119,Female,Service,Yes,44.6,5,76,8.4,3.1,54.4,2,0.58,Medium,Low
E106120,Male,Product,Yes,51.3,3,21,8.4,8.0,85.8,3,0.17,Low,Low
E106121,Male,Product,Yes,34.0,12,83,8.9,4.5,72.3,9,0.49,Medium,Medium
E106122,Male,Service,Yes,43.3,16,33,4.8,1.8,69.4,11,0.39,Medium,Low
E106123,Other,Service,Yes,43.2,11,47,9.4,1.3,81.6,5,0.82,High,Low
E106124,Female,Service,Yes,34.6,8,38,2.9,4.7,52.6,4,0.15,Low,Medium
E106125,Female,Service,Yes,42.7,19,37,9.4,4.7,84.9,7,0.5,Medium,Low
E106126,Male,Product,Yes,37.3,2,67,6.0,7.4,75.2,9,0.16,Low,Medium
E106127,Male,Service,Yes,33.3,10,35,2.5,6.2,74.5,10,0.1,Low,Medium
E106128,Male,Product,Yes,43.7,4,96,7.6,7.9,95.0,1,0.16,Low,Medium
E106129,Male,Service,No,43.5,2,51,3.7,3.9,91.6,11,0.23,Low,Medium
E106130,Male,Product,Yes,43.8,16,63,3.0,6.6,76.6,8,0.1,Low,Medium
E106131,Female,Product,Yes,46.3,8,39,2.5,9.0,78.9,0,0.02,Low,Medium
E106132,Male,Product,No,40.6,5,53,1.3,1.6,90.3,1,0.11,Low,Medium
E106133,Male,Service,Yes,54.0,17,44,7.9,7.4,70.6,7,0.21,Low,Low
E106134,Male,Service,Yes,44.8,5,57,5.4,7.4,83.6,7,0.14,Low,Medium
E106135,Male,Service,Yes,51.4,5,92,9.8,8.1,77.0,7,0.19,Low,Medium
E106136,Male,Service,Yes,36.6,9,68,5.0,3.4,75.0,1,0.33,Medium,Medium
E106137,Female,Product,Yes,40.8,10,46,8.6,4.7,99.2,7,0.46,Medium,Low
E106138,Female,Product,No,48.4,13,63,9.7,3.2,50.9,4,0.66,High,Low
E106139,Female,Service,Yes,43.9,11,16,1.2,3.8,70.7,3,0.07,Low,Low
E106140,Male,Service,Yes,39.6,19,61,1.9,9.7,96.5,1,0.01,Low,High
E106141,Male,Service,Yes,35.8,17,37,4.1,5.0,96.4,8,0.2,Low,Low
E106142,Male,Product,No,48.7,14,20,8.8,8.6,87.4,2,0.12,Low,Low
E106143,Female,Product,No,48.3,9,99,8.5,8.2,79.6,11,0.15,Low,Medium
E106144,Female,Service,Yes,46.2,0,55,4.3,5.0,84.5,4,0.22,Low,Medium
E106145,Male,Service,Yes,42.5,14,56,2.8,9.9,62.6,3,0.0,Low,High
E106146,Male,Product,Yes,39.4,1,67,8.2,8.6,74.4,8,0.11,Low,Medium
E106147,Male,Product,Yes,44.7,19,86,6.4,5.3,76.8,3,0.3,Low,Medium
E106148,Female,Service,Yes,38.4,1,53,1.3,3.8,53.2,4,0.08,Low,Medium
E106149,Female,Product,Yes,41.2,3,24,8.2,1.7,93.3,10,0.68,High,Low
E106150,Female,Product,No,51.3,13,96,9.6,5.2,72.8,7,0.46,Medium,Medium
E106151,Male,Service,Yes,35.7,18,64,1.4,4.2,94.9,3,0.08,Low,Medium
E106152,Male,Service,Yes,48.4,13,89,3.6,7.4,69.5,10,0.09,Low,High
E106153,Male,Service,Yes,52.5,12,22,8.4,1.2,70.4,1,0.74,High,Low
E106154,Male,Service,Yes,49.1,0,15,6.3,8.5,62.2,10,0.09,Low,Low
E106155,Male,Service,Yes,47.0,9,86,9.9,4.7,82.2,9,0.52,Medium,Low
E106156,Female,Service,No,42.7,13,83,9.2,5.2,77.4,1,0.44,Medium,Medium
E106157,Female,Service,Yes,41.8,16,15,2.6,2.6,95.6,9,0.19,Low,Low
E106158,Male,Service,No,33.8,15,81,7.1,9.4,71.5,8,0.04,Low,Medium
E106159,Female,Service,Yes,45.2,14,41,6.9,4.6,82.4,9,0.37,Medium,Low
E106160,Male,Service,Yes,43.0,10,75,2.0,8.6,85.4,5,0.03,Low,High
E106161,Male,Product,Yes,41.5,11,62,1.8,3.1,66.0,11,0.12,Low,Medium
E106162,Male,Product,Yes,44.9,0,37,6.1,1.9,94.0,0,0.49,Medium,Low
E106163,Male,Service,Yes,45.3,2,58,4.6,6.7,69.0,9,0.15,Low,Medium
E106164,Male,Service,Yes,41.8,10,54,5.9,9.9,81.9,1,0.01,Low,Medium
E106165,Male,Product,Yes,53.1,10,25,3.1,6.8,80.8,8,0.1,Low,Medium
E106166,Male,Service,No,48.7,4,25,6.0,6.5,71.1,7,0.21,Low,Low
E106167,Other,Product,Yes,49.5,14,45,4.5,5.0,59.2,8,0.22,Low,Low
E106168,Male,Service,Yes,44.5,19,74,9.0,3.6,79.6,10,0.58,Medium,Low
E106169,Male,Product,Yes,47.6,15,69,3.8,4.9,68.8,11,0.19,Low,Medium
E106170,Male,Service,Yes,40.5,2,38,8.8,2.3,69.0,5,0.68,High,Low
E106171,Female,Product,Yes,48.3,7,76,4.5,3.4,74.6,2,0.3,Low,Medium
E106172,Male,Product,Yes,44.0,15,33,6.2,5.4,83.9,10,0.29,Low,Low
E106173,Female,Product,Yes,39.9,15,54,3.6,2.3,86.5,3,0.28,Low,Low
E106174,Male,Product,Yes,44.9,3,31,8.3,8.1,71.4,6,0.16,Low,Low
E106175,Male,Service,No,43.5,14,64,8.6,1.1,56.0,7,0.77,High,Low
E106176,Female,Service,No,56.6,18,26,8.3,3.9,89.6,11,0.51,Medium,Low
E106177,Male,Service,Yes,47.2,14,29,6.8,5.6,83.5,9,0.3,Low,Low
E106178,Male,Service,Yes,52.9,12,53,3.7,9.4,90.0,8,0.02,Low,Medium
E106179,Male,Service,No,50.7,9,27,6.7,6.2,65.8,9,0.25,Low,Low
E106180,Female,Product,Yes,45.2,1,33,9.6,3.7,95.5,7,0.6,Medium,Low
E106181,Male,Product,Yes,42.8,5,87,6.8,4.2,63.1,1,0.39,Medium,Medium
E106182,Male,Service,No,36.3,16,71,9.6,4.1,64.5,1,0.57,Medium,Low
E106183,Female,Service,Yes,40.6,7,74,3.7,2.6,76.8,11,0.27,Low,Medium
E106184,Male,Service,No,48.3,15,70,8.6,2.3,99.9,4,0.66,High,Low
E106185,Female,Product,Yes,43.5,12,39,7.5,5.3,60.1,1,0.35,Medium,Low
E106186,Female,Service,Yes,46.9,11,18,8.4,3.4,91.9,0,0.55,Medium,Low
E106187,Male,Product,Yes,34.8,15,66,7.4,1.8,50.1,9,0.61,High,Low
E106188,Male,Product,No,47.3,6,21,5.3,2.9,61.9,10,0.38,Medium,Low
E106189,Male,Product,Yes,50.5,9,82,7.2,5.7,67.3,10,0.31,Medium,Medium
E106190,Female,Service,Yes,36.1,5,84,9.4,3.3,82.4,3,0.63,High,Low
E106191,Female,Service,No,46.9,4,59,4.8,3.1,55.7,0,0.33,Medium,Low
E106192,Female,Product,No,51.7,17,23,9.6,6.6,56.4,3,0.33,Medium,Low
E106193,Female,Product,No,53.4,15,23,1.4,7.2,57.3,11,0.04,Low,Medium
E106194,Female,Product,Yes,42.5,2,99,1.1,3.2,83.1,3,0.07,Low,High
E106195,Male,Service,No,48.9,2,17,5.4,5.2,55.7,5,0.26,Low,Low
E106196,Male,Product,Yes,52.1,4,91,8.6,7.9,69.9,9,0.18,Low,Medium
E106197,Female,Service,Yes,47.0,1,77,3.2,7.2,57.8,4,0.09,Low,High
E106198,Male,Product,No,51.4,0,96,7.2,1.6,69.1,8,0.6,Medium,Medium
E106199,Male,Product,Yes,44.8,3,16,5.9,4.2,85.7,9,0.34,Medium,Low
E106200,Female,Product,Yes,47.0,9,45,3.6,7.5,63.9,7,0.09,Low,Medium
E106201,Male,Product,Yes,41.9,12,52,3.6,2.6,80.9,5,0.27,Low,Low
E106202,Female,Service,No,44.2,2,21,1.7,2.8,62.4,10,0.12,Low,Low
E106203,Female,Product,Yes,47.2,10,24,5.8,6.7,86.9,5,0.19,Low,Low
E106204,Male,Product,Yes,41.5,2,91,5.1,3.6,88.9,5,0.33,Medium,Medium
E106205,Female,Service,Yes,43.9,9,73,3.6,3.9,65.5,3,0.22,Low,Medium
E106206,Male,Product,Yes,48.8,8,15,9.7,5.7,51.2,4,0.42,Medium,Low
E106207,Male,Service,No,55.3,9,51,8.4,7.8,56.5,3,0.18,Low,Low
E106208,Male,Product,Yes,34.8,12,39,5.7,5.5,74.5,1,0.26,Low,Low
E106209,Male,Service,Yes,54.9,17,80,5.7,9.0,69.1,4,0.06,Low,High
E106210,Male,Product,No,43.7,17,90,2.7,2.0,67.3,11,0.22,Low,Medium
E106211,Male,Service,Yes,49.8,16,19,6.8,7.8,79.0,0,0.15,Low,Low
E106212,Male,Service,Yes,50.8,16,70,9.6,5.9,58.1,8,0.39,Medium,Low
E106213,Male,Service,Yes,52.8,4,93,9.1,8.4,72.8,9,0.15,Low,Medium
E106214,Female,Service,No,41.4,8,56,1.8,3.8,60.2,11,0.11,Low,Medium
E106215,Female,Product,Yes,43.9,11,78,1.5,5.3,99.1,8,0.07,Low,High
E106216,Male,Service,Yes,44.7,11,63,9.7,8.4,52.4,8,0.16,Low,Medium
E106217,Male,Product,Yes,43.2,18,60,2.8,8.5,50.8,1,0.04,Low,High
E106218,Male,Product,Yes,51.6,6,85,6.0,4.4,78.2,10,0.34,Medium,Medium
E106219,Male,Product,No,44.6,19,16,1.7,8.4,53.1,2,0.03,Low,Medium
E106220,Female,Product,No,36.9,11,81,8.6,7.1,90.5,7,0.25,Low,Medium
E106221,Female,Service,Yes,41.8,8,18,2.1,4.7,91.0,1,0.11,Low,Low
E106222,Male,Service,Yes,37.1,7,76,6.8,9.7,71.6,11,0.02,Low,Medium
E106223,Male,Service,No,43.9,18,94,1.5,1.3,91.9,5,0.13,Low,Medium
E106224,Male,Service,Yes,48.4,2,41,2.4,4.4,87.0,8,0.13,Low,Medium
E106225,Female,Product,Yes,41.7,10,81,5.6,3.8,56.8,6,0.35,Medium,Medium
E106226,Male,Service,No,43.0,11,31,1.4,9.4,93.0,2,0.01,Low,Medium
E106227,Other,Product,Yes,43.6,16,66,2.8,1.9,93.7,7,0.23,Low,Medium
E106228,Female,Service,Yes,45.7,6,85,2.2,6.7,66.1,8,0.07,Low,High
E106229,Male,Product,Yes,47.6,2,71,1.4,7.4,88.7,4,0.04,Low,High
E106230,Female,Service,No,49.0,6,44,9.7,2.7,94.9,7,0.71,High,Low
E106231,Female,Service,Yes,56.3,6,86,5.1,2.3,87.3,7,0.39,Medium,Medium
E106232,Female,Product,No,45.6,13,97,8.7,1.4,54.7,0,0.75,High,Low
E106233,Male,Service,No,48.7,1,85,4.2,2.4,54.7,1,0.32,Medium,Medium
E106234,Male,Product,No,37.1,15,79,1.4,8.3,99.1,11,0.02,Low,High
E106235,Female,Service,No,43.1,9,30,7.3,9.5,77.1,6,0.04,Low,Low
E106236,Female,Service,Yes,43.6,13,41,1.3,9.1,82.2,0,0.01,Low,Medium
E106237,Female,Product,No,39.9,6,88,6.0,4.3,95.6,3,0.34,Medium,Medium
E106238,Female,Service,Yes,42.3,1,61,2.3,7.5,50.4,6,0.06,Low,High
E106239,Female,Product,No,44.5,9,28,7.0,8.4,71.3,9,0.11,Low,Low
E106240,Female,Service,Yes,42.5,1,16,9.0,8.3,78.3,4,0.15,Low,Low
E106241,Male,Product,Yes,58.0,12,53,9.6,1.6,50.1,1,0.81,High,Low
E106242,Male,Service,Yes,47.6,1,69,5.7,2.9,81.2,2,0.4,Medium,Low
E106243,Female,Service,No,55.0,9,40,5.8,9.5,92.5,7,0.03,Low,Medium
E106244,Female,Service,Yes,52.5,13,58,1.3,7.7,52.7,0,0.03,Low,High
E106245,Female,Service,Yes,41.8,16,83,7.9,8.5,90.2,11,0.12,Low,Medium
E106246,Male,Service,No,45.2,18,52,9.6,5.6,98.9,4,0.42,Medium,Low
E106247,Female,Product,Yes,42.8,11,94,4.9,4.5,96.0,2,0.27,Low,Medium
E106248,Female,Product,Yes,44.2,16,26,8.1,6.9,76.9,8,0.25,Low,Low
E106249,Male,Service,Yes,40.1,5,31,8.2,5.3,93.0,5,0.39,Medium,Low
E106250,Male,Service,Yes,42.8,3,39,8.1,4.4,88.5,4,0.45,Medium,Low
E106251,Male,Service,Yes,46.8,1,78,7.8,4.1,90.9,2,0.46,Medium,Medium
E106252,Male,Service,No,46.7,14,25,2.9,2.4,69.9,3,0.22,Low,Low
E106253,Male,Service,Yes,46.3,15,32,7.8,5.8,73.8,11,0.33,Medium,Low
E106254,Male,Service,Yes,44.7,11,50,2.3,5.7,62.0,7,0.1,Low,Medium
E106255,Male,Product,Yes,49.3,6,17,7.4,6.3,52.6,0,0.27,Low,Low
E106256,Female,Product,No,43.7,12,97,1.0,2.0,79.9,6,0.08,Low,High
E106257,Female,Service,Yes,52.0,0,84,9.3,9.2,65.5,0,0.07,Low,Medium
E106258,Female,Service,Yes,35.8,18,85,8.4,7.7,75.1,0,0.19,Low,Medium
E106259,Male,Product,Yes,48.3,12,23,7.1,2.2,98.1,3,0.55,Medium,Low
E106260,Male,Service,No,47.4,0,80,1.9,1.7,53.2,1,0.16,Low,Medium
E106261,Female,Product,No,41.6,1,61,8.4,6.8,93.7,0,0.27,Low,Low
E106262,Male,Product,Yes,43.2,0,64,8.9,4.1,54.3,7,0.53,Medium,Low
E106263,Female,Service,Yes,47.3,11,78,7.2,3.9,82.7,9,0.44,Medium,Medium
E106264,Female,Service,Yes,49.6,9,61,9.8,8.6,67.2,9,0.14,Low,Medium
E106265,Male,Product,Yes,36.3,1,89,1.8,4.1,55.0,6,0.11,Low,High
E106266,Other,Product,Yes,48.1,0,81,7.4,6.7,87.8,8,0.24,Low,Medium
E106267,Male,Service,Yes,42.7,4,56,5.7,5.8,84.9,1,0.24,Low,Medium
E106268,Male,Product,Yes,50.6,1,63,2.3,3.4,82.0,9,0.15,Low,Medium
E106269,Female,Service,No,35.8,3,44,6.9,4.0,98.2,9,0.41,Medium,Low
E106270,Male,Service,Yes,57.2,13,22,8.2,9.5,51.2,5,0.04,Low,Low
E106271,Female,Product,Yes,40.6,8,51,2.5,4.0,71.7,2,0.15,Low,Medium
E106272,Male,Product,Yes,52.1,5,99,8.1,8.1,78.1,4,0.15,Low,Medium
E106273,Male,Product,Yes,44.7,11,22,1.8,8.8,67.9,8,0.02,Low,Medium
E106274,Female,Product,Yes,40.9,11,77,6.3,1.6,83.5,2,0.53,Medium,Low
E106275,Female,Service,Yes,46.3,8,25,8.2,7.0,95.0,8,0.25,Low,Low
E106276,Male,Service,No,50.1,14,72,2.3,7.7,84.8,7,0.05,Low,High
E106277,Male,Service,No,37.2,9,48,6.1,4.9,78.5,9,0.31,Medium,Low
E106278,Female,Service,No,48.5,1,53,4.8,6.1,86.9,10,0.19,Low,Medium
E106279,Male,Product,Yes,44.9,17,30,6.5,2.5,55.5,8,0.49,Medium,Low
E106280,Female,Service,No,47.9,6,85,4.8,3.9,81.5,1,0.29,Low,Medium
E106281,Female,Product,Yes,45.1,8,18,3.3,7.4,70.4,3,0.09,Low,Low
E106282,Female,Product,Yes,42.1,19,60,3.3,6.4,65.9,2,0.12,Low,Medium
E106283,Female,Service,Yes,39.4,17,36,8.8,2.2,75.4,5,0.69,High,Low
E106284,Male,Service,Yes,48.4,2,85,2.4,9.9,90.2,7,0.0,Low,High
E106285,Female,Product,No,48.3,12,27,2.1,9.4,70.6,10,0.01,Low,Medium
E106286,Female,Product,Yes,48.3,9,96,1.9,3.0,85.1,6,0.13,Low,High
E106287,Male,Product,Yes,47.1,16,56,1.7,8.9,79.4,11,0.02,Low,High
E106288,Female,Service,Yes,49.7,2,48,1.1,3.4,95.8,1,0.07,Low,Medium
E106289,Male,Service,No,52.0,8,27,2.4,6.1,72.2,4,0.09,Low,Medium
E106290,Male,Service,No,35.6,16,43,2.7,8.0,91.0,3,0.05,Low,Medium
E106291,Male,Service,Yes,33.3,15,61,3.4,4.1,92.1,11,0.2,Low,Medium
E106292,Female,Product,Yes,53.6,5,83,2.1,6.0,73.2,0,0.08,Low,High
E106293,Male,Product,No,38.3,17,25,1.8,5.1,74.4,10,0.09,Low,Medium
E106294,Female,Service,Yes,39.6,5,77,5.9,7.8,66.7,4,0.13,Low,Medium
E106295,Female,Service,Yes,43.6,5,65,7.5,5.3,74.8,4,0.35,Medium,Low
E106296,Male,Service,Yes,36.7,16,74,6.7,6.1,62.5,4,0.26,Low,Medium
E106297,Male,Product,Yes,43.1,9,61,6.0,8.6,92.9,2,0.08,Low,Medium
E106298,Female,Service,Yes,40.3,1,18,5.0,7.3,62.5,0,0.14,Low,Low
E106299,Male,Product,Yes,43.8,0,21,6.7,5.7,62.9,9,0.29,Low,Low
E106300,Female,Service,Yes,46.4,10,45,9.1,5.2,94.8,6,0.44,Medium,Low
E106301,Male,Product,No,43.3,5,95,6.6,2.1,76.6,8,0.52,Medium,Medium
E106302,Male,Service,Yes,43.0,0,88,1.5,1.5,55.3,9,0.13,Low,Medium
E106303,Female,Service,Yes,46.3,15,44,6.1,9.6,67.3,5,0.02,Low,Medium
E106304,Male,Product,Yes,50.2,8,43,5.7,2.7,85.3,10,0.42,Medium,Low
E106305,Male,Service,Yes,53.0,11,95,5.1,3.5,70.3,3,0.33,Medium,Medium
E106306,Male,Service,Yes,43.9,8,57,6.1,6.5,71.2,11,0.21,Low,Medium
E106307,Male,Service,No,54.1,12,99,7.1,8.5,74.9,4,0.11,Low,High
E106308,Male,Service,Yes,49.4,6,36,1.3,8.5,61.1,2,0.02,Low,Medium
E106309,Female,Service,Yes,38.8,0,62,5.3,8.5,71.2,3,0.08,Low,Medium
E106310,Male,Product,Yes,38.7,2,62,8.4,9.8,60.8,9,0.02,Low,Medium
E106311,Male,Product,Yes,42.1,2,71,5.8,1.5,67.5,2,0.49,Medium,Low
E106312,Female,Service,No,52.2,18,36,1.6,4.6,76.6,11,0.09,Low,Medium
E106313,Male,Service,Yes,42.5,3,41,8.0,9.2,84.7,9,0.06,Low,Medium
E106314,Male,Service,No,35.5,11,77,9.5,5.2,81.7,6,0.46,Medium,Low
E106315,Female,Service,No,43.9,3,18,8.7,8.8,78.8,3,0.1,Low,Low
E106316,Female,Service,Yes,35.1,9,95,4.3,1.2,79.8,9,0.38,Medium,Medium
E106317,Female,Product,Yes,39.7,3,17,5.8,5.5,75.5,5,0.26,Low,Low
E106318,Female,Service,Yes,42.1,10,95,6.3,9.3,80.7,7,0.04,Low,High
E106319,Male,Service,No,45.7,3,54,7.4,3.4,68.8,10,0.49,Medium,Low
E106320,Female,Product,Yes,50.1,10,97,7.0,9.4,95.0,11,0.04,Low,High
E106321,Male,Product,Yes,48.5,16,96,2.8,1.1,79.5,7,0.25,Low,Medium
E106322,Male,Product,Yes,39.1,19,42,8.6,1.7,96.8,11,0.71,High,Low
E106323,Male,Product,Yes,43.1,19,29,8.6,5.3,70.2,5,0.4,Medium,Low
E106324,Male,Product,No,45.4,12,65,4.6,2.0,69.7,8,0.37,Medium,Low
E106325,Male,Service,Yes,43.7,16,40,2.2,3.0,98.3,5,0.15,Low,Low
E106326,Female,Service,Yes,43.7,12,49,6.5,3.7,86.5,8,0.41,Medium,Low
E106327,Male,Service,Yes,36.4,16,94,4.2,5.3,75.9,5,0.2,Low,High
E106328,Male,Product,Yes,39.2,18,29,7.7,4.5,85.9,8,0.42,Medium,Low
E106329,Male,Product,Yes,43.0,19,19,3.8,9.3,69.8,7,0.03,Low,Medium
E106330,Male,Service,Yes,29.5,14,60,3.4,9.0,87.9,6,0.03,Low,High
E106331,Female,Product,Yes,48.2,3,38,8.8,7.7,60.5,7,0.2,Low,Low
E106332,Male,Product,Yes,38.1,17,16,6.5,6.9,97.5,3,0.2,Low,Low
E106333,Male,Product,Yes,48.4,10,73,1.8,2.8,73.0,6,0.13,Low,Medium
E106334,Male,Product,Yes,48.0,8,50,7.2,6.4,54.6,1,0.26,Low,Low
E106335,Female,Product,No,42.3,15,59,7.8,2.3,92.3,2,0.6,Medium,Low
E106336,Male,Service,No,50.0,2,90,3.1,5.1,94.7,2,0.15,Low,High
E106337,Male,Service,Yes,48.7,17,51,9.7,5.2,86.5,4,0.47,Medium,Low
E106338,Male,Service,Yes,43.5,16,71,4.4,7.2,81.5,3,0.12,Low,Medium
E106339,Male,Service,No,42.9,9,99,9.5,8.5,96.4,0,0.14,Low,Medium
E106340,Male,Service,Yes,50.5,4,26,3.6,3.9,81.1,10,0.22,Low,Low
E106341,Female,Product,No,46.2,14,49,6.5,1.4,89.6,6,0.56,Medium,Low
E106342,Female,Product,No,50.2,19,36,5.7,1.4,73.6,9,0.49,Medium,Low
E106343,Female,Product,Yes,33.1,17,86,9.9,8.9,86.4,1,0.11,Low,Medium
E106344,Male,Service,Yes,45.5,4,41,4.7,5.4,99.9,7,0.22,Low,Low
E106345,Male,Service,Yes,37.1,14,21,2.6,3.2,69.1,3,0.18,Low,Low
E106346,Male,Service,Yes,44.9,5,17,8.5,1.3,86.0,9,0.74,High,Low
E106347,Other,Service,No,48.6,7,18,1.4,5.8,57.4,4,0.06,Low,Medium
E106348,Female,Service,No,53.7,2,22,9.0,2.2,81.8,3,0.7,High,Low
E106349,Female,Service,Yes,40.3,4,59,2.0,4.8,66.1,3,0.1,Low,Medium
E106350,Male,Service,Yes,42.4,17,91,6.1,5.6,93.3,5,0.27,Low,Medium
E106351,Male,Product,Yes,44.5,14,87,7.4,3.1,68.0,4,0.51,Medium,Medium
E106352,Male,Service,Yes,40.1,11,34,4.0,2.8,72.3,5,0.29,Low,Low
E106353,Female,Product,Yes,49.9,18,98,8.6,1.2,99.0,1,0.76,High,Low
E106354,Female,Service,No,44.6,6,19,6.3,6.3,60.8,0,0.23,Low,Low
E106355,Female,Product,Yes,45.6,0,60,4.6,2.8,78.2,10,0.33,Medium,Low
E106356,Male,Service,Yes,48.1,1,83,3.9,8.9,93.2,11,0.04,Low,High
E106357,Male,Service,Yes,44.6,18,49,2.0,6.4,65.7,11,0.07,Low,Medium
E106358,Female,Service,Yes,40.9,12,79,6.8,6.0,50.8,2,0.27,Low,Medium
E106359,Female,Product,Yes,44.7,19,29,4.3,5.5,94.8,9,0.19,Low,Low
E106360,Male,Service,Yes,40.7,17,31,3.9,2.9,81.0,7,0.28,Low,Low
E106361,Male,Service,Yes,45.5,9,90,9.5,9.7,61.5,10,0.03,Low,Medium
E106362,Male,Product,No,50.0,12,60,3.5,9.7,63.8,0,0.01,Low,High
E106363,Male,Service,Yes,39.1,4,75,8.9,3.9,90.0,7,0.54,Medium,Low
E106364,Male,Service,Yes,37.3,12,57,9.8,8.0,82.1,1,0.2,Low,Low
E106365,Female,Service,No,45.2,8,93,8.4,2.1,86.6,11,0.66,High,Low
E106366,Male,Product,No,41.2,0,92,1.2,8.0,78.9,10,0.02,Low,High
E106367,Male,Service,Yes,45.2,5,36,8.8,3.6,89.5,10,0.56,Medium,Low
E106368,Male,Service,Yes,46.6,0,23,2.9,3.6,91.1,9,0.19,Low,Low
E106369,Female,Service,No,34.3,17,61,4.2,5.6,69.3,3,0.18,Low,Medium
E106370,Female,Service,Yes,48.4,15,99,9.9,4.5,95.0,10,0.54,Medium,Medium
E106371,Male,Product,Yes,39.2,7,17,4.6,2.1,75.3,10,0.36,Medium,Low
E106372,Female,Service,Yes,44.9,5,66,6.9,6.3,58.0,2,0.26,Low,Medium
E106373,Female,Service,Yes,41.7,12,45,3.8,2.9,60.9,0,0.27,Low,Low
E106374,Male,Service,Yes,42.2,16,27,4.3,5.0,86.7,7,0.22,Low,Low
E106375,Male,Service,Yes,53.5,12,16,6.4,3.1,68.9,0,0.44,Medium,Low
E106376,Female,Service,No,46.6,9,92,9.5,8.7,63.1,6,0.12,Low,Medium
E106377,Female,Service,No,49.5,5,21,3.5,4.0,80.2,2,0.21,Low,Low
E106378,Female,Service,No,45.8,17,43,3.2,9.0,89.1,2,0.03,Low,Medium
E106379,Female,Product,Yes,48.1,19,18,1.2,3.9,55.5,8,0.07,Low,Low
E106380,Female,Service,Yes,47.1,12,18,2.8,2.6,72.5,7,0.21,Low,Low
E106381,Male,Service,No,46.3,14,35,3.4,6.2,88.6,11,0.13,Low,Medium
E106382,Male,Service,Yes,50.5,5,59,1.6,6.0,95.2,9,0.06,Low,Medium
E106383,Male,Service,Yes,45.8,10,42,6.1,6.6,50.7,2,0.21,Low,Low
E106384,Male,Product,Yes,56.4,7,22,2.1,3.7,82.8,11,0.13,Low,Low
E106385,Female,Service,Yes,49.8,13,56,5.6,3.9,79.9,10,0.34,Medium,Low
E106386,Female,Service,Yes,39.3,12,31,2.7,3.1,75.9,8,0.19,Low,Low
E106387,Female,Product,Yes,44.1,1,23,9.4,9.4,58.0,5,0.06,Low,Low
E106388,Male,Service,No,47.0,0,75,3.8,7.1,87.1,2,0.11,Low,High
E106389,Female,Service,Yes,45.2,4,98,1.8,7.8,69.6,6,0.04,Low,High
E106390,Male,Service,No,48.4,10,83,8.5,2.7,61.7,3,0.62,High,Low
E106391,Male,Service,No,49.0,9,55,4.6,7.0,92.5,5,0.14,Low,Medium
E106392,Female,Product,Yes,38.2,11,43,8.4,7.9,65.4,1,0.18,Low,Low
E106393,Female,Service,No,51.4,9,90,3.8,4.1,59.9,8,0.22,Low,Medium
E106394,Other,Service,Yes,42.5,8,68,5.5,2.4,65.6,2,0.42,Medium,Low
E106395,Male,Service,Yes,42.0,1,46,5.0,7.3,59.1,9,0.14,Low,Medium
E106396,Male,Service,Yes,42.0,3,79,6.0,6.5,88.9,3,0.21,Low,Medium
E106397,Male,Product,Yes,49.0,3,57,4.6,6.2,59.1,8,0.17,Low,Medium
E106398,Male,Service,Yes,43.7,5,83,5.5,2.6,85.8,6,0.41,Medium,Medium
E106399,Female,Product,Yes,41.7,11,90,7.1,3.4,58.1,1,0.47,Medium,Medium
E106400,Female,Service,Yes,42.9,6,94,4.7,6.6,61.3,10,0.16,Low,High
E106401,Female,Product,Yes,36.0,18,30,7.2,6.5,67.1,0,0.25,Low,Low
E106402,Male,Service,Yes,40.8,1,35,7.4,6.0,97.5,6,0.3,Low,Low
E106403,Female,Service,Yes,38.8,18,47,7.7,7.9,95.7,1,0.16,Low,Low
E106404,Male,Product,Yes,43.7,3,40,5.2,8.3,54.3,11,0.09,Low,Medium
E106405,Female,Product,No,48.3,2,17,1.0,3.5,66.8,11,0.06,Low,Low
E106406,Male,Service,Yes,47.8,3,37,7.8,2.4,67.3,5,0.59,Medium,Low
E106407,Male,Service,No,51.3,13,68,9.2,2.8,60.6,5,0.66,High,Low
E106408,Male,Service,Yes,50.2,5,98,6.9,3.5,71.8,10,0.45,Medium,Medium
E106409,Female,Product,Yes,42.4,5,61,5.7,9.5,87.4,4,0.03,Low,Medium
E106410,Male,Service,Yes,45.1,8,50,6.0,2.2,55.0,1,0.47,Medium,Low
E106411,Male,Product,Yes,44.8,4,49,6.8,8.9,83.6,8,0.07,Low,Medium
E106412,Female,Product,No,34.2,6,57,10.0,2.8,63.0,0,0.72,High,Low
E106413,Male,Product,Yes,38.9,12,47,1.6,4.1,82.1,9,0.09,Low,Medium
E106414,Male,Service,Yes,44.2,0,19,1.2,2.1,84.1,0,0.09,Low,Low
E106415,Male,Service,Yes,44.1,1,18,9.7,1.9,86.4,1,0.79,High,Low
E106416,Male,Product,Yes,47.6,19,72,5.0,1.9,93.1,7,0.4,Medium,Low
E106417,Female,Product,No,47.3,9,66,6.5,4.1,95.0,4,0.38,Medium,Low
E106418,Female,Product,Yes,36.1,5,86,7.8,5.7,88.0,2,0.34,Medium,Medium
E106419,Male,Service,No,47.6,3,89,7.7,2.8,74.1,11,0.55,Medium,Medium
E106420,Other,Product,Yes,45.9,7,64,6.8,9.4,52.2,3,0.04,Low,Medium
E106421,Male,Service,Yes,48.1,13,41,5.2,6.3,96.9,3,0.19,Low,Low
E106422,Male,Service,Yes,50.3,15,24,6.2,9.0,80.1,8,0.06,Low,Low
E106423,Male,Product,Yes,44.3,14,76,7.6,2.3,76.7,4,0.59,Medium,Low
E106424,Male,Service,No,51.2,12,34,8.7,2.3,62.0,3,0.67,High,Low
E106425,Male,Product,Yes,40.6,11,46,2.1,8.6,84.2,6,0.03,Low,Medium
E106426,Female,Service,Yes,40.3,6,62,3.5,6.1,99.7,5,0.14,Low,Medium
E106427,Female,Service,No,47.1,14,63,4.6,9.4,66.5,1,0.03,Low,Medium
E106428,Male,Service,Yes,43.2,5,96,7.0,2.3,90.0,11,0.54,Medium,Medium
E106429,Female,Service,Yes,46.3,13,40,4.6,1.2,64.6,3,0.4,Medium,Low
E106430,Female,Service,Yes,55.0,14,49,3.1,9.2,74.4,2,0.02,Low,Medium
E106431,Female,Product,Yes,47.0,10,42,1.3,7.3,60.7,11,0.04,Low,Medium
E106432,Female,Product,Yes,46.1,3,79,8.6,8.3,75.6,8,0.15,Low,Medium
E106433,Male,Service,Yes,40.7,4,40,4.8,3.7,73.0,5,0.3,Low,Low
E106434,Female,Service,No,36.5,1,72,4.0,1.0,51.9,1,0.36,Medium,Medium
E106435,Female,Product,Yes,44.6,19,20,5.8,5.3,69.1,4,0.27,Low,Low
E106436,Female,Product,No,50.3,14,64,2.1,9.9,53.1,5,0.0,Low,High
E106437,Male,Product,Yes,43.4,9,63,4.6,9.2,72.5,0,0.04,Low,Medium
E106438,Male,Product,Yes,47.0,3,72,7.8,1.6,99.0,9,0.66,High,Low
E106439,Male,Service,No,52.1,7,60,7.6,2.7,64.6,5,0.55,Medium,Low
E106440,Male,Service,No,52.0,10,95,7.9,3.8,75.8,2,0.49,Medium,Medium
E106441,Male,Service,Yes,47.1,16,35,5.2,8.5,56.5,7,0.08,Low,Medium
E106442,Female,Service,Yes,45.9,6,39,4.3,8.4,57.7,11,0.07,Low,Medium
E106443,Male,Product,No,37.4,10,77,8.5,2.7,67.8,4,0.62,High,Low
E106444,Female,Service,No,41.8,9,97,2.6,5.8,74.5,5,0.11,Low,High
E106445,Male,Product,No,43.6,0,80,7.5,5.5,85.1,3,0.34,Medium,Medium
E106446,Female,Product,Yes,40.7,7,49,9.0,4.7,72.8,0,0.48,Medium,Low
E106447,Male,Product,Yes,46.2,4,94,3.6,5.8,51.2,3,0.15,Low,High
E106448,Male,Product,Yes,54.6,12,94,2.8,3.6,63.5,9,0.18,Low,High
E106449,Female,Service,No,52.6,6,47,5.6,5.8,51.2,3,0.24,Low,Low
E106450,Female,Product,Yes,46.2,10,64,2.9,7.2,95.9,3,0.08,Low,Medium
E106451,Other,Service,Yes,48.9,11,38,8.8,1.6,51.5,2,0.74,High,Low
E106452,Male,Service,No,41.4,13,37,3.2,9.7,52.5,11,0.01,Low,Medium
E106453,Male,Product,Yes,52.3,11,95,3.8,2.5,64.9,2,0.29,Low,Medium
E106454,Female,Service,No,37.2,0,51,9.0,4.2,81.6,0,0.52,Medium,Low
E106455,Male,Product,Yes,49.6,5,77,2.9,5.2,67.9,7,0.14,Low,Medium
E106456,Female,Product,Yes,47.5,10,70,9.0,1.4,53.1,6,0.77,High,Low
E106457,Male,Product,Yes,41.2,10,77,2.9,5.9,91.8,10,0.12,Low,High
E106458,Male,Service,Yes,44.0,11,33,9.2,8.8,85.0,2,0.11,Low,Low
E106459,Male,Product,Yes,39.3,0,35,3.9,9.1,69.8,6,0.04,Low,Medium
E106460,Male,Service,Yes,39.5,19,53,3.2,3.9,83.8,8,0.2,Low,Medium
E106461,Female,Product,Yes,37.0,19,97,5.3,6.0,63.7,10,0.21,Low,High
E106462,Female,Service,No,48.8,5,86,4.3,8.0,76.4,6,0.09,Low,High
E106463,Male,Product,Yes,51.0,12,40,2.8,3.3,94.0,3,0.19,Low,Low
E106464,Female,Service,Yes,34.2,11,65,4.0,5.8,55.4,0,0.17,Low,Medium
E106465,Male,Service,Yes,54.2,9,74,7.4,4.3,92.3,8,0.42,Medium,Medium
E106466,Male,Service,Yes,44.9,6,96,8.5,4.4,89.4,7,0.48,Medium,Medium
E106467,Male,Service,No,46.4,9,92,8.4,1.8,97.5,2,0.69,High,Low
E106468,Female,Product,Yes,37.6,17,96,7.8,4.7,75.7,10,0.41,Medium,Medium
E106469,Female,Service,Yes,51.6,5,20,1.0,2.4,63.7,9,0.08,Low,Low
E106470,Female,Service,No,46.0,7,21,4.8,3.7,67.7,8,0.3,Low,Low
E106471,Female,Service,Yes,50.7,19,74,2.5,4.0,82.0,4,0.15,Low,Medium
E106472,Female,Service,Yes,51.1,8,75,1.7,4.9,57.0,3,0.09,Low,Medium
E106473,Female,Service,No,51.7,15,19,7.6,9.3,67.6,5,0.05,Low,Low
E106474,Female,Product,No,41.8,1,22,8.1,6.7,86.3,10,0.27,Low,Low
E106475,Female,Service,Yes,44.0,10,47,8.3,9.8,78.7,6,0.02,Low,Medium
E106476,Male,Service,Yes,41.9,18,71,9.0,6.3,53.1,5,0.33,Medium,Medium
E106477,Male,Service,No,49.5,3,26,6.3,8.2,74.8,8,0.11,Low,Low
E106478,Male,Service,Yes,46.7,2,51,10.0,8.5,76.2,0,0.15,Low,Low
E106479,Male,Service,No,50.3,14,29,5.4,7.7,85.0,3,0.12,Low,Low
E106480,Female,Service,No,50.6,7,31,9.0,7.0,50.5,0,0.27,Low,Low
E106481,Male,Product,Yes,36.4,3,51,2.0,4.8,71.4,9,0.1,Low,Medium
E106482,Female,Service,Yes,51.8,10,65,2.3,6.1,94.3,6,0.09,Low,Medium
E106483,Male,Service,Yes,49.8,16,43,6.3,2.7,51.3,3,0.46,Medium,Low
E106484,Male,Service,Yes,43.2,8,17,2.1,6.6,83.6,0,0.07,Low,Medium
E106485,Male,Product,Yes,46.7,0,89,1.7,5.6,61.2,0,0.07,Low,High
E106486,Female,Product,No,44.4,7,40,2.8,8.2,69.4,7,0.05,Low,Medium
E106487,Male,Service,Yes,48.1,1,59,8.1,9.1,94.2,10,0.07,Low,Medium
E106488,Male,Product,Yes,43.1,12,20,9.3,2.2,68.1,3,0.73,High,Low
E106489,Female,Service,No,47.4,0,68,4.0,7.2,77.3,9,0.11,Low,Medium
E106490,Female,Service,Yes,45.3,9,33,9.8,9.6,54.5,2,0.04,Low,Low
E106491,Male,Service,Yes,42.8,11,27,8.3,9.3,66.2,8,0.06,Low,Low
E106492,Male,Service,Yes,46.0,10,71,3.0,8.5,57.1,1,0.05,Low,High
E106493,Male,Service,Yes,58.5,9,87,6.3,1.4,78.1,11,0.54,Medium,Medium
E106494,Female,Service,No,41.6,13,97,9.8,3.3,73.0,4,0.66,High,Low
E106495,Male,Service,Yes,43.8,13,99,8.6,2.3,63.2,1,0.66,High,Medium
E106496,Male,Service,Yes,41.7,7,71,4.3,9.3,100.0,2,0.03,Low,High
E106497,Male,Service,Yes,42.2,10,60,3.8,7.7,57.7,4,0.09,Low,Medium
E106498,Male,Service,No,49.1,8,26,8.4,5.8,91.3,1,0.35,Medium,Low
E106499,Female,Product,No,48.6,14,43,5.9,9.8,51.8,6,0.01,Low,Medium
E106500,Male,Service,Yes,45.0,0,79,2.5,2.8,92.3,1,0.18,Low,Medium
E106501,Male,Product,No,50.1,18,63,4.0,6.8,73.8,10,0.13,Low,Medium
E106502,Male,Product,Yes,49.0,17,18,7.0,6.5,91.4,9,0.24,Low,Low
E106503,Male,Service,Yes,44.2,11,91,2.4,4.1,87.4,11,0.14,Low,High
E106504,Male,Service,No,37.3,7,42,7.3,5.4,78.6,4,0.34,Medium,Low
E106505,Female,Service,Yes,49.1,4,64,7.4,3.1,68.6,4,0.51,Medium,Low
E106506,Female,Service,Yes,45.8,12,26,3.4,7.1,83.3,2,0.1,Low,Medium
E106507,Female,Service,Yes,45.1,16,97,4.6,4.8,91.6,1,0.24,Low,Medium
E106508,Female,Service,Yes,42.7,0,32,9.4,1.2,75.2,7,0.83,High,Low
E106509,Female,Service,Yes,48.7,1,20,7.7,9.6,70.7,5,0.03,Low,Low
E106510,Male,Product,Yes,46.7,6,82,8.1,5.5,57.1,9,0.36,Medium,Medium
E106511,Female,Service,Yes,43.8,1,90,5.6,7.4,94.8,4,0.15,Low,High
E106512,Female,Product,Yes,38.9,3,37,2.9,2.8,63.4,2,0.21,Low,Low
E106513,Female,Service,Yes,50.3,12,42,6.3,2.1,56.2,9,0.5,Medium,Low
E106514,Male,Product,Yes,48.0,13,89,7.9,9.1,53.3,0,0.07,Low,Medium
E106515,Male,Service,No,46.3,19,54,1.0,6.3,87.5,9,0.04,Low,Medium
E106516,Female,Service,Yes,31.7,2,62,2.0,5.4,83.7,10,0.09,Low,Medium
E106517,Female,Product,No,44.8,8,48,5.3,5.7,56.0,4,0.23,Low,Medium
E106518,Other,Product,No,43.8,17,99,4.9,3.1,76.5,0,0.34,Medium,Medium
E106519,Male,Service,Yes,41.9,15,76,9.8,9.2,57.6,0,0.08,Low,Medium
E106520,Male,Service,Yes,48.8,18,72,1.8,2.9,69.2,2,0.13,Low,Medium
E106521,Male,Product,Yes,48.6,19,48,3.9,2.4,89.1,1,0.3,Low,Low
E106522,Female,Product,Yes,47.2,8,71,8.3,9.4,61.4,4,0.05,Low,Medium
E106523,Male,Service,Yes,50.2,18,43,6.5,3.3,51.4,11,0.44,Medium,Low
E106524,Male,Service,Yes,39.9,5,91,6.1,8.8,59.7,11,0.07,Low,High
E106525,Other,Product,Yes,42.7,11,66,7.7,8.0,70.0,11,0.15,Low,Medium
E106526,Male,Service,No,45.4,14,97,1.4,4.4,62.1,4,0.08,Low,High
E106527,Female,Product,No,41.9,5,22,9.5,3.3,86.1,6,0.64,High,Low
E106528,Male,Service,Yes,48.6,4,30,2.7,7.8,89.5,4,0.06,Low,Medium
E106529,Female,Product,Yes,42.4,13,44,1.7,6.4,62.0,6,0.06,Low,Medium
E106530,Female,Product,Yes,51.5,18,98,4.1,3.3,63.4,7,0.27,Low,Medium
E106531,Female,Product,Yes,40.3,17,95,7.3,9.0,78.0,11,0.07,Low,High
E106532,Female,Service,No,55.7,12,40,3.1,7.5,87.6,0,0.08,Low,Medium
E106533,Male,Service,No,55.1,8,71,1.4,9.2,98.0,3,0.01,Low,High
E106534,Male,Service,Yes,44.5,19,53,1.5,4.9,65.0,0,0.08,Low,Medium
E106535,Male,Product,Yes,50.7,6,47,3.3,2.2,95.6,10,0.26,Low,Low
E106536,Female,Product,Yes,43.0,11,92,2.2,9.3,59.1,11,0.02,Low,High
E106537,Female,Service,No,50.1,8,45,4.4,6.4,52.1,5,0.16,Low,Medium
E106538,Male,Product,Yes,44.1,1,94,2.6,6.5,89.6,3,0.09,Low,High
E106539,Female,Product,Yes,38.6,2,35,4.1,6.3,73.9,8,0.15,Low,Medium
E106540,Male,Service,No,27.3,4,64,5.0,5.3,53.8,0,0.24,Low,Medium
E106541,Female,Service,No,43.7,17,97,7.7,3.3,53.6,6,0.52,Medium,Medium
E106542,Female,Product,No,46.4,13,20,3.0,6.5,50.7,7,0.1,Low,Low
E106543,Male,Service,Yes,51.7,18,74,5.3,7.5,65.3,0,0.13,Low,Medium
E106544,Male,Product,Yes,45.2,4,87,8.3,9.2,86.8,10,0.07,Low,Medium
E106545,Male,Service,Yes,50.0,9,27,9.9,1.6,83.3,3,0.83,High,Low
E106546,Female,Product,No,42.7,15,72,6.0,3.3,100.0,0,0.4,Medium,Medium
E106547,Male,Service,No,43.3,19,58,4.9,8.0,79.7,5,0.1,Low,Medium
E106548,Male,Service,No,50.3,0,93,6.7,8.0,55.5,10,0.13,Low,High
E106549,Male,Service,Yes,32.7,3,46,5.4,2.9,98.9,2,0.38,Medium,Low
E106550,Male,Service,No,45.1,4,73,2.5,2.7,84.6,4,0.18,Low,Medium
E106551,Male,Service,Yes,43.0,10,95,5.1,4.3,68.7,0,0.29,Low,Medium
E106552,Female,Service,Yes,51.8,13,59,9.8,1.6,62.3,0,0.82,High,Low
E106553,Male,Product,Yes,42.4,10,69,6.8,7.6,61.1,6,0.16,Low,Medium
E106554,Female,Product,Yes,47.6,7,63,3.6,7.0,97.8,5,0.11,Low,Medium
E106555,Female,Service,Yes,49.6,0,75,9.5,8.7,71.0,8,0.12,Low,Medium
E106556,Male,Product,No,37.5,6,54,4.5,4.9,74.3,4,0.23,Low,Medium
E106557,Male,Service,No,44.3,12,96,4.5,6.7,91.8,0,0.15,Low,High
E106558,Female,Product,Yes,42.8,19,48,6.5,9.6,98.2,7,0.03,Low,Medium
E106559,Female,Product,Yes,49.7,5,26,6.1,9.6,50.2,0,0.02,Low,Medium
E106560,Male,Service,Yes,48.4,3,29,3.6,1.6,99.5,10,0.3,Low,Low
E106561,Male,Product,Yes,43.8,11,23,5.2,1.0,53.8,0,0.47,Medium,Low
E106562,Male,Product,Yes,39.8,4,34,4.0,9.6,91.8,11,0.02,Low,Medium
E106563,Female,Service,No,50.2,4,63,7.6,5.8,97.5,9,0.32,Medium,Medium
E106564,Male,Product,Yes,44.7,16,28,2.1,7.3,78.1,8,0.06,Low,Medium
E106565,Male,Product,No,36.9,5,19,7.8,9.2,77.6,10,0.06,Low,Low
E106566,Female,Service,No,37.3,9,62,2.5,4.9,83.5,6,0.13,Low,Medium
E106567,Female,Product,Yes,47.2,15,71,3.8,5.0,67.6,4,0.19,Low,Medium
E106568,Male,Product,Yes,38.6,13,74,4.0,2.5,58.3,4,0.3,Low,Medium
E106569,Male,Service,No,54.3,9,86,9.9,9.2,53.3,9,0.08,Low,Medium
E106570,Female,Service,Yes,40.3,16,95,6.3,6.8,94.1,7,0.2,Low,Medium
E106571,Male,Service,No,45.0,4,57,8.0,2.6,77.4,2,0.59,Medium,Low
E106572,Male,Product,No,45.8,1,96,6.0,6.0,84.7,0,0.24,Low,Medium
E106573,Female,Product,Yes,41.4,3,78,9.8,4.0,66.6,4,0.59,Medium,Low
E106574,Male,Service,No,33.8,17,16,2.6,2.3,90.4,4,0.2,Low,Low
E106575,Female,Product,Yes,46.0,7,15,6.4,2.6,67.5,11,0.47,Medium,Low
E106576,Female,Product,No,41.2,13,78,8.2,6.0,51.5,6,0.33,Medium,Medium
E106577,Male,Product,Yes,45.6,12,86,6.7,6.1,66.8,9,0.26,Low,Medium
E106578,Male,Service,No,44.4,6,99,9.1,8.1,92.5,11,0.17,Low,Medium
E106579,Female,Service,Yes,46.3,8,38,6.4,3.2,93.8,7,0.44,Medium,Low
E106580,Female,Product,No,52.8,3,16,8.4,9.2,96.7,6,0.07,Low,Low
E106581,Female,Service,Yes,42.3,4,73,2.6,5.7,75.0,6,0.11,Low,Medium
E106582,Female,Product,Yes,42.7,14,48,3.4,2.8,97.8,8,0.24,Low,Low
E106583,Male,Product,Yes,36.7,8,70,5.0,4.7,75.0,0,0.26,Low,Medium
E106584,Female,Service,No,44.0,17,90,8.7,9.3,57.7,11,0.06,Low,Medium
E106585,Male,Product,Yes,47.0,13,19,4.8,5.3,75.1,7,0.23,Low,Low
E106586,Male,Service,Yes,42.6,14,69,6.6,8.9,93.4,8,0.07,Low,Medium
E106587,Male,Service,No,47.1,0,50,4.6,2.4,89.3,1,0.35,Medium,Low
E106588,Male,Service,No,44.1,18,86,8.3,9.2,71.7,3,0.07,Low,Medium
E106589,Female,Service,Yes,38.5,0,69,2.8,4.9,60.6,7,0.14,Low,Medium
E106590,Male,Service,No,46.6,5,24,6.3,9.4,79.1,7,0.04,Low,Low
E106591,Male,Product,Yes,44.0,7,99,6.2,8.8,96.6,2,0.07,Low,High
E106592,Male,Product,No,45.6,3,60,4.6,6.9,58.9,0,0.14,Low,Medium
E106593,Female,Service,No,42.2,15,66,7.3,7.1,91.4,6,0.21,Low,Medium
E106594,Female,Product,Yes,41.7,10,76,1.3,2.9,57.4,0,0.09,Low,Medium
E106595,Male,Service,Yes,45.8,3,18,8.6,6.4,96.0,6,0.31,Medium,Low
E106596,Male,Service,Yes,43.8,10,70,4.1,5.9,84.7,7,0.17,Low,Medium
E106597,Male,Product,Yes,53.6,9,25,8.1,4.0,55.5,2,0.49,Medium,Low
E106598,Female,Product,No,49.0,16,64,3.7,5.6,60.1,9,0.16,Low,Medium
E106599,Female,Product,Yes,47.7,8,75,2.7,9.4,96.3,11,0.02,Low,High
E106600,Male,Service,No,44.1,9,37,4.5,1.0,75.4,11,0.4,Medium,Low
E106601,Female,Product,Yes,34.9,7,44,8.2,4.8,72.7,1,0.43,Medium,Low
E106602,Male,Product,No,41.0,13,39,7.3,4.0,52.9,3,0.44,Medium,Low
E106603,Female,Product,No,41.8,12,44,4.6,9.7,54.2,0,0.01,Low,Medium
E106604,Male,Service,No,43.6,2,53,9.4,9.8,84.6,1,0.02,Low,Medium
E106605,Male,Service,Yes,44.8,13,94,4.7,6.3,88.8,8,0.17,Low,High
E106606,Male,Product,Yes,48.3,13,88,4.2,6.0,93.4,7,0.17,Low,High
E106607,Male,Product,Yes,46.4,2,25,2.3,9.1,75.1,8,0.02,Low,Medium
E106608,Female,Service,Yes,50.8,15,87,1.6,1.1,66.4,0,0.14,Low,Medium
E106609,Male,Service,Yes,43.4,9,50,4.1,6.1,81.3,10,0.16,Low,Medium
E106610,Female,Service,No,46.3,3,97,1.8,1.2,80.9,9,0.16,Low,Medium
E106611,Female,Service,Yes,46.7,19,66,5.2,9.7,51.7,5,0.02,Low,High
E106612,Male,Service,Yes,46.2,17,19,8.7,3.9,96.9,0,0.53,Medium,Low
E106613,Male,Service,Yes,51.4,3,90,5.3,5.7,82.1,6,0.23,Low,Medium
E106614,Male,Service,Yes,49.0,1,88,5.3,4.8,50.3,9,0.28,Low,Medium
E106615,Female,Service,Yes,38.4,10,28,3.3,9.0,98.0,4,0.03,Low,Medium
E106616,Male,Service,No,44.4,14,34,2.5,10.0,97.6,7,0.0,Low,Medium
E106617,Male,Service,Yes,44.9,10,34,3.0,1.6,97.3,5,0.25,Low,Low
E106618,Male,Service,No,55.8,5,58,6.1,7.6,94.4,0,0.15,Low,Medium
E106619,Female,Product,Yes,43.4,17,39,6.3,4.3,59.2,11,0.36,Medium,Low
E106620,Male,Service,No,40.1,17,55,3.0,2.3,98.9,11,0.23,Low,Medium
E106621,Male,Product,Yes,47.2,0,83,4.6,4.6,88.1,6,0.25,Low,Medium
E106622,Male,Service,No,47.5,12,16,6.1,10.0,82.0,5,0.0,Low,Low
E106623,Male,Product,Yes,44.6,0,26,7.8,4.2,97.1,2,0.45,Medium,Low
E106624,Female,Service,Yes,43.9,12,42,3.9,3.5,69.1,7,0.25,Low,Low
E106625,Male,Service,Yes,49.7,4,58,3.4,8.6,96.6,2,0.05,Low,Medium
E106626,Female,Service,No,40.7,16,27,7.6,8.8,80.3,7,0.09,Low,Low
E106627,Female,Product,No,43.3,15,99,5.6,4.0,79.0,4,0.34,Medium,Medium
E106628,Female,Service,Yes,42.4,17,57,8.7,3.7,82.3,9,0.55,Medium,Low
E106629,Female,Service,Yes,50.5,9,69,2.9,6.8,87.7,2,0.09,Low,Medium
E106630,Male,Service,Yes,46.4,16,22,7.9,2.8,72.2,7,0.57,Medium,Low
E106631,Male,Product,Yes,39.7,6,78,2.5,5.4,99.0,1,0.12,Low,High
E106632,Female,Service,Yes,40.2,14,26,6.3,2.3,54.4,11,0.49,Medium,Low
E106633,Male,Service,Yes,54.4,18,55,3.6,3.7,95.7,10,0.23,Low,Medium
E106634,Female,Service,No,50.4,8,58,1.9,3.7,82.9,9,0.12,Low,Medium
E106635,Male,Service,No,49.2,4,25,6.6,7.3,95.5,0,0.18,Low,Low
E106636,Female,Product,Yes,45.1,9,33,5.6,3.5,68.4,7,0.36,Medium,Low
E106637,Female,Service,Yes,52.5,12,74,5.4,9.1,91.4,7,0.05,Low,High
E106638,Male,Service,Yes,39.5,0,86,6.3,9.8,80.8,3,0.01,Low,High
E106639,Male,Product,Yes,48.8,5,41,4.4,1.7,91.6,6,0.37,Medium,Low
E106640,Female,Product,Yes,42.8,2,85,7.0,4.6,66.3,2,0.38,Medium,Medium
E106641,Female,Service,Yes,43.8,16,99,2.2,3.7,95.9,8,0.14,Low,High
E106642,Male,Product,No,48.6,11,41,7.4,4.2,96.2,0,0.43,Medium,Low
E106643,Female,Service,No,44.3,10,28,6.2,3.4,73.7,7,0.41,Medium,Low
E106644,Male,Service,Yes,42.8,7,38,5.4,4.4,70.0,6,0.3,Low,Low
E106645,Male,Product,Yes,42.5,11,78,2.1,2.3,78.8,7,0.16,Low,Medium
E106646,Female,Product,No,35.1,10,38,3.5,3.5,60.0,4,0.23,Low,Low
E106647,Female,Service,No,48.8,4,16,3.7,7.7,74.8,11,0.09,Low,Low
E106648,Female,Service,Yes,40.0,7,66,3.1,4.1,94.8,7,0.18,Low,Medium
E106649,Female,Service,No,54.3,11,26,9.6,2.9,68.3,6,0.68,High,Low
E106650,Male,Service,Yes,43.6,5,79,9.2,2.0,86.8,6,0.74,High,Low
E106651,Female,Service,Yes,51.5,8,74,5.9,4.1,81.2,4,0.35,Medium,Medium
E106652,Male,Service,Yes,36.0,16,72,2.9,6.8,63.1,6,0.09,Low,High
E106653,Male,Product,No,48.7,1,99,9.2,3.3,76.6,10,0.62,High,Medium
E106654,Male,Product,Yes,49.9,0,56,7.7,4.8,92.6,9,0.4,Medium,Low
E106655,Male,Service,Yes,51.5,17,15,1.3,9.6,77.7,0,0.01,Low,Medium
E106656,Male,Service,No,37.4,2,36,5.4,6.0,84.8,7,0.22,Low,Low
E106657,Male,Service,No,41.5,13,86,6.4,5.8,88.8,8,0.27,Low,Medium
E106658,Male,Service,No,47.9,12,27,1.6,4.7,52.5,9,0.08,Low,Medium
E106659,Male,Service,Yes,45.7,1,92,1.4,6.0,52.6,3,0.06,Low,High
E106660,Female,Product,No,46.5,3,79,5.2,9.9,55.7,4,0.01,Low,High
E106661,Male,Service,Yes,43.2,14,52,1.0,3.3,58.2,6,0.07,Low,Medium
E106662,Male,Product,Yes,52.8,4,78,1.4,9.5,90.6,5,0.01,Low,High
E106663,Female,Product,Yes,58.0,9,90,2.5,2.3,71.8,5,0.19,Low,Medium
E106664,Female,Service,Yes,45.5,8,66,9.2,2.0,59.3,10,0.74,High,Low
E106665,Female,Service,Yes,47.3,17,94,7.9,6.9,76.6,6,0.24,Low,Medium
E106666,Male,Product,No,45.3,2,98,5.1,3.3,88.2,8,0.34,Medium,Medium
E106667,Female,Product,Yes,51.4,13,46,5.3,5.0,57.0,1,0.26,Low,Low
E106668,Male,Product,Yes,49.1,9,41,7.2,7.6,67.2,4,0.17,Low,Low
E106669,Male,Service,Yes,39.7,16,75,5.3,5.8,59.7,6,0.22,Low,Medium
E106670,Male,Service,Yes,41.9,14,76,1.6,1.1,82.3,0,0.14,Low,Medium
E106671,Female,Service,Yes,40.0,17,17,7.6,3.8,56.8,6,0.47,Medium,Low
E106672,Male,Product,No,58.5,16,95,1.5,1.6,89.1,8,0.13,Low,Medium
E106673,Male,Product,No,48.2,2,92,5.4,9.3,60.4,8,0.04,Low,High
E106674,Male,Product,No,42.0,15,98,8.8,8.2,52.9,6,0.16,Low,Medium
E106675,Female,Service,Yes,41.6,18,45,2.1,9.9,95.5,11,0.0,Low,High
E106676,Female,Product,Yes,49.0,12,78,7.4,9.0,66.7,9,0.07,Low,Medium
E106677,Male,Service,Yes,49.5,16,56,1.4,5.3,75.1,5,0.07,Low,Medium
E106678,Female,Service,No,49.0,15,72,9.9,8.9,55.0,9,0.11,Low,Medium
E106679,Male,Service,Yes,42.9,8,57,7.1,7.1,74.0,0,0.21,Low,Medium
E106680,Female,Product,Yes,46.5,11,46,9.7,5.7,61.1,5,0.42,Medium,Low
E106681,Male,Product,Yes,45.6,2,44,7.0,4.3,92.0,3,0.4,Medium,Low
E106682,Female,Service,Yes,40.3,8,97,3.2,7.1,85.7,3,0.09,Low,High
E106683,Male,Product,Yes,40.4,15,75,9.3,6.3,83.2,1,0.34,Medium,Medium
E106684,Female,Service,Yes,47.1,4,42,6.6,6.5,89.1,7,0.23,Low,Low
E106685,Male,Service,No,46.0,18,59,6.2,4.6,64.7,8,0.33,Medium,Low
E106686,Male,Service,No,47.8,12,24,4.9,7.7,72.7,0,0.11,Low,Low
E106687,Male,Service,Yes,49.0,1,30,3.6,1.7,54.3,11,0.3,Low,Low
E106688,Male,Service,Yes,52.5,18,45,5.8,7.5,53.4,6,0.14,Low,Medium
E106689,Male,Service,No,41.1,17,24,4.3,7.6,66.5,6,0.1,Low,Low
E106690,Female,Product,Yes,48.2,11,88,8.7,5.6,91.1,10,0.38,Medium,Medium
E106691,Male,Service,Yes,48.7,17,26,1.3,3.4,79.9,11,0.09,Low,Low
E106692,Female,Product,No,43.4,4,42,5.8,5.7,71.2,6,0.25,Low,Low
E106693,Female,Service,Yes,45.6,19,32,8.5,2.1,98.3,3,0.67,High,Low
E106694,Female,Product,Yes,43.6,19,66,1.2,3.6,72.1,11,0.08,Low,Medium
E106695,Female,Product,Yes,55.5,7,42,3.5,4.8,73.4,5,0.18,Low,Medium
E106696,Female,Product,Yes,45.5,15,42,1.5,7.1,99.6,11,0.04,Low,Medium
E106697,Male,Service,Yes,47.3,1,78,6.4,2.7,56.6,10,0.47,Medium,Medium
E106698,Female,Product,Yes,43.7,12,28,3.9,2.4,62.8,9,0.3,Low,Low
E106699,Male,Service,Yes,42.6,0,22,9.6,6.5,72.7,8,0.34,Medium,Low
E106700,Female,Product,Yes,38.5,4,17,6.5,7.1,78.6,11,0.19,Low,Low
E106701,Female,Service,Yes,50.5,11,88,6.1,1.8,57.4,8,0.5,Medium,Medium
E106702,Male,Service,Yes,48.8,3,23,9.3,1.3,66.4,3,0.81,High,Low
E106703,Male,Service,Yes,43.5,4,61,3.0,2.3,61.0,1,0.23,Low,Medium
E106704,Male,Product,Yes,40.5,10,77,6.1,9.1,92.5,1,0.05,Low,High
E106705,Female,Service,Yes,45.9,9,54,5.9,7.1,91.7,1,0.17,Low,Medium
E106706,Female,Product,Yes,42.5,7,91,1.7,9.3,62.0,11,0.01,Low,High
E106707,Male,Product,Yes,43.9,8,38,9.4,7.0,71.7,0,0.28,Low,Low
E106708,Female,Product,Yes,38.7,6,85,7.3,9.7,82.6,9,0.02,Low,High
E106709,Female,Service,Yes,46.1,13,27,9.0,5.0,52.4,6,0.45,Medium,Low
E106710,Male,Product,Yes,46.2,10,20,9.8,6.4,94.2,5,0.35,Medium,Low
E106711,Male,Service,No,50.5,17,88,5.3,6.4,75.6,4,0.19,Low,Medium
E106712,Female,Service,Yes,44.2,17,65,8.2,1.0,61.3,2,0.74,High,Low
E106713,Female,Product,Yes,43.3,7,74,6.2,1.2,69.8,10,0.55,Medium,Low
E106714,Female,Product,Yes,37.2,1,89,9.8,2.3,95.1,10,0.75,High,Low
E106715,Male,Product,No,50.5,6,43,3.2,5.6,51.2,10,0.14,Low,Medium
E106716,Male,Service,Yes,49.5,4,30,1.1,4.9,57.1,2,0.06,Low,Medium
E106717,Male,Service,Yes,45.1,13,98,2.7,5.9,59.6,10,0.11,Low,High
E106718,Male,Service,Yes,38.4,13,78,2.2,8.2,53.0,11,0.04,Low,High
E106719,Male,Service,Yes,38.9,2,99,4.9,8.4,61.3,0,0.08,Low,High
E106720,Female,Service,No,42.3,5,69,1.7,9.8,90.9,0,0.0,Low,High
E106721,Male,Service,No,49.8,16,43,3.0,6.0,76.4,9,0.12,Low,Medium
E106722,Female,Product,Yes,46.5,7,92,1.9,4.1,80.3,7,0.11,Low,High
E106723,Male,Product,Yes,37.5,19,69,5.4,3.8,57.8,5,0.33,Medium,Medium
E106724,Female,Product,No,47.0,2,74,3.4,4.1,63.9,4,0.2,Low,Medium
E106725,Male,Product,Yes,40.8,14,55,5.2,3.9,95.9,3,0.32,Medium,Low
E106726,Male,Service,Yes,42.4,4,94,1.8,4.5,60.5,7,0.1,Low,High
E106727,Male,Service,No,49.9,18,23,5.7,1.7,95.3,9,0.47,Medium,Low
E106728,Female,Product,Yes,48.8,1,20,2.2,6.7,83.2,10,0.07,Low,Medium
E106729,Female,Service,No,50.5,7,43,1.9,6.1,75.1,11,0.07,Low,Medium
E106730,Male,Service,Yes,44.9,8,32,3.8,5.2,58.7,11,0.18,Low,Low
E106731,Male,Service,Yes,49.4,4,38,8.9,1.7,83.7,8,0.74,High,Low
E106732,Female,Service,Yes,42.1,2,65,8.1,1.8,94.3,0,0.66,High,Low
E106733,Male,Product,No,43.7,11,31,9.6,5.9,58.0,1,0.39,Medium,Low
E106734,Male,Product,Yes,43.4,2,35,5.1,1.3,50.3,3,0.44,Medium,Low
E106735,Female,Product,Yes,45.1,18,97,3.8,7.5,87.0,5,0.1,Low,High
E106736,Female,Service,No,38.6,15,76,9.7,9.9,80.0,9,0.01,Low,Medium
E106737,Male,Service,Yes,43.9,15,89,4.4,6.4,75.2,2,0.16,Low,High
E106738,Male,Product,Yes,52.3,0,68,1.1,7.5,72.8,0,0.03,Low,High
E106739,Female,Service,Yes,39.5,16,25,8.4,5.0,74.9,11,0.42,Medium,Low
E106740,Male,Service,Yes,38.4,19,57,2.5,7.0,68.7,2,0.08,Low,Medium
E106741,Male,Product,Yes,38.8,2,97,7.5,6.9,54.1,11,0.23,Low,Medium
E106742,Female,Product,Yes,58.3,16,22,1.1,8.4,88.8,10,0.02,Low,Medium
E106743,Female,Product,No,47.3,16,37,2.0,7.4,73.4,7,0.05,Low,Medium
E106744,Male,Service,Yes,43.6,15,67,5.4,7.7,91.2,10,0.12,Low,Medium
E106745,Other,Service,No,45.3,5,54,1.6,6.0,99.1,4,0.06,Low,Medium
E106746,Female,Product,Yes,46.1,17,23,9.0,5.4,58.6,0,0.41,Medium,Low
E106747,Male,Service,No,41.8,13,38,7.7,5.1,89.7,4,0.38,Medium,Low
E106748,Other,Product,Yes,42.4,19,90,4.0,4.5,98.9,9,0.22,Low,Medium
E106749,Male,Service,Yes,44.2,7,90,6.4,3.4,86.2,7,0.42,Medium,Medium
E106750,Male,Product,Yes,41.4,18,16,7.4,1.3,62.3,10,0.64,High,Low
E106751,Female,Product,Yes,43.0,8,84,7.8,7.0,94.8,8,0.23,Low,Medium
E106752,Male,Service,Yes,46.8,17,18,4.6,9.1,89.7,5,0.04,Low,Medium
E106753,Male,Service,Yes,40.0,0,75,9.1,9.4,72.5,3,0.05,Low,Medium
E106754,Male,Product,Yes,58.0,16,91,9.5,6.2,78.6,10,0.36,Medium,Medium
E106755,Male,Product,Yes,48.8,3,78,2.8,1.8,86.1,10,0.23,Low,Medium
E106756,Female,Service,Yes,38.6,15,50,9.2,8.9,56.2,4,0.1,Low,Low
E106757,Female,Product,No,32.6,11,55,7.4,7.7,96.3,2,0.17,Low,Medium
E106758,Other,Service,No,41.6,12,52,9.0,3.3,99.4,6,0.6,Medium,Low
E106759,Male,Service,Yes,48.4,1,96,4.8,8.2,66.5,10,0.09,Low,High
E106760,Male,Service,Yes,47.5,11,29,7.0,5.2,85.8,9,0.34,Medium,Low
E106761,Male,Product,Yes,44.4,9,62,3.1,9.0,71.1,3,0.03,Low,High
E106762,Male,Service,No,42.0,14,44,7.8,3.2,51.4,9,0.53,Medium,Low
E106763,Male,Service,No,40.5,4,77,6.2,8.2,97.9,6,0.11,Low,Medium
E106764,Female,Product,Yes,43.0,0,39,5.3,7.4,57.1,9,0.14,Low,Medium
E106765,Female,Service,Yes,39.9,7,18,7.2,1.1,53.7,3,0.64,High,Low
E106766,Female,Service,Yes,43.0,17,32,6.0,6.1,91.9,0,0.23,Low,Low
E106767,Male,Service,Yes,51.7,5,59,7.9,7.4,51.7,11,0.21,Low,Medium
E106768,Female,Product,Yes,41.1,0,98,8.7,2.4,84.4,8,0.66,High,Medium
E106769,Male,Service,Yes,48.1,13,99,8.2,5.8,96.5,10,0.34,Medium,Medium
E106770,Male,Product,Yes,48.8,9,79,3.8,3.7,70.3,9,0.24,Low,Medium
E106771,Female,Product,Yes,39.6,3,87,9.8,7.3,53.4,10,0.26,Low,Medium
E106772,Female,Product,No,40.8,17,79,6.8,5.9,60.9,6,0.28,Low,Medium
E106773,Male,Product,Yes,50.3,18,41,3.9,6.6,97.4,9,0.13,Low,Medium
E106774,Male,Service,Yes,40.4,7,93,1.4,1.7,73.3,7,0.12,Low,Medium
E106775,Male,Service,Yes,44.7,11,74,9.9,2.2,77.1,4,0.77,High,Low
E106776,Female,Product,Yes,55.2,9,73,6.4,6.0,57.8,1,0.26,Low,Medium
E106777,Male,Product,No,49.9,12,39,3.0,2.6,95.9,1,0.22,Low,Low
E106778,Other,Service,Yes,45.4,6,48,5.4,5.5,75.9,9,0.24,Low,Low
E106779,Male,Service,Yes,49.2,16,64,4.6,7.2,76.4,0,0.13,Low,Medium
E106780,Male,Service,Yes,44.7,11,69,9.6,8.3,78.8,8,0.16,Low,Medium
E106781,Male,Service,Yes,50.1,5,24,5.4,2.3,88.4,6,0.42,Medium,Low
E106782,Male,Service,No,34.8,6,72,5.4,7.7,60.1,11,0.12,Low,Medium
E106783,Male,Service,Yes,44.3,12,17,8.2,4.3,97.1,3,0.47,Medium,Low
E106784,Female,Service,Yes,34.6,13,70,4.5,7.1,58.8,4,0.13,Low,Medium
E106785,Female,Service,Yes,45.8,12,41,2.8,2.3,59.9,3,0.22,Low,Low
E106786,Female,Service,Yes,43.8,5,30,7.9,5.6,50.6,2,0.35,Medium,Low
E106787,Female,Product,Yes,51.8,18,52,9.2,8.5,51.0,8,0.14,Low,Low
E106788,Female,Product,Yes,48.6,12,67,1.4,2.0,71.4,6,0.11,Low,Medium
E106789,Female,Product,Yes,42.4,8,82,8.7,8.4,59.1,1,0.14,Low,Medium
E106790,Female,Service,No,43.0,10,37,4.9,5.1,60.6,10,0.24,Low,Low
E106791,Male,Service,Yes,46.9,9,97,3.6,8.4,99.4,1,0.06,Low,High
E106792,Male,Product,Yes,42.1,2,70,1.4,9.6,96.5,11,0.01,Low,High
E106793,Male,Product,Yes,44.8,18,93,2.8,2.4,66.1,6,0.21,Low,Medium
E106794,Male,Service,Yes,51.6,6,89,4.0,7.1,67.2,8,0.12,Low,High
E106795,Male,Service,Yes,40.9,4,67,1.6,3.1,64.6,3,0.11,Low,Medium
E106796,Female,Service,Yes,42.8,14,88,2.7,2.2,94.1,5,0.21,Low,Medium
E106797,Male,Service,Yes,43.5,1,86,7.6,6.7,54.9,5,0.25,Low,Medium
E106798,Male,Service,No,60.8,10,81,7.2,2.0,79.2,8,0.58,Medium,Low
E106799,Male,Product,Yes,48.0,5,33,7.9,5.2,59.3,1,0.38,Medium,Low
E106800,Male,Service,No,50.7,4,18,2.5,6.7,87.9,9,0.08,Low,Low
E106801,Male,Product,No,48.8,19,43,1.4,5.5,81.6,1,0.06,Low,Medium
E106802,Male,Product,No,49.2,6,59,5.2,7.3,69.4,4,0.14,Low,Medium
E106803,Male,Product,Yes,47.4,3,35,4.1,8.2,54.9,11,0.07,Low,Medium
E106804,Male,Product,No,46.8,4,68,8.0,8.9,88.4,2,0.09,Low,Medium
E106805,Female,Product,No,37.7,4,87,5.8,6.0,53.9,4,0.23,Low,Medium
E106806,Female,Service,Yes,46.8,9,66,9.4,3.5,63.7,6,0.61,High,Low
E106807,Male,Product,Yes,44.5,17,32,1.6,5.6,62.7,9,0.07,Low,Medium
E106808,Male,Product,Yes,47.7,1,97,4.3,4.5,78.9,0,0.24,Low,Medium
E106809,Male,Service,Yes,44.6,14,31,4.6,3.0,75.7,3,0.32,Medium,Low
E106810,Female,Product,Yes,48.8,8,58,2.1,5.8,64.0,3,0.09,Low,Medium
E106811,Male,Product,Yes,49.7,1,38,6.2,1.2,71.5,3,0.55,Medium,Low
E106812,Male,Product,No,30.4,2,20,1.4,6.5,71.8,2,0.05,Low,Medium
E106813,Female,Service,Yes,42.8,19,41,7.4,8.4,78.7,3,0.12,Low,Low
E106814,Male,Service,No,35.7,1,61,1.3,10.0,94.9,6,0.0,Low,High
E106815,Male,Service,Yes,46.2,1,60,8.9,9.3,57.1,2,0.06,Low,Medium
E106816,Male,Service,Yes,43.5,18,49,1.6,1.8,77.9,9,0.13,Low,Medium
E106817,Female,Service,Yes,51.8,13,71,5.1,2.5,50.9,8,0.38,Medium,Medium
E106818,Female,Service,Yes,46.0,17,26,2.4,2.2,84.9,9,0.19,Low,Low
E106819,Female,Product,No,42.6,0,43,2.2,6.0,82.0,7,0.09,Low,Medium
E106820,Male,Service,Yes,49.7,6,71,7.5,1.4,84.7,7,0.64,High,Low
E106821,Male,Service,Yes,43.4,7,84,8.0,9.4,73.7,11,0.05,Low,Medium
E106822,Female,Service,No,42.5,11,69,7.7,1.6,59.3,4,0.65,High,Low
E106823,Female,Service,Yes,47.0,3,51,4.6,4.5,72.4,2,0.25,Low,Medium
E106824,Male,Service,No,53.1,6,85,9.9,9.0,51.2,1,0.1,Low,Medium
E106825,Female,Service,Yes,49.3,17,84,4.1,9.5,69.1,3,0.02,Low,High
E106826,Male,Service,Yes,47.8,17,67,3.2,5.2,91.9,10,0.15,Low,Medium
E106827,Male,Service,Yes,58.8,9,97,10.0,5.4,66.9,9,0.46,Medium,Medium
E106828,Female,Service,No,41.3,9,28,9.8,6.7,79.6,1,0.32,Medium,Low
E106829,Male,Service,Yes,41.2,5,35,6.3,4.7,63.1,10,0.33,Medium,Low
E106830,Female,Service,No,45.7,11,92,2.9,3.9,56.7,8,0.18,Low,High
E106831,Male,Service,No,52.6,9,28,3.1,7.7,76.0,1,0.07,Low,Medium
E106832,Male,Service,Yes,40.3,12,67,5.7,6.4,51.8,3,0.21,Low,Medium
E106833,Female,Product,Yes,53.8,11,81,8.0,5.3,95.2,6,0.38,Medium,Medium
E106834,Female,Product,No,37.8,18,93,1.7,1.9,88.9,2,0.14,Low,Medium
E106835,Male,Service,Yes,44.4,0,99,7.2,1.6,99.9,0,0.6,Medium,Medium
E106836,Male,Service,Yes,45.9,0,62,1.9,5.6,99.7,9,0.08,Low,Medium
E106837,Female,Product,Yes,40.6,10,92,8.6,6.6,86.4,5,0.29,Low,Medium
E106838,Male,Service,No,41.9,17,70,5.8,6.9,88.8,0,0.18,Low,Medium
E106839,Female,Product,No,49.0,1,53,9.9,9.1,76.4,10,0.09,Low,Low
E106840,Female,Product,Yes,52.2,5,55,7.8,8.3,60.9,1,0.13,Low,Medium
E106841,Male,Product,Yes,34.4,15,62,5.5,2.3,90.4,5,0.42,Medium,Low
E106842,Male,Product,No,45.9,0,42,2.3,8.1,63.5,1,0.04,Low,Medium
E106843,Male,Product,Yes,44.4,8,16,5.9,7.1,82.5,10,0.17,Low,Low
E106844,Female,Product,No,45.5,14,36,2.0,8.5,86.5,4,0.03,Low,Medium
E106845,Male,Product,Yes,43.4,15,85,9.1,8.6,78.2,3,0.13,Low,Medium
E106846,Male,Product,No,38.5,13,75,3.1,4.1,83.1,7,0.18,Low,Medium
E106847,Male,Product,No,52.7,6,94,8.8,3.4,64.6,1,0.58,Medium,Medium
E106848,Female,Service,Yes,50.8,0,50,3.7,6.0,88.0,10,0.15,Low,Medium
E106849,Male,Service,Yes,44.5,15,80,3.0,3.7,97.2,1,0.19,Low,Medium
E106850,Male,Product,Yes,42.6,8,95,3.7,4.1,74.2,11,0.22,Low,Medium
E106851,Female,Service,Yes,42.0,10,63,7.4,1.6,56.0,3,0.62,High,Low
E106852,Female,Product,Yes,32.1,9,17,5.7,9.9,81.0,0,0.01,Low,Low
E106853,Female,Product,Yes,46.8,10,37,2.0,3.8,67.1,9,0.12,Low,Medium
E106854,Male,Product,Yes,48.9,5,73,2.2,8.0,71.0,2,0.04,Low,High
E106855,Male,Product,Yes,45.7,1,42,4.4,9.9,57.6,7,0.0,Low,Medium
E106856,Female,Product,No,44.6,17,86,4.0,9.7,81.3,8,0.01,Low,High
E106857,Male,Service,Yes,45.7,11,47,8.7,6.7,89.4,2,0.29,Low,Low
E106858,Female,Product,Yes,40.7,13,82,6.2,5.8,88.3,6,0.26,Low,Medium
E106859,Female,Service,Yes,42.5,7,85,2.7,3.8,99.7,3,0.17,Low,Medium
E106860,Male,Service,No,44.2,3,25,1.3,8.8,60.6,10,0.02,Low,Medium
E106861,Female,Service,Yes,48.5,17,22,1.9,4.0,95.7,2,0.11,Low,Low
E106862,Female,Service,Yes,51.9,12,34,7.3,2.0,86.6,4,0.58,Medium,Low
E106863,Male,Service,Yes,43.9,13,76,8.6,3.6,85.4,8,0.55,Medium,Low
E106864,Male,Service,No,39.8,19,57,8.0,3.8,84.2,3,0.5,Medium,Low
E106865,Male,Product,No,45.2,14,89,8.1,7.5,76.9,7,0.2,Low,Medium
E106866,Male,Product,Yes,55.1,19,84,3.3,2.5,68.9,1,0.25,Low,Medium
E106867,Male,Service,Yes,40.2,18,21,9.9,3.9,97.2,10,0.6,Medium,Low
E106868,Female,Service,Yes,49.4,13,24,1.8,1.7,57.6,8,0.15,Low,Low
E106869,Female,Product,No,51.7,11,54,8.4,8.6,58.8,11,0.12,Low,Medium
E106870,Male,Product,Yes,43.2,14,18,1.9,7.5,50.8,9,0.05,Low,Medium
E106871,Male,Product,Yes,41.5,5,87,3.4,4.9,87.0,0,0.17,Low,Medium
E106872,Female,Service,Yes,47.9,18,33,5.5,4.9,94.7,7,0.28,Low,Low
E106873,Male,Product,No,46.8,1,52,1.5,2.5,59.3,7,0.11,Low,Medium
E106874,Female,Service,Yes,48.5,5,36,4.5,4.5,51.7,2,0.25,Low,Low
E106875,Male,Product,Yes,55.4,10,15,4.2,9.2,62.2,0,0.03,Low,Medium
E106876,Male,Service,Yes,45.8,0,67,6.8,2.2,94.2,3,0.53,Medium,Low
E106877,Male,Service,Yes,39.0,8,35,7.5,7.9,50.8,2,0.16,Low,Low
E106878,Female,Service,Yes,45.3,12,21,1.8,1.4,55.1,1,0.15,Low,Low
E106879,Male,Service,Yes,46.2,8,21,1.3,3.8,51.2,5,0.08,Low,Low
E106880,Female,Service,Yes,51.3,14,91,8.0,8.6,97.2,2,0.11,Low,Medium
E106881,Male,Product,Yes,44.0,17,37,5.8,5.0,56.8,11,0.29,Low,Low
E106882,Male,Product,Yes,43.0,3,74,5.8,7.3,95.0,6,0.16,Low,Medium
E106883,Male,Service,Yes,38.1,3,32,9.8,1.9,73.7,1,0.79,High,Low
E106884,Female,Service,Yes,47.7,11,85,4.9,7.2,69.7,3,0.14,Low,High
E106885,Female,Service,Yes,61.7,8,80,2.8,8.4,71.3,7,0.04,Low,High
E106886,Male,Product,Yes,43.9,17,67,7.1,8.2,70.9,2,0.13,Low,Medium
E106887,Male,Service,Yes,47.3,5,33,8.3,4.9,67.1,0,0.42,Medium,Low
E106888,Male,Service,Yes,42.3,16,78,5.5,9.1,90.5,11,0.05,Low,High
E106889,Male,Service,Yes,38.6,16,28,7.2,6.2,75.4,4,0.27,Low,Low
E106890,Male,Product,Yes,47.2,12,39,5.6,8.4,99.5,6,0.09,Low,Medium
E106891,Female,Service,No,45.1,11,47,4.7,2.9,75.9,4,0.33,Medium,Low
E106892,Female,Service,Yes,33.1,13,62,1.3,2.9,90.9,10,0.09,Low,Medium
E106893,Male,Product,Yes,53.1,7,53,2.6,7.8,87.3,5,0.06,Low,Medium
E106894,Male,Product,Yes,47.1,14,98,5.3,6.8,70.1,9,0.17,Low,High
E106895,Female,Product,Yes,45.4,8,19,4.6,7.1,89.4,0,0.13,Low,Low
E106896,Female,Service,Yes,42.9,0,35,8.6,3.1,57.7,1,0.59,Medium,Low
E106897,Male,Service,No,47.0,16,73,2.0,4.6,60.2,11,0.11,Low,Medium
E106898,Male,Product,Yes,47.3,9,91,1.5,3.3,80.9,10,0.1,Low,High
E106899,Male,Product,Yes,47.0,4,28,1.8,1.6,85.6,0,0.15,Low,Low
E106900,Male,Service,No,50.3,10,77,7.1,2.8,82.2,10,0.51,Medium,Low
E106901,Male,Service,Yes,51.5,2,68,6.4,10.0,75.5,2,0.0,Low,Medium
E106902,Male,Service,Yes,55.0,1,94,6.7,3.1,56.9,2,0.46,Medium,Medium
E106903,Female,Service,Yes,40.8,3,59,2.4,2.4,68.6,9,0.18,Low,Medium
E106904,Male,Product,Yes,42.1,1,64,5.6,7.3,80.2,11,0.15,Low,Medium
E106905,Male,Product,Yes,46.8,0,55,7.9,6.4,61.3,3,0.28,Low,Low
E106906,Male,Service,Yes,41.1,8,15,7.2,7.7,81.9,5,0.17,Low,Low
E106907,Female,Service,Yes,41.9,2,16,4.9,6.9,61.7,1,0.15,Low,Low
E106908,Female,Product,No,47.4,5,86,1.9,3.0,54.9,0,0.13,Low,Medium
E106909,Male,Service,No,49.5,13,27,8.8,5.5,66.2,0,0.4,Medium,Low
E106910,Male,Product,No,51.4,0,33,5.7,2.6,63.6,9,0.42,Medium,Low
E106911,Female,Product,No,44.0,11,65,9.0,3.3,90.5,2,0.6,Medium,Low
E106912,Male,Product,Yes,47.3,15,16,4.9,9.9,74.2,10,0.0,Low,Medium
E106913,Male,Service,Yes,46.2,19,24,3.1,7.6,53.2,3,0.07,Low,Medium
E106914,Male,Service,Yes,45.1,18,83,3.8,8.0,90.8,1,0.08,Low,High
E106915,Male,Service,No,40.9,17,44,4.8,1.3,63.4,4,0.42,Medium,Low
E106916,Male,Service,Yes,40.3,13,79,6.5,4.4,78.4,4,0.36,Medium,Medium
E106917,Female,Service,Yes,48.3,2,58,7.9,6.0,77.1,8,0.32,Medium,Low
E106918,Female,Product,No,40.8,13,56,3.2,2.3,98.6,6,0.25,Low,Low
E106919,Male,Product,No,36.1,16,17,2.7,8.6,62.7,0,0.04,Low,Medium
E106920,Female,Product,No,44.8,12,44,2.8,2.3,57.3,6,0.22,Low,Low
E106921,Male,Service,Yes,52.3,0,51,9.4,6.7,62.9,10,0.31,Medium,Low
E106922,Male,Product,Yes,31.0,7,42,2.5,6.0,78.8,2,0.1,Low,Medium
E106923,Female,Product,Yes,43.6,1,65,4.1,8.6,60.9,9,0.06,Low,Medium
E106924,Female,Service,Yes,48.4,18,99,5.4,3.8,67.0,2,0.33,Medium,Medium
E106925,Male,Product,Yes,35.9,14,27,6.0,3.6,82.9,10,0.38,Medium,Low
E106926,Male,Service,Yes,43.9,13,54,8.7,8.6,55.8,3,0.12,Low,Medium
E106927,Female,Service,Yes,39.3,13,40,2.0,3.0,97.3,1,0.14,Low,Low
E106928,Female,Service,Yes,40.0,17,44,2.0,7.7,76.6,8,0.05,Low,Medium
E106929,Female,Product,No,43.0,14,38,3.8,2.7,74.2,5,0.28,Low,Low
E106930,Male,Product,No,39.4,9,52,4.7,8.9,68.2,9,0.05,Low,Medium
E106931,Male,Service,Yes,39.0,17,83,4.4,8.6,62.3,10,0.06,Low,High
E106932,Male,Service,Yes,44.7,19,30,4.5,8.1,74.2,5,0.09,Low,Medium
E106933,Male,Service,Yes,56.1,3,69,8.7,5.4,74.3,8,0.4,Medium,Low
E106934,Female,Service,Yes,48.8,6,63,8.5,1.3,52.8,1,0.74,High,Low
E106935,Male,Service,No,50.1,1,94,8.2,2.2,92.4,5,0.64,High,Low
E106936,Male,Service,No,49.0,8,66,7.8,5.1,91.0,8,0.38,Medium,Low
E106937,Female,Service,No,41.5,3,63,1.4,1.4,72.4,6,0.12,Low,Medium
E106938,Male,Product,Yes,46.6,11,78,2.3,1.6,66.8,10,0.19,Low,Medium
E106939,Male,Service,No,50.5,9,62,7.6,2.1,74.9,8,0.6,Medium,Low
E106940,Female,Product,Yes,49.1,10,88,6.4,3.3,61.1,0,0.43,Medium,Medium
E106941,Female,Service,Yes,46.0,0,96,7.1,7.7,50.0,8,0.16,Low,High
E106942,Female,Service,Yes,47.6,12,52,7.5,1.4,67.7,5,0.64,High,Low
E106943,Male,Service,No,57.3,6,31,9.2,9.9,50.9,5,0.01,Low,Low
E106944,Female,Service,Yes,49.2,5,55,6.7,3.5,52.0,4,0.44,Medium,Low
E106945,Female,Service,Yes,43.4,8,68,3.5,3.9,51.5,11,0.21,Low,Medium
E106946,Male,Product,Yes,44.6,17,54,1.7,3.2,94.0,1,0.12,Low,Medium
E106947,Male,Product,Yes,39.7,2,45,4.9,6.4,57.2,5,0.18,Low,Medium
E106948,Female,Service,Yes,56.7,12,40,7.4,1.2,62.7,0,0.65,High,Low
E106949,Male,Service,Yes,53.0,2,90,3.5,1.8,74.5,0,0.29,Low,Medium
E106950,Female,Product,Yes,45.4,12,32,2.1,1.9,76.5,6,0.17,Low,Low
E106951,Male,Service,Yes,55.9,5,49,10.0,7.0,56.1,0,0.3,Low,Low
E106952,Male,Product,Yes,48.2,17,89,4.8,4.0,95.5,11,0.29,Low,Medium
E106953,Male,Product,Yes,42.8,1,70,2.9,4.9,61.6,4,0.15,Low,Medium
E106954,Female,Product,Yes,49.5,19,44,2.5,9.5,97.1,5,0.01,Low,Medium
E106955,Male,Service,No,47.0,16,59,8.8,2.8,62.8,3,0.63,High,Low
E106956,Male,Service,Yes,49.2,0,89,8.4,1.6,50.1,4,0.71,High,Low
E106957,Female,Service,Yes,38.2,16,66,6.5,5.0,98.6,1,0.32,Medium,Medium
E106958,Female,Product,Yes,40.9,4,82,5.9,2.5,74.2,9,0.44,Medium,Medium
E106959,Female,Product,Yes,52.4,8,69,9.6,2.3,93.9,6,0.74,High,Low
E106960,Male,Product,No,53.5,3,24,3.1,4.7,86.7,11,0.16,Low,Low
E106961,Male,Product,Yes,52.1,13,68,4.7,7.0,59.0,9,0.14,Low,Medium
E106962,Female,Product,Yes,56.1,7,48,1.2,3.2,92.3,0,0.08,Low,Medium
E106963,Female,Product,Yes,47.9,12,77,4.8,8.9,52.6,1,0.05,Low,High
E106964,Male,Product,Yes,47.5,5,45,4.5,4.3,75.4,7,0.26,Low,Low
E106965,Male,Product,Yes,40.4,13,78,9.5,9.4,62.7,9,0.06,Low,Medium
E106966,Female,Service,No,42.1,8,64,4.2,5.4,68.1,1,0.19,Low,Medium
E106967,Male,Service,No,35.1,16,42,8.5,7.5,87.9,0,0.21,Low,Low
E106968,Female,Product,Yes,43.4,6,51,7.9,8.6,84.2,4,0.11,Low,Medium
E106969,Male,Service,Yes,34.7,8,46,2.3,5.8,72.0,1,0.1,Low,Medium
E106970,Male,Service,No,50.4,14,95,9.7,8.7,52.3,9,0.13,Low,Medium
E106971,Female,Product,Yes,46.9,9,49,6.7,4.4,52.0,2,0.38,Medium,Low
E106972,Male,Product,Yes,34.9,13,71,6.4,4.3,85.1,5,0.36,Medium,Medium
E106973,Male,Product,Yes,44.1,15,75,1.1,8.1,97.4,5,0.02,Low,High
E106974,Male,Service,Yes,54.8,1,99,7.3,3.2,92.4,2,0.5,Medium,Medium
E106975,Male,Product,No,44.4,3,46,1.5,7.5,56.1,9,0.04,Low,Medium
E106976,Female,Service,No,40.0,14,22,2.7,1.7,56.1,9,0.22,Low,Low
E106977,Female,Product,No,36.1,10,94,1.9,6.7,80.5,2,0.06,Low,High
E106978,Female,Service,Yes,36.2,10,49,4.4,9.5,82.9,6,0.02,Low,Medium
E106979,Male,Product,No,47.7,12,37,8.2,5.1,80.8,5,0.4,Medium,Low
E106980,Male,Product,Yes,42.8,15,52,7.4,4.7,94.3,0,0.39,Medium,Low
E106981,Male,Service,Yes,43.2,8,33,2.0,5.9,61.6,4,0.08,Low,Medium
E106982,Female,Product,Yes,42.9,1,68,8.2,7.5,58.6,10,0.2,Low,Medium
E106983,Female,Product,Yes,44.3,1,59,5.1,4.2,95.7,6,0.3,Low,Medium
E106984,Female,Service,Yes,38.9,4,50,1.3,1.0,86.1,5,0.12,Low,Low
E106985,Male,Service,No,46.6,4,63,3.0,5.5,85.6,3,0.13,Low,Medium
E106986,Male,Service,Yes,37.9,4,74,8.1,4.8,66.8,0,0.42,Medium,Low
E106987,Male,Service,Yes,41.2,13,70,7.6,5.8,81.4,10,0.32,Medium,Medium
E106988,Male,Product,No,50.1,5,87,2.7,7.4,86.3,6,0.07,Low,High
E106989,Male,Product,No,46.9,15,78,1.3,3.6,80.0,3,0.08,Low,Medium
E106990,Female,Service,Yes,48.4,15,76,3.7,5.5,86.8,3,0.17,Low,Medium
E106991,Male,Service,Yes,55.8,7,73,8.2,3.3,79.5,4,0.55,Medium,Low
E106992,Male,Service,No,44.7,4,15,9.4,5.1,99.1,6,0.46,Medium,Low
E106993,Male,Service,No,45.1,12,95,6.2,4.1,74.6,11,0.37,Medium,Medium
E106994,Female,Service,Yes,43.7,2,91,1.8,4.3,50.6,8,0.1,Low,High
E106995,Female,Service,Yes,42.8,8,19,5.5,6.2,58.2,3,0.21,Low,Low
E106996,Female,Service,Yes,39.9,3,33,10.0,7.2,98.2,0,0.28,Low,Low
E106997,Female,Product,No,45.4,7,72,9.4,1.1,73.5,2,0.84,High,Low
E106998,Male,Product,Yes,46.8,15,71,9.9,8.9,56.0,6,0.11,Low,Medium
E106999,Female,Service,Yes,47.1,10,56,7.3,4.3,57.8,9,0.42,Medium,Low
E107000,Male,Product,No,45.3,18,87,4.8,6.8,51.4,9,0.15,Low,High
E107001,Male,Product,Yes,49.6,9,20,9.0,2.1,61.3,6,0.71,High,Low
E107002,Female,Product,No,45.1,6,99,9.1,6.1,99.3,1,0.35,Medium,Medium
E107003,Female,Service,Yes,43.0,11,36,2.3,7.1,66.4,10,0.07,Low,Medium
E107004,Male,Product,Yes,40.4,7,67,8.0,2.4,62.5,5,0.61,High,Low
E107005,Male,Product,Yes,37.3,9,71,9.3,9.2,83.4,10,0.07,Low,Medium
E107006,Male,Service,No,52.3,4,65,9.1,7.8,83.7,11,0.2,Low,Medium
E107007,Male,Service,No,41.5,4,19,7.4,5.8,98.4,10,0.31,Medium,Low
E107008,Male,Product,No,40.4,12,36,5.8,2.5,86.5,10,0.43,Medium,Low
E107009,Male,Product,Yes,42.9,1,21,8.0,8.8,55.5,2,0.1,Low,Low
E107010,Male,Product,Yes,43.6,11,78,5.6,1.6,99.3,11,0.47,Medium,Low
E107011,Female,Product,Yes,53.2,10,71,3.9,2.0,87.5,9,0.31,Medium,Medium
E107012,Male,Product,Yes,43.4,1,40,3.3,7.3,63.0,6,0.09,Low,Medium
E107013,Male,Service,Yes,58.2,14,39,5.9,3.3,63.1,0,0.4,Medium,Low
E107014,Male,Service,No,45.3,19,83,5.1,5.1,98.0,1,0.25,Low,Medium
E107015,Female,Product,Yes,55.3,6,46,5.7,5.9,59.6,5,0.23,Low,Low
E107016,Male,Service,No,49.5,7,22,3.3,5.1,61.4,11,0.16,Low,Low
E107017,Male,Service,No,46.8,2,23,6.3,1.8,67.9,8,0.52,Medium,Low
E107018,Male,Product,Yes,52.9,16,68,7.0,7.6,84.0,1,0.17,Low,Medium
E107019,Female,Product,No,50.6,19,34,8.3,3.2,71.5,11,0.56,Medium,Low
E107020,Female,Service,Yes,48.2,5,82,6.3,7.6,65.6,3,0.15,Low,Medium
E107021,Female,Service,No,56.6,14,81,7.8,8.8,63.4,10,0.09,Low,Medium
E107022,Female,Service,Yes,42.5,12,58,2.5,5.8,56.3,4,0.11,Low,Medium
E107023,Female,Service,Yes,40.0,12,55,2.1,7.4,77.3,1,0.05,Low,Medium
E107024,Female,Product,Yes,41.6,11,56,2.6,1.3,63.7,7,0.23,Low,Low
E107025,Male,Service,No,53.8,13,25,8.6,1.3,66.6,11,0.75,High,Low
E107026,Male,Product,No,52.3,8,57,6.0,2.8,50.4,2,0.43,Medium,Low
E107027,Other,Product,Yes,42.4,9,22,5.1,4.2,76.6,3,0.3,Low,Low
E107028,Male,Product,No,33.2,4,60,7.9,2.6,84.8,8,0.58,Medium,Low
E107029,Male,Service,Yes,44.0,4,48,2.1,6.7,96.4,9,0.07,Low,Medium
E107030,Female,Service,No,39.9,19,82,1.1,3.5,59.9,4,0.07,Low,High
E107031,Male,Service,Yes,42.5,5,29,3.8,8.6,96.0,2,0.05,Low,Medium
E107032,Female,Service,Yes,39.7,11,32,3.2,6.0,68.1,6,0.13,Low,Medium
E107033,Female,Product,Yes,37.0,16,25,3.8,4.4,90.1,10,0.21,Low,Low
E107034,Male,Service,Yes,54.4,15,33,9.8,9.0,94.8,10,0.1,Low,Low
E107035,Female,Product,Yes,41.6,17,87,6.1,8.5,98.1,0,0.09,Low,High
E107036,Male,Service,Yes,52.1,5,39,6.3,8.4,66.3,2,0.1,Low,Medium
E107037,Male,Service,Yes,43.9,9,36,6.9,7.6,63.0,3,0.17,Low,Low
E107038,Male,Product,Yes,39.3,19,76,4.6,6.5,72.0,7,0.16,Low,Medium
E107039,Female,Service,No,47.5,8,51,9.8,4.3,77.7,5,0.56,Medium,Low
E107040,Female,Service,Yes,43.0,1,24,9.8,4.8,84.5,2,0.51,Medium,Low
E107041,Male,Service,Yes,44.0,2,95,7.9,6.8,84.6,10,0.25,Low,Medium
E107042,Female,Service,Yes,45.7,9,66,2.9,2.6,55.8,10,0.21,Low,Medium
E107043,Male,Product,Yes,40.9,7,91,8.9,8.5,80.6,8,0.13,Low,Medium
E107044,Female,Service,No,36.9,8,82,1.9,9.4,58.4,11,0.01,Low,High
E107045,Male,Service,No,44.7,18,42,6.7,1.9,85.6,7,0.54,Medium,Low
E107046,Female,Service,Yes,49.8,0,44,5.1,1.2,98.8,9,0.45,Medium,Low
E107047,Male,Product,Yes,40.5,1,60,1.4,2.3,88.5,10,0.11,Low,Medium
E107048,Male,Service,No,45.8,19,54,9.1,7.8,84.7,0,0.2,Low,Low
E107049,Male,Service,No,52.5,3,35,9.6,2.0,53.9,11,0.77,High,Low
E107050,Female,Service,Yes,44.6,15,29,9.2,4.4,59.2,4,0.52,Medium,Low
E107051,Male,Service,Yes,45.4,11,17,2.7,1.6,67.8,10,0.23,Low,Low
E107052,Female,Service,Yes,45.3,1,95,4.0,4.9,96.7,0,0.2,Low,High
E107053,Male,Service,Yes,41.6,14,93,9.6,6.4,66.5,9,0.35,Medium,Medium
E107054,Male,Service,No,40.0,17,83,2.0,6.7,90.7,8,0.07,Low,High
E107055,Male,Service,Yes,40.1,15,22,6.2,5.7,55.2,1,0.27,Low,Low
E107056,Female,Service,Yes,46.8,11,23,5.4,9.4,83.1,10,0.03,Low,Medium
E107057,Male,Product,Yes,48.8,17,16,2.4,5.8,89.0,3,0.1,Low,Low
E107058,Female,Product,Yes,49.0,13,51,9.0,8.7,77.1,0,0.12,Low,Low
E107059,Female,Service,Yes,43.1,11,26,2.2,9.9,88.3,3,0.0,Low,Medium
E107060,Female,Service,Yes,50.5,4,33,6.3,3.1,86.2,8,0.43,Medium,Low
E107061,Male,Product,No,46.5,3,41,3.9,3.4,73.8,11,0.26,Low,Low
E107062,Female,Product,Yes,45.4,17,38,4.8,5.7,93.3,9,0.21,Low,Low
E107063,Female,Service,Yes,28.3,16,80,2.9,2.6,67.1,4,0.21,Low,Medium
E107064,Male,Product,Yes,40.9,15,30,6.6,6.1,71.3,4,0.26,Low,Low
E107065,Female,Service,Yes,37.4,9,16,9.9,7.2,77.0,1,0.28,Low,Low
E107066,Male,Service,Yes,48.1,16,35,8.5,1.5,56.5,9,0.72,High,Low
E107067,Male,Product,Yes,45.5,11,24,7.1,7.1,75.8,10,0.21,Low,Low
E107068,Male,Product,No,39.6,11,72,7.8,2.4,66.2,5,0.59,Medium,Low
E107069,Male,Product,Yes,46.5,3,31,8.6,3.7,62.8,0,0.54,Medium,Low
E107070,Male,Service,No,37.9,2,90,5.3,7.6,78.8,11,0.13,Low,High
E107071,Male,Service,Yes,39.8,0,21,6.1,2.5,66.5,9,0.46,Medium,Low
E107072,Female,Product,Yes,41.4,11,87,9.1,5.8,92.8,11,0.38,Medium,Medium
E107073,Male,Service,Yes,47.7,7,60,7.3,6.3,70.5,0,0.27,Low,Medium
E107074,Male,Service,Yes,52.0,7,64,2.2,2.5,70.7,3,0.17,Low,Medium
E107075,Male,Service,Yes,42.1,11,24,8.0,3.5,99.1,6,0.52,Medium,Low
E107076,Female,Service,Yes,51.6,3,30,1.2,6.5,67.1,4,0.04,Low,Medium
E107077,Female,Service,Yes,45.2,15,15,8.6,5.2,56.6,2,0.41,Medium,Low
E107078,Female,Product,Yes,46.2,1,23,8.1,6.9,93.8,8,0.25,Low,Low
E107079,Female,Product,Yes,44.7,3,27,8.5,8.7,95.8,8,0.11,Low,Low
E107080,Male,Service,No,44.0,3,75,1.2,2.2,61.3,2,0.09,Low,Medium
E107081,Female,Product,No,47.2,10,62,9.8,1.6,94.1,8,0.82,High,Low
E107082,Male,Service,Yes,48.7,2,30,6.5,7.0,74.7,2,0.2,Low,Low
E107083,Male,Product,Yes,40.6,9,55,8.2,7.9,52.2,5,0.17,Low,Medium
E107084,Female,Service,Yes,44.1,11,44,6.1,5.0,77.4,1,0.3,Low,Low
E107085,Male,Product,Yes,53.3,16,91,4.1,4.5,92.4,1,0.23,Low,Medium
E107086,Female,Product,No,45.9,8,86,3.7,6.4,69.8,5,0.13,Low,High
E107087,Female,Service,Yes,46.4,1,69,1.6,6.0,77.6,11,0.06,Low,High
E107088,Male,Service,Yes,50.8,17,25,5.9,5.4,57.0,4,0.27,Low,Low
E107089,Male,Product,No,42.5,11,66,2.3,8.4,92.1,4,0.04,Low,High
E107090,Male,Service,No,44.8,5,89,6.1,2.6,55.3,6,0.45,Medium,Medium
E107091,Female,Product,No,49.1,17,62,6.6,7.1,54.7,0,0.19,Low,Medium
E107092,Female,Product,No,51.2,12,21,5.0,7.7,96.7,5,0.12,Low,Low
E107093,Male,Service,No,33.2,14,68,2.4,9.1,93.7,8,0.02,Low,High
E107094,Male,Product,Yes,41.3,0,15,4.9,9.5,78.7,11,0.02,Low,Low
E107095,Female,Product,Yes,40.0,7,46,8.9,5.6,55.3,4,0.39,Medium,Low
E107096,Female,Product,Yes,44.4,17,76,5.1,4.9,77.3,9,0.26,Low,Medium
E107097,Male,Service,Yes,40.4,19,29,4.1,5.5,96.0,9,0.18,Low,Low
E107098,Male,Service,No,48.3,11,96,6.7,7.6,80.6,6,0.16,Low,High
E107099,Female,Service,Yes,45.9,19,75,6.6,1.2,59.9,2,0.58,Medium,Low
E107100,Male,Product,Yes,49.4,11,92,1.8,2.6,95.3,9,0.13,Low,Medium
E107101,Male,Product,Yes,49.8,0,91,3.1,9.2,93.3,7,0.02,Low,High
E107102,Female,Product,Yes,48.4,9,70,5.4,2.8,77.3,10,0.39,Medium,Medium
E107103,Female,Service,No,43.3,18,48,4.3,3.1,92.6,0,0.3,Low,Low
E107104,Male,Service,Yes,45.5,18,34,3.9,9.5,52.8,11,0.02,Low,Medium
E107105,Male,Product,Yes,42.7,10,38,5.0,3.6,73.1,9,0.32,Medium,Low
E107106,Male,Product,Yes,38.2,2,42,3.6,3.6,58.9,6,0.23,Low,Low
E107107,Male,Product,Yes,49.8,13,25,4.1,9.3,91.9,5,0.03,Low,Medium
E107108,Female,Product,No,44.6,17,44,8.0,4.4,98.6,10,0.45,Medium,Low
E107109,Male,Product,Yes,37.5,5,52,5.6,5.4,96.5,9,0.26,Low,Medium
E107110,Female,Product,No,47.7,8,95,8.9,6.0,75.2,5,0.36,Medium,Medium
E107111,Female,Product,No,43.9,8,15,9.5,8.8,75.5,0,0.11,Low,Low
E107112,Male,Service,No,34.7,16,98,9.3,1.7,95.4,1,0.77,High,Low
E107113,Male,Product,Yes,38.1,3,83,3.3,3.3,86.1,5,0.22,Low,Medium
E107114,Male,Product,No,41.5,3,47,5.3,6.3,53.7,1,0.2,Low,Medium
E107115,Female,Service,Yes,46.1,18,79,5.8,4.9,56.4,3,0.3,Low,Medium
E107116,Female,Service,No,48.9,15,58,8.7,3.5,97.6,5,0.57,Medium,Low
E107117,Male,Service,No,48.8,16,78,6.0,4.7,68.3,1,0.32,Medium,Medium
E107118,Female,Service,No,48.0,2,23,3.3,9.7,59.4,5,0.01,Low,Medium
E107119,Female,Service,No,44.8,6,46,5.9,1.2,86.8,11,0.52,Medium,Low
E107120,Female,Service,Yes,53.6,4,68,1.4,2.3,94.0,10,0.11,Low,Medium
E107121,Male,Service,Yes,48.5,2,40,8.5,1.2,60.3,8,0.75,High,Low
E107122,Male,Service,Yes,46.1,11,76,6.1,6.3,62.6,5,0.23,Low,Medium
E107123,Female,Product,No,47.8,18,56,6.9,1.1,95.0,11,0.61,High,Low
E107124,Male,Service,Yes,43.0,8,62,2.8,5.1,50.7,9,0.14,Low,Medium
E107125,Male,Service,Yes,44.7,2,20,6.0,8.7,95.4,6,0.08,Low,Low
E107126,Male,Service,Yes,34.6,2,44,5.8,1.9,52.0,2,0.47,Medium,Low
E107127,Male,Service,Yes,43.1,15,37,6.6,4.3,54.8,3,0.38,Medium,Low
E107128,Male,Service,No,53.8,19,39,8.6,4.4,93.1,3,0.48,Medium,Low
E107129,Female,Product,Yes,45.7,12,27,7.9,4.3,62.4,10,0.45,Medium,Low
E107130,Male,Product,No,45.5,5,39,5.9,7.5,61.2,0,0.15,Low,Medium
E107131,Male,Service,Yes,50.0,0,31,9.0,1.0,92.2,10,0.81,High,Low
E107132,Female,Product,No,46.8,10,41,4.2,8.0,77.1,8,0.08,Low,Medium
E107133,Male,Service,Yes,41.1,17,25,5.4,8.6,67.5,8,0.08,Low,Low
E107134,Male,Product,Yes,45.1,2,20,6.8,4.9,85.7,6,0.35,Medium,Low
E107135,Female,Product,No,39.3,17,93,5.0,9.0,90.5,1,0.05,Low,High
E107136,Female,Service,Yes,45.9,10,51,4.3,4.4,93.1,11,0.24,Low,Medium
E107137,Female,Product,Yes,40.8,14,89,2.0,7.3,56.0,2,0.05,Low,High
E107138,Female,Product,Yes,49.6,2,86,6.7,4.5,79.1,6,0.37,Medium,Medium
E107139,Male,Product,Yes,42.4,11,51,2.7,1.3,83.9,0,0.23,Low,Low
E107140,Female,Product,Yes,40.9,11,88,2.2,1.8,55.8,2,0.18,Low,Medium
E107141,Male,Product,Yes,44.4,16,73,2.6,5.0,80.5,3,0.13,Low,Medium
E107142,Female,Service,Yes,46.8,0,24,7.2,9.9,51.6,10,0.01,Low,Low
E107143,Male,Product,Yes,39.0,10,15,2.2,2.6,67.1,4,0.16,Low,Low
E107144,Female,Product,Yes,42.4,14,66,9.8,9.1,58.6,6,0.09,Low,Medium
E107145,Female,Product,Yes,45.5,8,32,7.8,9.3,78.1,10,0.05,Low,Low
E107146,Female,Product,No,51.7,6,19,4.5,4.7,59.6,8,0.24,Low,Low
E107147,Male,Service,Yes,32.4,10,98,6.3,5.2,89.5,1,0.3,Low,Medium
E107148,Male,Service,No,48.1,17,62,1.1,5.5,56.1,5,0.05,Low,Medium
E107149,Female,Service,Yes,43.1,6,47,8.6,7.9,87.9,1,0.18,Low,Low
E107150,Female,Service,Yes,42.5,17,71,3.4,2.1,54.9,9,0.27,Low,Medium
E107151,Male,Service,Yes,41.6,14,39,1.6,4.0,72.1,11,0.1,Low,Medium
E107152,Female,Product,Yes,43.2,15,58,7.8,2.5,84.9,1,0.58,Medium,Low
E107153,Female,Product,Yes,48.1,14,80,4.0,8.9,58.1,9,0.04,Low,High
E107154,Male,Product,Yes,42.3,3,82,6.1,1.6,87.6,10,0.51,Medium,Low
E107155,Female,Service,No,53.3,2,39,8.6,7.7,97.7,4,0.2,Low,Low
E107156,Male,Product,Yes,48.1,13,59,8.0,5.0,68.7,4,0.4,Medium,Low
E107157,Male,Product,No,46.0,2,37,4.0,7.4,50.0,10,0.1,Low,Medium
E107158,Male,Product,No,44.2,15,55,8.8,9.0,73.8,0,0.09,Low,Medium
E107159,Female,Service,Yes,50.9,14,47,4.5,4.1,95.1,7,0.27,Low,Low
E107160,Female,Service,Yes,51.7,18,42,5.5,3.0,83.3,7,0.38,Medium,Low
E107161,Male,Product,Yes,39.2,9,22,6.5,6.9,85.2,11,0.2,Low,Low
E107162,Female,Service,Yes,41.5,16,43,1.6,10.0,89.6,0,0.0,Low,High
E107163,Female,Product,Yes,48.2,3,70,6.4,7.6,95.4,5,0.15,Low,Medium
E107164,Female,Product,No,49.7,17,29,6.2,8.2,56.2,8,0.11,Low,Low
E107165,Male,Product,No,43.5,9,29,8.9,6.7,79.5,4,0.29,Low,Low
E107166,Female,Product,No,41.3,15,51,4.2,4.3,94.5,6,0.24,Low,Medium
E107167,Male,Product,Yes,45.4,2,33,3.2,6.9,88.8,5,0.1,Low,Medium
E107168,Male,Product,Yes,52.4,11,73,5.3,2.2,62.4,0,0.41,Medium,Medium
E107169,Male,Service,Yes,45.2,18,65,7.2,5.4,93.7,2,0.33,Medium,Medium
E107170,Male,Service,Yes,38.7,2,99,6.1,6.2,64.7,6,0.23,Low,High
E107171,Female,Service,Yes,45.5,8,49,2.2,9.2,70.5,7,0.02,Low,High
E107172,Male,Service,Yes,48.9,6,50,4.1,9.3,59.3,6,0.03,Low,Medium
E107173,Female,Service,No,44.5,15,67,1.6,1.5,94.3,0,0.14,Low,Medium
E107174,Male,Service,No,51.3,0,94,7.7,6.7,54.7,11,0.25,Low,Medium
E107175,Male,Product,Yes,49.3,14,26,8.9,8.2,99.7,11,0.16,Low,Low
E107176,Other,Service,No,44.7,1,42,1.4,5.8,66.4,2,0.06,Low,Medium
E107177,Female,Service,Yes,45.2,15,85,5.7,1.9,85.5,1,0.46,Medium,Medium
E107178,Male,Product,Yes,35.8,6,47,6.1,3.1,56.4,3,0.42,Medium,Low
E107179,Male,Product,No,51.1,13,89,4.9,3.8,74.4,2,0.3,Low,Medium
E107180,Male,Product,No,43.4,1,93,5.5,7.0,52.0,8,0.17,Low,High
E107181,Male,Product,Yes,43.0,17,97,7.4,1.6,93.9,5,0.62,High,Medium
E107182,Female,Service,Yes,42.3,0,69,5.4,5.9,72.3,5,0.22,Low,Medium
E107183,Female,Service,No,47.3,15,93,9.3,2.0,87.1,5,0.74,High,Low
E107184,Male,Service,Yes,39.4,8,87,5.9,4.6,94.7,8,0.32,Medium,Medium
E107185,Female,Service,Yes,40.1,2,91,1.6,4.8,53.4,8,0.08,Low,High
E107186,Female,Service,Yes,44.7,12,64,9.6,5.1,75.6,8,0.47,Medium,Low
E107187,Male,Product,No,41.9,1,43,2.3,7.4,59.5,3,0.06,Low,Medium
E107188,Male,Service,Yes,46.7,17,72,8.1,1.7,53.5,5,0.67,High,Low
E107189,Female,Service,No,42.1,1,40,5.7,3.4,81.1,8,0.38,Medium,Low
E107190,Female,Service,Yes,53.0,7,37,7.7,6.8,55.7,5,0.25,Low,Low
E107191,Male,Product,Yes,48.5,2,31,5.6,9.5,74.6,7,0.03,Low,Medium
E107192,Male,Service,No,48.4,16,19,1.5,6.6,59.8,7,0.05,Low,Medium
E107193,Male,Service,Yes,42.0,1,73,4.4,9.0,59.9,4,0.04,Low,High
E107194,Female,Service,Yes,57.0,5,30,6.6,9.7,76.1,2,0.02,Low,Medium
E107195,Male,Service,Yes,42.8,7,35,6.7,9.0,77.8,5,0.07,Low,Medium
E107196,Male,Service,No,41.4,16,19,9.8,9.7,50.2,4,0.03,Low,Low
E107197,Female,Service,Yes,48.5,5,72,6.5,8.0,75.0,2,0.13,Low,Medium
E107198,Female,Service,Yes,46.0,11,40,3.6,9.0,83.5,5,0.04,Low,Medium
E107199,Female,Product,Yes,40.9,15,57,1.4,5.4,83.9,3,0.06,Low,Medium
E107200,Male,Service,Yes,56.0,5,73,8.1,4.1,92.5,5,0.48,Medium,Low
E107201,Male,Product,Yes,49.9,1,72,9.0,10.0,94.8,6,0.0,Low,Medium
E107202,Male,Service,No,45.0,2,16,6.5,1.9,81.1,0,0.53,Medium,Low
E107203,Male,Service,Yes,57.0,8,58,5.3,9.6,74.1,5,0.02,Low,Medium
E107204,Female,Service,Yes,49.1,18,90,8.7,4.9,60.2,7,0.44,Medium,Medium
E107205,Male,Service,Yes,44.9,9,40,3.2,1.2,56.3,9,0.28,Low,Low
E107206,Male,Service,No,56.4,12,58,4.6,8.2,80.5,2,0.08,Low,Medium
E107207,Male,Service,Yes,48.3,19,33,5.6,5.0,97.3,1,0.28,Low,Low
E107208,Male,Product,Yes,48.1,12,63,1.4,8.2,63.9,6,0.03,Low,High
E107209,Female,Product,No,43.1,19,95,7.2,1.4,55.0,9,0.62,High,Medium
E107210,Male,Product,Yes,45.2,14,71,2.7,9.8,71.2,3,0.01,Low,High
E107211,Male,Service,Yes,42.9,12,20,4.0,7.0,50.0,6,0.12,Low,Low
E107212,Male,Product,Yes,52.2,12,37,4.7,1.4,77.7,8,0.4,Medium,Low
E107213,Male,Service,No,37.0,5,96,6.7,1.0,52.5,7,0.6,Medium,Medium
E107214,Male,Product,Yes,51.8,17,57,1.6,6.3,96.5,1,0.06,Low,Medium
E107215,Female,Service,No,40.6,6,58,4.1,9.8,93.5,9,0.01,Low,High
E107216,Female,Service,Yes,44.7,2,80,3.5,5.7,55.7,5,0.15,Low,Medium
E107217,Female,Product,Yes,43.5,0,59,1.0,4.2,57.3,2,0.06,Low,Medium
E107218,Female,Product,Yes,42.4,11,33,7.2,9.5,97.7,1,0.04,Low,Medium
E107219,Female,Service,No,48.4,4,18,3.1,9.9,90.7,9,0.0,Low,Medium
E107220,Female,Service,Yes,45.0,10,71,2.5,8.1,97.1,2,0.05,Low,High
E107221,Male,Service,Yes,41.7,11,96,8.2,7.5,66.7,10,0.2,Low,Medium
E107222,Male,Product,Yes,45.8,15,23,1.4,1.0,55.5,6,0.13,Low,Low
E107223,Male,Service,Yes,41.5,0,62,9.1,3.8,80.8,11,0.56,Medium,Low
E107224,Female,Product,Yes,42.3,17,50,7.2,9.3,98.3,11,0.05,Low,Medium
E107225,Female,Service,Yes,37.5,0,81,2.5,4.3,56.5,5,0.14,Low,Medium
E107226,Female,Service,Yes,42.7,4,32,4.2,4.0,90.9,8,0.25,Low,Low
E107227,Male,Product,Yes,47.5,3,54,9.5,5.8,68.0,2,0.4,Medium,Low
E107228,Female,Service,No,45.2,0,80,6.6,5.0,55.8,2,0.33,Medium,Medium
E107229,Male,Service,No,54.1,14,79,6.5,8.7,73.0,7,0.08,Low,Medium
E107230,Male,Service,Yes,58.1,4,38,6.9,1.7,74.4,2,0.57,Medium,Low
E107231,Male,Product,Yes,42.7,6,67,5.2,6.9,50.5,3,0.16,Low,Medium
E107232,Male,Product,Yes,40.8,16,56,2.5,7.3,73.7,9,0.07,Low,Medium
E107233,Male,Product,Yes,50.6,19,67,2.4,8.9,82.4,9,0.03,Low,High
E107234,Male,Product,Yes,46.7,5,76,7.2,4.7,88.2,7,0.38,Medium,Medium
E107235,Male,Product,Yes,50.7,12,76,9.0,3.7,54.9,2,0.57,Medium,Low
E107236,Female,Service,No,47.0,14,82,3.7,6.6,93.8,6,0.13,Low,High
E107237,Female,Service,Yes,44.0,6,49,5.5,7.5,58.4,4,0.14,Low,Medium
E107238,Female,Product,Yes,44.1,6,71,9.9,2.5,82.9,11,0.74,High,Low
E107239,Male,Product,Yes,47.2,12,75,3.3,2.4,77.6,8,0.25,Low,Medium
E107240,Female,Service,Yes,43.9,3,26,4.5,3.4,94.0,0,0.3,Low,Low
E107241,Female,Service,No,51.1,17,63,4.3,3.2,51.9,10,0.29,Low,Medium
E107242,Male,Service,Yes,38.5,7,36,1.3,7.8,59.6,11,0.03,Low,Medium
E107243,Male,Service,No,51.1,18,82,5.6,5.8,56.1,3,0.24,Low,Medium
E107244,Male,Service,Yes,35.6,15,85,2.9,5.9,66.4,10,0.12,Low,High
E107245,Male,Product,Yes,45.7,19,37,2.2,1.1,66.9,2,0.2,Low,Low
E107246,Female,Service,No,43.3,17,21,7.4,9.9,54.4,8,0.01,Low,Low
E107247,Female,Product,Yes,37.4,15,36,7.9,8.5,75.7,6,0.12,Low,Low
E107248,Male,Product,Yes,34.7,15,54,9.0,5.0,55.8,4,0.45,Medium,Low
E107249,Female,Product,No,39.5,1,33,9.4,1.6,53.7,9,0.79,High,Low
E107250,Female,Service,Yes,45.2,13,67,8.8,7.2,51.7,0,0.25,Low,Medium
E107251,Female,Service,Yes,42.0,18,44,2.1,5.8,96.5,7,0.09,Low,Medium
E107252,Male,Service,Yes,39.8,15,40,3.0,7.1,69.8,11,0.09,Low,Medium
E107253,Female,Service,Yes,51.8,3,55,2.1,7.1,64.2,0,0.06,Low,Medium
E107254,Male,Service,Yes,38.8,12,36,4.2,2.4,74.1,0,0.32,Medium,Low
E107255,Female,Product,No,48.4,7,75,2.1,4.0,57.9,10,0.13,Low,Medium
E107256,Male,Service,Yes,40.6,2,87,6.9,1.2,70.3,2,0.61,High,Low
E107257,Male,Product,Yes,39.4,2,60,7.5,9.8,59.5,10,0.01,Low,Medium
E107258,Female,Product,Yes,42.0,4,72,2.4,8.3,65.2,10,0.04,Low,High
E107259,Male,Product,Yes,48.1,10,43,6.6,9.4,96.2,10,0.04,Low,Medium
E107260,Male,Product,Yes,38.1,12,67,1.2,1.4,57.4,0,0.1,Low,Medium
E107261,Male,Service,Yes,46.4,1,32,4.9,5.5,73.7,2,0.22,Low,Low
E107262,Female,Product,No,40.2,5,45,3.6,7.7,83.0,4,0.08,Low,Medium
E107263,Male,Service,Yes,41.1,6,46,10.0,1.9,95.9,1,0.81,High,Low
E107264,Female,Product,Yes,47.0,3,23,9.3,8.0,96.2,4,0.19,Low,Low
E107265,Male,Service,Yes,55.9,8,51,2.3,6.8,62.4,9,0.07,Low,Medium
E107266,Male,Service,Yes,40.4,17,22,9.3,9.9,97.2,5,0.01,Low,Low
E107267,Male,Service,No,48.6,13,38,4.8,2.3,66.6,4,0.37,Medium,Low
E107268,Male,Service,Yes,43.4,5,82,6.2,6.7,94.7,7,0.2,Low,Medium
E107269,Male,Service,Yes,42.6,19,66,5.8,9.5,54.7,5,0.03,Low,Medium
E107270,Male,Service,Yes,50.4,1,60,7.5,7.7,59.9,3,0.17,Low,Medium
E107271,Female,Product,Yes,40.8,3,31,4.0,4.0,53.9,1,0.24,Low,Low
E107272,Female,Service,No,39.2,14,35,1.6,2.1,65.0,7,0.13,Low,Low
E107273,Male,Service,Yes,47.3,2,62,4.8,9.7,93.7,8,0.01,Low,Medium
E107274,Male,Service,Yes,53.0,3,23,5.9,1.6,58.0,10,0.5,Medium,Low
E107275,Female,Service,Yes,48.7,3,83,6.0,9.8,61.2,7,0.01,Low,High
E107276,Male,Service,Yes,38.0,14,19,8.1,3.7,60.8,9,0.51,Medium,Low
E107277,Male,Product,Yes,41.9,10,20,1.4,8.7,63.7,8,0.02,Low,Medium
E107278,Female,Service,No,49.9,16,86,9.9,6.0,50.9,0,0.4,Medium,Medium
E107279,Female,Service,Yes,52.9,14,62,9.9,9.2,71.2,4,0.08,Low,Medium
E107280,Female,Service,No,46.1,2,60,1.9,4.8,98.8,2,0.1,Low,Medium
E107281,Male,Service,Yes,42.1,9,93,4.1,8.6,72.4,3,0.06,Low,High
E107282,Male,Service,No,53.2,3,87,6.3,3.1,90.7,4,0.43,Medium,Medium
E107283,Female,Product,Yes,44.6,12,77,4.4,5.2,78.6,9,0.21,Low,Medium
E107284,Male,Service,Yes,42.0,1,17,5.4,8.6,50.7,10,0.08,Low,Low
E107285,Male,Service,No,41.1,5,45,3.9,2.1,79.3,0,0.31,Medium,Low
E107286,Male,Product,Yes,39.0,18,21,7.4,7.6,97.3,1,0.18,Low,Low
E107287,Male,Service,Yes,59.2,7,30,4.3,4.9,77.7,10,0.22,Low,Low
E107288,Female,Product,No,52.1,5,29,4.9,5.6,76.4,10,0.22,Low,Low
E107289,Female,Service,Yes,41.7,19,21,6.2,6.2,83.5,7,0.24,Low,Low
E107290,Female,Service,Yes,53.7,13,52,9.7,3.5,93.5,9,0.63,High,Low
E107291,Male,Product,No,47.7,7,22,6.8,1.9,78.2,5,0.55,Medium,Low
E107292,Male,Service,No,47.4,5,70,1.9,1.2,70.3,8,0.17,Low,Medium
E107293,Male,Product,No,41.4,11,94,3.9,4.9,51.9,11,0.2,Low,High
E107294,Male,Service,Yes,42.4,8,15,4.8,3.4,55.6,1,0.32,Medium,Low
E107295,Female,Product,Yes,44.8,6,33,7.7,6.7,82.4,5,0.25,Low,Low
E107296,Male,Product,No,35.2,12,92,5.0,7.4,80.9,11,0.13,Low,High
E107297,Male,Product,Yes,42.6,15,33,6.9,5.5,62.0,8,0.31,Medium,Low
E107298,Male,Product,No,45.0,7,18,8.6,6.6,85.9,0,0.29,Low,Low
E107299,Female,Product,Yes,51.5,13,78,1.9,6.0,64.0,9,0.08,Low,High
E107300,Male,Service,Yes,41.9,15,16,7.9,1.0,65.2,9,0.71,High,Low
E107301,Male,Service,Yes,49.1,19,90,7.7,8.6,53.1,11,0.11,Low,Medium
E107302,Male,Service,No,34.7,5,37,8.4,1.5,77.5,7,0.71,High,Low
E107303,Female,Service,Yes,50.8,3,70,9.6,4.7,64.4,3,0.51,Medium,Low
E107304,Male,Product,No,40.5,3,96,3.8,2.0,90.9,4,0.3,Low,Medium
E107305,Female,Service,No,45.7,2,65,4.9,7.0,90.1,4,0.15,Low,Medium
E107306,Female,Service,No,47.0,9,95,3.4,3.9,56.4,3,0.21,Low,Medium
E107307,Male,Product,No,46.1,5,45,3.9,1.6,58.0,2,0.33,Medium,Low
E107308,Female,Service,No,44.5,17,72,4.0,1.4,66.0,11,0.34,Medium,Medium
E107309,Male,Service,No,38.8,12,50,8.8,3.1,79.0,2,0.61,High,Low
E107310,Female,Service,Yes,40.6,10,26,1.6,7.0,67.1,4,0.05,Low,Medium
E107311,Male,Service,Yes,50.0,3,49,2.8,7.5,67.5,10,0.07,Low,Medium
E107312,Male,Product,Yes,42.0,7,94,6.5,2.2,57.0,0,0.51,Medium,Medium
E107313,Male,Service,Yes,44.5,2,18,7.9,2.3,66.8,3,0.61,High,Low
E107314,Male,Service,Yes,37.5,11,42,7.3,6.3,73.5,8,0.27,Low,Low
E107315,Other,Product,Yes,49.3,12,47,1.4,9.6,99.2,1,0.01,Low,High
E107316,Male,Service,No,38.4,10,88,5.1,6.0,91.9,0,0.2,Low,Medium
E107317,Female,Product,Yes,49.6,8,45,2.7,7.4,89.6,8,0.07,Low,Medium
E107318,Male,Product,Yes,39.7,3,92,9.9,6.2,78.0,9,0.38,Medium,Medium
E107319,Female,Service,No,50.1,10,19,10.0,1.9,68.0,6,0.81,High,Low
E107320,Male,Service,Yes,45.1,7,24,1.5,9.5,92.8,11,0.01,Low,Medium
E107321,Male,Service,Yes,42.2,17,39,7.0,1.6,67.4,4,0.59,Medium,Low
E107322,Male,Product,No,53.0,2,55,8.3,7.8,79.6,11,0.18,Low,Medium
E107323,Female,Service,Yes,44.7,3,31,3.9,9.8,62.9,7,0.01,Low,Medium
E107324,Male,Service,Yes,43.2,16,75,7.2,3.9,88.8,7,0.44,Medium,Medium
E107325,Male,Product,Yes,49.5,15,98,2.7,2.5,75.7,4,0.2,Low,Medium
E107326,Male,Service,Yes,37.6,6,74,2.2,6.1,94.8,1,0.09,Low,High
E107327,Female,Service,No,32.4,1,47,9.3,8.2,78.4,2,0.17,Low,Low
E107328,Male,Product,Yes,50.8,4,23,6.8,9.5,58.2,1,0.03,Low,Low
E107329,Female,Service,No,40.8,0,64,8.4,7.2,99.6,11,0.24,Low,Medium
E107330,Male,Product,Yes,49.3,12,45,5.8,4.0,75.1,10,0.35,Medium,Low
E107331,Female,Product,Yes,45.2,11,19,2.4,5.4,62.5,5,0.11,Low,Low
E107332,Female,Service,No,39.2,18,60,4.4,7.9,66.5,1,0.09,Low,Medium
E107333,Male,Product,No,48.0,7,18,8.9,8.1,56.1,11,0.17,Low,Low
E107334,Male,Service,Yes,42.9,7,45,1.1,1.7,53.7,2,0.09,Low,Low
E107335,Male,Product,Yes,39.6,11,18,2.9,6.5,72.5,3,0.1,Low,Low
E107336,Male,Service,No,39.7,3,32,3.3,9.7,97.6,1,0.01,Low,Medium
E107337,Male,Service,Yes,36.3,6,96,3.4,8.1,56.1,0,0.06,Low,High
E107338,Female,Service,Yes,47.0,15,48,1.9,1.1,95.1,6,0.17,Low,Low
E107339,Male,Service,No,40.3,17,62,8.6,3.0,89.8,0,0.6,Medium,Low
E107340,Female,Product,Yes,44.8,5,77,2.4,5.0,90.3,9,0.12,Low,Medium
E107341,Male,Product,Yes,44.1,17,28,8.5,7.4,85.5,6,0.22,Low,Low
E107342,Female,Product,Yes,40.3,3,47,4.2,6.0,79.6,4,0.17,Low,Medium
E107343,Male,Service,No,37.4,8,95,5.1,1.7,56.1,11,0.42,Medium,Medium
E107344,Male,Service,Yes,57.7,12,56,5.2,7.6,78.8,1,0.12,Low,Medium
E107345,Male,Product,No,44.8,18,46,7.4,8.5,67.6,8,0.11,Low,Medium
E107346,Male,Service,Yes,54.1,11,57,7.6,2.9,55.3,11,0.54,Medium,Low
E107347,Male,Product,Yes,50.8,15,71,6.8,1.6,90.2,5,0.57,Medium,Low
E107348,Female,Product,Yes,43.4,4,29,8.0,8.1,77.3,6,0.15,Low,Low
E107349,Female,Service,Yes,45.9,1,64,1.1,6.8,87.2,8,0.04,Low,High
E107350,Male,Product,Yes,45.8,2,85,5.5,8.2,74.0,7,0.1,Low,High
E107351,Male,Product,Yes,54.2,12,77,5.7,6.1,77.6,7,0.22,Low,Medium
E107352,Male,Product,No,49.1,6,84,3.2,4.9,85.6,2,0.16,Low,Medium
E107353,Male,Service,No,41.0,12,23,6.0,9.7,62.3,7,0.02,Low,Medium
E107354,Male,Service,Yes,46.8,15,27,5.2,8.0,92.4,3,0.1,Low,Low
E107355,Female,Service,No,49.0,13,32,5.2,4.7,71.0,6,0.28,Low,Low
E107356,Other,Service,Yes,39.1,17,49,2.1,9.2,85.4,5,0.02,Low,High
E107357,Female,Service,Yes,47.5,12,15,4.9,9.9,66.3,0,0.0,Low,Medium
E107358,Male,Product,Yes,51.7,13,50,7.9,3.8,85.1,3,0.49,Medium,Low
E107359,Female,Product,Yes,40.7,8,94,4.7,9.0,52.2,8,0.05,Low,High
E107360,Female,Service,Yes,41.4,7,96,5.4,1.4,96.5,8,0.46,Medium,Medium
E107361,Male,Service,Yes,50.8,4,81,9.7,2.9,89.3,6,0.69,High,Low
E107362,Male,Product,Yes,43.2,6,60,8.8,2.4,83.2,2,0.67,High,Low
E107363,Female,Service,Yes,40.1,15,51,9.4,4.2,66.2,2,0.55,Medium,Low
E107364,Male,Product,No,49.4,9,86,1.7,6.1,92.1,7,0.07,Low,High
E107365,Male,Product,No,47.9,2,96,6.6,7.5,88.4,8,0.16,Low,High
E107366,Male,Product,Yes,45.5,16,43,3.0,9.1,72.7,2,0.03,Low,Medium
E107367,Female,Product,No,50.6,9,58,4.6,2.4,59.9,10,0.35,Medium,Low
E107368,Male,Product,Yes,51.0,10,82,7.1,6.2,58.8,7,0.27,Low,Medium
E107369,Female,Service,No,44.6,19,90,6.2,6.0,74.4,5,0.25,Low,Medium
E107370,Female,Service,Yes,54.9,9,91,5.6,5.1,89.2,4,0.27,Low,Medium
E107371,Female,Service,Yes,52.9,17,28,8.3,7.3,85.7,10,0.22,Low,Low
E107372,Male,Service,Yes,35.1,0,92,7.1,5.6,74.7,6,0.31,Medium,Medium
E107373,Female,Product,Yes,39.8,3,65,8.4,6.0,60.2,1,0.34,Medium,Low
E107374,Male,Service,Yes,33.7,2,88,9.4,9.1,62.0,0,0.08,Low,Medium
E107375,Male,Product,Yes,43.4,19,23,7.4,8.7,52.9,1,0.1,Low,Low
E107376,Male,Service,Yes,38.9,5,95,4.6,6.2,58.8,1,0.17,Low,High
E107377,Male,Service,Yes,40.9,5,83,2.9,2.4,50.6,3,0.22,Low,Medium
E107378,Female,Product,No,50.5,16,48,3.4,9.6,83.7,1,0.01,Low,Medium
E107379,Male,Service,Yes,36.2,18,79,4.6,6.6,79.4,3,0.16,Low,Medium
E107380,Male,Product,No,45.6,16,41,7.7,8.3,99.4,3,0.13,Low,Low
E107381,Male,Product,Yes,45.6,16,54,1.4,1.5,88.1,0,0.12,Low,Medium
E107382,Other,Service,Yes,44.6,16,22,8.3,9.1,62.3,8,0.07,Low,Low
E107383,Female,Service,Yes,45.7,2,20,7.8,7.2,85.4,2,0.22,Low,Low
E107384,Female,Service,No,33.8,13,67,5.5,7.2,50.6,3,0.15,Low,Medium
E107385,Male,Product,Yes,41.0,1,19,4.6,2.0,99.3,2,0.37,Medium,Low
E107386,Male,Product,Yes,52.7,3,68,2.0,7.4,80.7,0,0.05,Low,High
E107387,Female,Service,Yes,39.0,17,32,3.6,1.7,56.0,9,0.3,Low,Low
E107388,Male,Product,Yes,53.3,1,85,2.0,1.5,74.9,6,0.17,Low,Medium
E107389,Male,Service,Yes,38.0,11,50,8.4,3.9,97.0,10,0.51,Medium,Low
E107390,Female,Product,Yes,37.4,14,68,5.6,1.2,92.5,7,0.49,Medium,Low
E107391,Male,Product,No,40.2,12,48,3.2,2.4,64.9,0,0.24,Low,Low
E107392,Female,Product,No,50.6,10,46,1.2,7.5,69.8,11,0.03,Low,Medium
E107393,Male,Product,No,42.3,6,65,5.7,8.5,92.7,10,0.09,Low,Medium
E107394,Male,Service,Yes,46.7,8,17,7.8,2.6,95.0,8,0.58,Medium,Low
E107395,Male,Product,Yes,45.4,14,79,7.9,8.4,95.7,10,0.13,Low,Medium
E107396,Male,Service,Yes,44.7,2,99,2.9,5.3,97.4,10,0.14,Low,High
E107397,Female,Product,No,51.4,9,27,10.0,9.6,75.0,8,0.04,Low,Low
E107398,Female,Service,Yes,48.9,7,22,6.1,2.3,93.1,0,0.47,Medium,Low
E107399,Male,Product,Yes,39.3,5,58,4.0,1.5,67.3,7,0.34,Medium,Low
E107400,Male,Product,No,43.6,13,44,4.5,8.6,91.9,3,0.06,Low,Medium
E107401,Female,Product,Yes,53.7,5,22,2.1,4.3,67.4,2,0.12,Low,Low
E107402,Female,Service,Yes,46.6,18,72,5.4,5.1,80.4,6,0.26,Low,Medium
E107403,Male,Product,Yes,37.5,8,22,7.8,5.6,73.4,1,0.34,Medium,Low
E107404,Male,Product,Yes,37.8,8,75,4.7,8.4,94.6,2,0.08,Low,High
E107405,Male,Product,No,49.5,19,93,8.8,1.7,53.3,8,0.73,High,Low
E107406,Female,Service,Yes,48.5,15,67,5.3,6.0,97.4,4,0.21,Low,Medium
E107407,Female,Service,Yes,40.4,12,85,9.1,4.9,73.1,5,0.46,Medium,Medium
E107408,Male,Service,Yes,48.7,12,90,7.3,4.1,74.1,2,0.43,Medium,Medium
E107409,Female,Service,Yes,53.0,11,50,1.5,4.1,91.4,2,0.09,Low,Medium
E107410,Male,Service,Yes,52.3,19,88,1.6,9.4,83.3,10,0.01,Low,High
E107411,Male,Service,Yes,53.0,1,76,8.2,3.4,97.7,7,0.54,Medium,Low
E107412,Male,Service,Yes,47.8,3,33,4.2,5.1,77.3,2,0.21,Low,Low
E107413,Female,Service,Yes,44.1,6,32,2.7,5.4,77.9,11,0.12,Low,Medium
E107414,Male,Service,No,43.0,18,58,8.8,7.5,98.6,9,0.22,Low,Low
E107415,Male,Product,Yes,44.9,2,34,9.8,5.7,96.3,3,0.42,Medium,Low
E107416,Male,Service,No,40.6,10,16,8.3,6.6,60.4,6,0.28,Low,Low
E107417,Male,Service,Yes,43.2,18,44,7.5,4.6,65.3,8,0.4,Medium,Low
E107418,Male,Service,Yes,51.4,13,65,1.0,7.5,81.3,2,0.02,Low,High
E107419,Female,Product,No,37.0,16,58,2.0,5.2,97.0,5,0.1,Low,Medium
E107420,Male,Product,Yes,37.3,4,61,7.0,3.0,78.2,2,0.49,Medium,Low
E107421,Female,Service,Yes,49.2,13,57,4.7,8.4,86.6,2,0.08,Low,Medium
E107422,Male,Service,Yes,43.2,6,25,1.2,7.9,54.7,5,0.03,Low,Medium
E107423,Male,Product,Yes,35.4,11,56,7.7,6.6,76.1,0,0.26,Low,Low
E107424,Male,Service,Yes,44.7,16,33,4.8,5.7,57.4,0,0.21,Low,Low
E107425,Male,Service,Yes,44.0,19,17,6.9,2.9,63.0,11,0.49,Medium,Low
E107426,Male,Service,Yes,42.8,17,18,5.2,8.8,58.3,11,0.06,Low,Low
E107427,Male,Service,Yes,48.4,0,52,1.2,1.9,58.3,11,0.1,Low,Medium
E107428,Female,Product,No,38.3,10,87,6.7,4.4,99.6,3,0.38,Medium,Medium
E107429,Female,Service,Yes,45.1,3,86,8.1,8.7,64.9,2,0.11,Low,Medium
E107430,Male,Product,Yes,43.9,11,48,2.4,6.4,78.3,6,0.09,Low,Medium
E107431,Male,Product,Yes,45.2,4,65,9.0,4.9,51.0,11,0.46,Medium,Low
E107432,Male,Service,Yes,36.3,14,45,2.6,8.1,90.3,6,0.05,Low,Medium
E107433,Male,Service,Yes,42.4,19,97,4.8,9.9,84.0,3,0.0,Low,High
E107434,Male,Service,Yes,45.1,2,51,5.7,2.7,61.4,6,0.42,Medium,Low
E107435,Female,Service,Yes,47.7,14,58,3.8,1.5,51.8,3,0.32,Medium,Low
E107436,Male,Service,No,54.2,7,73,5.5,5.2,63.7,7,0.26,Low,Medium
E107437,Male,Product,No,49.0,10,32,7.5,3.6,81.4,3,0.48,Medium,Low
E107438,Male,Service,Yes,47.3,11,39,7.4,7.0,50.8,1,0.22,Low,Low
E107439,Male,Product,No,51.4,2,24,9.3,5.4,53.8,9,0.43,Medium,Low
E107440,Female,Service,No,43.5,5,83,8.8,5.5,70.5,3,0.4,Medium,Medium
E107441,Male,Product,Yes,52.8,7,93,9.9,4.2,58.8,9,0.57,Medium,Medium
E107442,Male,Product,No,50.6,6,39,6.4,2.9,81.6,2,0.45,Medium,Low
E107443,Female,Service,Yes,42.8,16,98,4.6,2.9,58.7,4,0.33,Medium,Medium
E107444,Male,Service,Yes,54.6,15,65,3.2,4.5,99.7,3,0.18,Low,Medium
E107445,Female,Service,Yes,47.2,16,67,3.2,7.1,71.8,9,0.09,Low,Medium
E107446,Female,Service,No,56.0,12,24,2.4,4.0,57.4,5,0.14,Low,Low
E107447,Male,Service,Yes,46.5,3,63,7.5,3.9,53.7,2,0.46,Medium,Low
E107448,Female,Service,Yes,42.2,9,52,6.9,4.8,71.0,2,0.36,Medium,Low
E107449,Male,Service,Yes,41.2,15,60,3.6,9.9,90.5,3,0.0,Low,High
E107450,Male,Product,Yes,43.2,18,84,9.0,1.8,71.9,2,0.74,High,Low
E107451,Male,Service,Yes,42.1,6,25,6.0,3.7,57.1,2,0.38,Medium,Low
E107452,Male,Service,No,51.4,17,97,1.6,3.6,74.4,3,0.1,Low,High
E107453,Female,Service,Yes,44.9,12,30,1.6,9.8,66.9,9,0.0,Low,Medium
E107454,Female,Service,Yes,36.9,3,46,2.3,4.7,75.1,7,0.12,Low,Medium
E107455,Other,Service,No,46.1,17,16,2.9,6.1,69.6,6,0.11,Low,Low
E107456,Female,Product,Yes,45.6,15,72,9.0,2.8,82.4,0,0.65,High,Low
E107457,Male,Service,Yes,42.7,17,99,8.0,1.1,90.2,3,0.71,High,Low
E107458,Male,Service,Yes,46.3,15,52,2.8,4.1,94.3,5,0.17,Low,Medium
E107459,Male,Service,No,44.8,8,93,3.2,6.8,87.1,6,0.1,Low,High
E107460,Male,Service,Yes,48.2,1,71,6.7,7.2,67.8,9,0.19,Low,Medium
E107461,Male,Service,Yes,47.9,5,91,8.8,7.8,72.4,10,0.19,Low,Medium
E107462,Female,Product,Yes,46.8,5,85,3.9,8.7,82.1,8,0.05,Low,High
E107463,Male,Service,No,38.5,5,73,5.7,2.0,61.0,10,0.46,Medium,Low
E107464,Male,Service,Yes,55.6,13,71,9.0,1.7,85.1,0,0.75,High,Low
E107465,Male,Product,Yes,37.2,10,81,7.9,8.1,82.5,0,0.15,Low,Medium
E107466,Female,Service,Yes,44.4,16,29,9.0,4.9,82.8,1,0.46,Medium,Low
E107467,Female,Service,Yes,39.5,3,98,3.5,9.5,66.7,3,0.02,Low,High
E107468,Female,Product,Yes,47.0,3,72,7.2,9.5,80.1,1,0.04,Low,Medium
E107469,Male,Service,Yes,45.7,18,17,2.0,2.3,59.9,6,0.15,Low,Low
E107470,Female,Product,No,44.2,15,72,6.5,7.2,59.5,11,0.18,Low,Medium
E107471,Male,Service,No,52.6,7,41,3.7,1.6,88.4,9,0.31,Medium,Low
E107472,Female,Service,Yes,50.5,18,29,7.3,4.6,69.0,7,0.39,Medium,Low
E107473,Male,Service,Yes,43.4,19,74,2.3,8.6,77.2,0,0.03,Low,High
E107474,Male,Service,Yes,49.0,0,17,7.0,5.1,64.6,9,0.34,Medium,Low
E107475,Male,Service,No,52.8,3,42,7.4,1.3,61.8,7,0.64,High,Low
E107476,Female,Service,Yes,50.5,11,61,8.7,3.2,89.0,11,0.59,Medium,Low
E107477,Male,Product,Yes,44.3,18,79,7.2,1.8,89.7,11,0.59,Medium,Low
E107478,Female,Product,No,37.0,1,67,5.7,4.7,91.8,9,0.3,Low,Medium
E107479,Male,Service,No,46.6,5,34,8.1,7.3,92.7,8,0.22,Low,Low
E107480,Male,Service,Yes,48.3,19,25,3.6,6.9,70.6,8,0.11,Low,Medium
E107481,Male,Product,Yes,41.2,2,39,7.1,7.5,90.4,10,0.18,Low,Low
E107482,Male,Product,Yes,45.1,2,77,7.5,4.5,67.3,1,0.41,Medium,Medium
E107483,Male,Service,Yes,44.6,0,18,4.5,3.4,52.6,2,0.3,Low,Low
E107484,Male,Product,No,51.9,8,97,9.9,1.5,84.5,8,0.84,High,Low
E107485,Female,Service,Yes,54.3,6,68,4.2,9.5,59.9,7,0.02,Low,High
E107486,Male,Service,Yes,50.9,8,74,1.8,2.1,72.6,10,0.14,Low,Medium
E107487,Female,Service,No,44.6,0,42,3.7,2.6,58.2,3,0.27,Low,Low
E107488,Female,Product,Yes,50.7,7,24,1.9,1.2,69.6,11,0.17,Low,Low
E107489,Female,Product,Yes,48.2,17,99,4.1,3.9,94.2,4,0.25,Low,Medium
E107490,Male,Product,Yes,44.6,2,50,2.2,8.4,80.7,3,0.04,Low,Medium
E107491,Male,Service,No,55.5,16,94,5.0,4.0,57.4,4,0.3,Low,Medium
E107492,Male,Product,Yes,41.3,6,47,8.0,7.0,86.3,0,0.24,Low,Low
E107493,Female,Service,Yes,48.0,10,73,1.6,9.7,92.4,1,0.0,Low,High
E107494,Female,Service,Yes,49.2,4,59,6.1,9.0,58.3,1,0.06,Low,Medium
E107495,Male,Service,No,43.6,12,65,1.4,2.6,87.2,11,0.1,Low,Medium
E107496,Male,Service,Yes,47.8,10,60,9.0,4.2,77.5,4,0.52,Medium,Low
E107497,Female,Product,Yes,49.7,2,27,9.3,7.8,80.2,1,0.2,Low,Low
E107498,Male,Service,No,46.2,12,18,5.4,9.8,97.0,0,0.01,Low,Medium
E107499,Female,Product,No,47.4,19,56,7.9,7.4,51.8,10,0.21,Low,Medium
E107500,Male,Service,No,45.5,5,41,6.3,3.3,81.9,9,0.42,Medium,Low
E107501,Female,Service,Yes,49.0,14,22,4.1,2.2,54.1,4,0.32,Medium,Low
E107502,Male,Product,No,43.9,1,60,3.2,5.5,89.5,1,0.14,Low,Medium
E107503,Male,Service,Yes,43.4,1,22,7.8,2.7,94.8,1,0.57,Medium,Low
E107504,Female,Product,Yes,45.1,13,40,4.9,3.0,54.3,0,0.34,Medium,Low
E107505,Female,Product,Yes,50.9,1,15,9.3,6.7,51.3,9,0.31,Medium,Low
E107506,Male,Service,Yes,36.3,4,97,9.8,5.6,97.8,2,0.43,Medium,Medium
E107507,Male,Product,Yes,40.5,15,75,2.9,2.1,96.3,1,0.23,Low,Medium
E107508,Female,Service,Yes,56.4,7,98,6.0,2.4,96.2,6,0.46,Medium,Medium
E107509,Female,Product,No,46.4,7,96,5.8,1.2,97.0,7,0.51,Medium,Medium
E107510,Female,Service,Yes,43.0,10,53,8.8,3.0,75.0,8,0.62,High,Low
E107511,Other,Service,Yes,49.0,12,23,7.2,9.0,98.8,11,0.07,Low,Low
E107512,Male,Service,Yes,41.1,14,41,6.5,8.1,94.6,7,0.12,Low,Medium
E107513,Male,Service,No,34.5,3,84,7.1,4.7,54.9,5,0.38,Medium,Medium
E107514,Female,Product,Yes,46.8,7,34,4.5,7.7,90.6,7,0.1,Low,Medium
E107515,Female,Product,Yes,41.3,15,79,9.6,4.7,85.6,0,0.51,Medium,Low
E107516,Male,Product,Yes,45.5,15,30,1.5,8.1,56.7,8,0.03,Low,Medium
E107517,Male,Service,No,46.6,9,82,1.3,2.6,86.9,7,0.1,Low,Medium
E107518,Female,Product,Yes,45.7,1,81,4.7,2.4,74.2,11,0.36,Medium,Medium
E107519,Male,Service,Yes,36.5,17,36,2.4,1.7,92.7,2,0.2,Low,Low
E107520,Male,Service,Yes,45.1,15,87,5.9,3.2,90.9,1,0.4,Medium,Medium
E107521,Male,Service,No,47.2,3,70,1.1,2.3,97.1,8,0.08,Low,Medium
E107522,Female,Service,Yes,38.0,19,71,5.1,8.2,53.8,11,0.09,Low,Medium
E107523,Female,Product,Yes,37.4,18,68,3.7,3.2,85.5,2,0.25,Low,Medium
E107524,Male,Service,Yes,39.7,7,22,2.8,5.6,68.9,5,0.12,Low,Low
E107525,Female,Service,No,48.7,19,21,5.0,7.8,88.8,1,0.11,Low,Low
E107526,Female,Product,Yes,35.0,7,90,8.7,7.1,80.1,4,0.25,Low,Medium
E107527,Male,Product,Yes,49.1,13,15,6.9,2.8,74.8,5,0.5,Medium,Low
E107528,Female,Product,Yes,47.0,15,68,2.4,1.7,50.2,11,0.2,Low,Medium
E107529,Male,Service,Yes,43.7,5,26,5.5,9.2,80.4,8,0.04,Low,Medium
E107530,Male,Product,Yes,37.6,17,94,9.4,6.6,71.0,3,0.32,Medium,Medium
E107531,Male,Service,Yes,41.0,7,28,5.0,7.4,66.6,9,0.13,Low,Low
E107532,Male,Service,No,48.9,18,33,5.2,4.5,99.4,8,0.29,Low,Low
E107533,Male,Product,Yes,51.3,3,33,9.5,3.2,85.0,6,0.65,High,Low
E107534,Female,Product,No,39.8,3,91,2.2,5.8,77.0,8,0.09,Low,High
E107535,Female,Product,Yes,50.7,6,88,7.6,1.7,93.4,2,0.63,High,Low
E107536,Female,Service,No,48.4,7,42,3.7,8.2,61.4,8,0.07,Low,Medium
E107537,Male,Product,Yes,45.0,8,91,8.8,6.9,81.0,6,0.27,Low,Medium
E107538,Male,Product,Yes,41.3,0,29,1.5,7.9,93.0,6,0.03,Low,Medium
E107539,Male,Service,Yes,42.1,16,95,9.9,6.1,56.2,5,0.39,Medium,Medium
E107540,Male,Service,No,54.1,6,77,7.9,6.2,61.8,9,0.3,Low,Medium
E107541,Male,Product,No,45.9,19,37,3.6,6.4,54.1,1,0.13,Low,Medium
E107542,Female,Service,Yes,51.6,9,57,7.8,8.1,99.6,6,0.15,Low,Medium
E107543,Other,Product,Yes,46.2,0,24,9.3,3.0,79.0,7,0.65,High,Low
E107544,Male,Service,Yes,42.7,17,50,2.0,7.1,74.5,9,0.06,Low,Medium
E107545,Male,Product,Yes,47.9,13,77,9.2,6.0,66.9,0,0.37,Medium,Medium
E107546,Female,Product,Yes,55.8,18,63,4.2,5.5,72.5,7,0.19,Low,Medium
E107547,Male,Service,Yes,41.8,17,28,1.1,5.9,88.8,7,0.05,Low,Medium
E107548,Female,Product,Yes,49.6,12,48,2.0,3.4,95.8,4,0.13,Low,Medium
E107549,Female,Service,No,46.0,6,53,9.0,1.3,55.2,3,0.78,High,Low
E107550,Female,Service,No,37.8,1,46,9.8,7.8,65.0,1,0.22,Low,Low
E107551,Male,Service,Yes,37.6,6,94,9.1,9.2,59.5,2,0.07,Low,Medium
E107552,Female,Service,No,42.7,9,95,5.0,5.3,71.8,2,0.24,Low,Medium
E107553,Male,Product,Yes,46.7,16,36,9.7,8.5,76.5,5,0.15,Low,Low
E107554,Female,Product,No,49.4,4,49,4.7,6.0,86.1,5,0.19,Low,Medium
E107555,Male,Service,Yes,37.1,8,37,2.0,9.4,93.8,8,0.01,Low,Medium
E107556,Male,Service,No,48.3,3,39,4.1,5.6,77.1,7,0.18,Low,Medium
E107557,Male,Service,Yes,44.4,19,83,10.0,2.8,74.4,8,0.72,High,Low
E107558,Male,Product,Yes,45.0,14,20,6.6,8.8,78.8,10,0.08,Low,Low
E107559,Female,Product,Yes,47.9,13,74,4.1,8.2,94.4,0,0.07,Low,High
E107560,Female,Product,Yes,53.7,17,20,6.6,4.6,82.4,10,0.36,Medium,Low
E107561,Female,Product,Yes,46.5,9,33,4.9,8.6,89.4,11,0.07,Low,Medium
E107562,Male,Service,Yes,38.2,15,33,1.4,1.1,86.0,9,0.12,Low,Low
E107563,Female,Service,No,44.1,19,26,2.8,8.2,96.2,11,0.05,Low,Medium
E107564,Male,Product,Yes,49.3,9,27,1.2,7.2,90.8,0,0.03,Low,Medium
E107565,Female,Product,Yes,49.4,8,64,3.3,4.4,67.1,3,0.18,Low,Medium
E107566,Female,Product,Yes,48.3,15,81,7.7,8.1,92.7,4,0.15,Low,Medium
E107567,Male,Product,Yes,42.4,4,90,2.7,2.1,73.4,6,0.21,Low,Medium
E107568,Female,Product,Yes,38.2,18,45,5.8,2.8,92.4,2,0.42,Medium,Low
E107569,Male,Product,No,47.9,0,91,7.3,5.8,95.3,10,0.31,Medium,Medium
E107570,Male,Product,Yes,38.9,0,37,5.9,8.9,84.3,10,0.06,Low,Medium
E107571,Male,Product,Yes,48.5,4,91,1.1,2.2,85.9,0,0.09,Low,High
E107572,Male,Service,Yes,48.5,6,84,4.3,6.1,57.1,7,0.17,Low,Medium
E107573,Female,Service,Yes,42.7,14,72,5.0,7.8,66.2,4,0.11,Low,Medium
E107574,Male,Service,Yes,44.4,10,81,4.1,7.7,77.9,4,0.09,Low,High
E107575,Male,Product,Yes,46.0,11,85,5.9,6.7,50.2,5,0.19,Low,Medium
E107576,Female,Service,No,41.9,16,24,5.6,9.5,92.4,8,0.03,Low,Medium
E107577,Female,Service,Yes,38.1,16,82,2.7,5.3,68.5,1,0.13,Low,High
E107578,Female,Service,Yes,44.8,16,58,7.8,8.9,86.2,10,0.09,Low,Medium
E107579,Female,Product,Yes,45.3,3,84,2.5,6.6,88.5,3,0.09,Low,High
E107580,Female,Service,No,51.8,1,96,5.1,7.6,77.4,11,0.12,Low,High
E107581,Male,Service,No,41.1,9,85,7.8,5.2,89.5,3,0.37,Medium,Medium
E107582,Male,Service,Yes,50.3,4,22,7.3,2.5,84.1,6,0.55,Medium,Low
E107583,Male,Product,No,39.3,9,42,4.9,2.0,68.0,5,0.39,Medium,Low
E107584,Male,Service,Yes,38.3,9,69,8.1,7.1,90.8,5,0.23,Low,Medium
E107585,Female,Service,Yes,43.5,10,81,7.4,4.4,81.8,9,0.41,Medium,Medium
E107586,Male,Product,No,40.3,9,91,4.5,6.1,58.0,0,0.18,Low,High
E107587,Female,Service,No,38.2,10,53,9.1,7.7,88.6,8,0.21,Low,Low
E107588,Male,Service,No,54.7,5,47,2.3,8.1,83.8,6,0.04,Low,Medium
E107589,Male,Product,No,42.7,9,94,4.2,5.6,64.2,2,0.18,Low,High
E107590,Male,Service,No,56.6,7,89,7.3,3.8,92.1,9,0.45,Medium,Medium
E107591,Female,Product,Yes,40.0,10,43,8.9,8.0,68.7,3,0.18,Low,Low
E107592,Female,Service,Yes,36.5,19,31,3.9,4.7,77.6,0,0.21,Low,Low
E107593,Female,Service,Yes,51.5,18,51,6.1,9.4,67.2,1,0.04,Low,Medium
E107594,Male,Product,No,41.4,6,20,1.1,8.4,86.2,5,0.02,Low,Medium
E107595,Other,Product,Yes,45.7,11,60,4.3,7.7,79.1,6,0.1,Low,Medium
E107596,Male,Service,Yes,38.2,5,28,4.0,3.2,73.5,4,0.27,Low,Low
E107597,Male,Service,No,44.8,11,97,8.6,4.3,51.0,1,0.49,Medium,Medium
E107598,Other,Product,No,38.1,4,51,1.7,8.6,80.4,6,0.02,Low,High
E107599,Male,Product,Yes,44.6,12,90,1.6,1.2,81.1,6,0.14,Low,Medium
E107600,Female,Service,Yes,42.6,16,97,5.0,8.0,59.1,2,0.1,Low,High
E107601,Male,Product,Yes,46.2,8,99,4.7,4.6,66.6,11,0.25,Low,Medium
E107602,Female,Service,Yes,48.1,19,43,2.5,8.2,93.9,0,0.05,Low,Medium
E107603,Female,Service,Yes,46.2,16,95,3.4,6.0,77.5,0,0.14,Low,High
E107604,Male,Service,No,47.3,18,63,9.8,5.7,71.8,10,0.42,Medium,Low
E107605,Female,Service,Yes,44.5,18,16,5.6,7.3,96.8,11,0.15,Low,Low
E107606,Male,Service,Yes,42.8,7,84,1.8,8.3,90.6,7,0.03,Low,High
E107607,Female,Service,Yes,47.4,7,97,1.4,7.2,54.9,6,0.04,Low,High
E107608,Male,Service,Yes,44.4,14,84,1.4,5.1,92.9,3,0.07,Low,High
E107609,Male,Service,Yes,44.6,6,79,4.5,3.9,57.5,3,0.27,Low,Medium
E107610,Male,Service,No,47.0,5,60,8.8,8.6,58.7,11,0.12,Low,Medium
E107611,Male,Service,No,39.8,15,77,8.5,5.7,53.8,0,0.37,Medium,Medium
E107612,Female,Product,Yes,52.1,7,99,4.3,8.1,74.1,11,0.08,Low,High
E107613,Male,Service,No,43.8,2,35,8.0,10.0,82.2,11,0.0,Low,Medium
E107614,Male,Product,Yes,45.6,9,41,7.8,6.8,87.7,0,0.25,Low,Low
E107615,Male,Service,Yes,44.8,9,77,5.3,3.5,51.3,0,0.34,Medium,Medium
E107616,Male,Service,Yes,48.3,18,37,4.6,8.8,58.9,7,0.06,Low,Medium
E107617,Female,Service,Yes,46.7,1,53,2.6,3.5,81.1,1,0.17,Low,Medium
E107618,Female,Product,Yes,44.8,8,72,3.5,3.3,76.3,6,0.23,Low,Medium
E107619,Male,Service,Yes,52.2,0,59,4.0,1.7,52.6,9,0.33,Medium,Low
E107620,Female,Service,Yes,29.0,9,95,8.3,1.7,96.8,6,0.69,High,Low
E107621,Female,Product,Yes,51.2,17,28,6.0,8.8,87.9,6,0.07,Low,Low
E107622,Male,Product,Yes,49.6,0,36,2.8,3.1,67.9,4,0.19,Low,Low
E107623,Female,Product,Yes,35.8,11,31,1.9,2.0,76.8,5,0.15,Low,Low
E107624,Male,Service,Yes,49.6,4,43,5.5,4.2,68.7,10,0.32,Medium,Low
E107625,Female,Service,Yes,50.3,10,52,7.0,7.4,72.8,11,0.18,Low,Medium
E107626,Female,Product,Yes,47.8,19,45,8.4,4.1,79.8,7,0.5,Medium,Low
E107627,Male,Service,No,37.2,13,72,8.2,3.8,69.9,3,0.51,Medium,Low
E107628,Female,Product,Yes,48.4,14,31,8.4,5.4,81.0,2,0.39,Medium,Low
E107629,Female,Product,Yes,50.0,1,37,5.0,1.2,73.3,11,0.44,Medium,Low
E107630,Male,Product,Yes,42.1,3,96,8.8,5.4,82.9,1,0.4,Medium,Medium
E107631,Female,Service,Yes,47.2,18,99,5.0,9.9,63.1,3,0.01,Low,High
E107632,Male,Service,No,43.2,12,34,2.5,8.2,58.6,0,0.05,Low,Medium
E107633,Other,Product,Yes,49.4,18,90,4.6,1.6,50.7,3,0.39,Medium,Medium
E107634,Female,Service,Yes,43.4,12,18,4.1,6.9,80.1,3,0.13,Low,Low
E107635,Male,Service,No,42.1,11,87,4.5,5.2,99.0,8,0.22,Low,Medium
E107636,Male,Service,Yes,44.8,1,89,6.9,8.4,71.0,9,0.11,Low,High
E107637,Female,Service,Yes,38.3,4,63,6.9,1.9,60.6,8,0.56,Medium,Low
E107638,Male,Service,No,44.3,17,40,3.0,3.1,50.7,5,0.21,Low,Low
E107639,Male,Product,No,46.8,18,46,3.8,8.1,75.6,2,0.07,Low,Medium
E107640,Male,Service,Yes,49.3,2,42,6.4,8.6,99.6,9,0.09,Low,Medium
E107641,Male,Service,Yes,46.2,3,65,1.8,5.8,99.2,11,0.08,Low,Medium
E107642,Male,Service,No,37.8,17,54,7.2,1.2,55.1,8,0.63,High,Low
E107643,Male,Service,Yes,51.8,11,51,2.6,9.0,90.8,5,0.03,Low,Medium
E107644,Male,Product,Yes,52.2,2,65,8.7,4.4,58.7,8,0.49,Medium,Low
E107645,Female,Product,Yes,45.6,10,71,4.6,1.4,90.5,9,0.4,Medium,Low
E107646,Male,Service,Yes,41.2,13,94,3.0,8.4,92.7,8,0.05,Low,High
E107647,Male,Product,Yes,42.3,2,86,7.0,4.8,50.4,10,0.36,Medium,Medium
E107648,Male,Service,Yes,44.0,4,81,6.0,2.7,61.9,3,0.44,Medium,Medium
E107649,Female,Product,No,46.4,6,17,2.5,8.2,52.8,2,0.05,Low,Medium
E107650,Male,Service,Yes,43.5,19,88,8.4,5.1,74.9,0,0.41,Medium,Medium
E107651,Male,Service,Yes,40.7,16,77,5.1,6.5,51.3,4,0.18,Low,Medium
E107652,Male,Service,Yes,50.1,18,26,2.4,8.4,81.3,3,0.04,Low,Medium
E107653,Female,Product,No,46.3,2,93,8.2,5.7,77.9,2,0.35,Medium,Medium
E107654,Female,Service,Yes,39.7,0,65,2.2,2.0,69.0,7,0.18,Low,Medium
E107655,Female,Product,Yes,46.5,7,25,9.7,9.7,73.1,9,0.03,Low,Low
E107656,Female,Service,Yes,45.8,19,20,5.0,3.6,99.5,6,0.32,Medium,Low
E107657,Female,Product,Yes,41.4,4,26,7.6,9.9,58.4,11,0.01,Low,Low
E107658,Male,Service,No,51.0,2,96,5.1,1.1,86.6,1,0.45,Medium,Medium
E107659,Female,Product,Yes,45.7,19,39,2.7,5.4,82.3,11,0.12,Low,Medium
E107660,Male,Service,Yes,43.9,16,40,7.8,7.3,83.2,8,0.21,Low,Low
E107661,Female,Service,No,44.6,12,72,3.6,9.2,67.3,7,0.03,Low,High
E107662,Female,Product,Yes,47.2,12,94,7.1,8.0,60.8,10,0.14,Low,High
E107663,Male,Product,Yes,44.6,3,50,3.3,3.3,82.5,11,0.22,Low,Medium
E107664,Male,Product,Yes,44.6,17,50,3.2,3.2,95.6,9,0.22,Low,Medium
E107665,Male,Service,Yes,50.3,5,35,5.1,4.2,98.8,3,0.3,Low,Low
E107666,Female,Service,Yes,37.9,1,63,8.3,2.0,74.0,3,0.66,High,Low
E107667,Female,Service,Yes,38.7,14,98,6.5,7.0,71.3,6,0.2,Low,High
E107668,Female,Service,Yes,48.9,1,74,1.6,9.5,67.4,6,0.01,Low,High
E107669,Male,Service,Yes,57.1,19,76,7.6,6.8,90.5,3,0.24,Low,Medium
E107670,Female,Service,Yes,49.4,19,33,6.2,5.8,62.8,0,0.26,Low,Low
E107671,Female,Product,No,54.3,15,25,6.6,5.5,75.7,5,0.3,Low,Low
E107672,Female,Product,No,42.8,10,92,4.2,6.3,67.3,5,0.16,Low,High
E107673,Male,Service,Yes,41.8,16,94,6.0,7.4,93.8,2,0.16,Low,High
E107674,Male,Service,No,47.3,0,17,4.3,8.2,64.1,4,0.08,Low,Low
E107675,Female,Service,Yes,49.8,12,71,1.7,7.3,84.3,11,0.05,Low,High
E107676,Female,Product,Yes,38.4,7,83,8.6,7.3,79.4,7,0.23,Low,Medium
E107677,Female,Service,Yes,43.9,2,67,7.1,9.6,66.4,3,0.03,Low,Medium
E107678,Male,Product,Yes,44.9,13,80,7.0,9.1,62.7,8,0.06,Low,Medium
E107679,Male,Service,Yes,41.6,13,26,2.7,8.4,90.2,9,0.04,Low,Medium
E107680,Female,Service,Yes,42.2,13,76,7.0,1.4,75.5,4,0.6,Medium,Low
E107681,Male,Product,Yes,49.2,18,59,3.1,7.0,80.6,4,0.09,Low,Medium
E107682,Female,Product,Yes,47.3,10,71,7.2,5.1,98.1,6,0.35,Medium,Medium
E107683,Male,Service,No,49.0,11,16,4.0,6.6,69.9,0,0.14,Low,Low
E107684,Male,Service,Yes,46.7,0,69,2.4,7.2,90.7,5,0.07,Low,High
E107685,Female,Product,Yes,40.6,0,33,9.2,7.4,81.9,1,0.24,Low,Low
E107686,Female,Service,No,47.1,13,75,1.9,8.8,79.7,2,0.02,Low,High
E107687,Male,Product,Yes,40.2,17,38,7.9,9.2,52.7,7,0.06,Low,Low
E107688,Male,Product,Yes,43.4,1,19,1.9,6.5,95.6,3,0.07,Low,Medium
E107689,Female,Product,Yes,39.8,3,40,7.2,9.0,61.4,6,0.07,Low,Medium
E107690,Male,Service,No,41.9,17,49,2.0,7.9,73.7,9,0.04,Low,Medium
E107691,Female,Service,No,45.5,3,33,5.6,2.8,87.6,9,0.4,Medium,Low
E107692,Male,Product,Yes,42.7,16,45,2.7,1.3,76.1,4,0.23,Low,Low
E107693,Female,Service,Yes,40.6,15,97,8.8,1.1,50.2,11,0.78,High,Low
E107694,Female,Service,Yes,50.7,15,58,4.6,6.3,97.5,1,0.17,Low,Medium
E107695,Female,Product,Yes,44.4,8,33,1.1,5.7,51.0,0,0.05,Low,Medium
E107696,Male,Service,No,42.4,9,98,6.7,7.3,54.5,4,0.18,Low,High
E107697,Female,Product,Yes,39.6,6,95,5.0,8.6,61.2,3,0.07,Low,High
E107698,Male,Product,Yes,35.6,8,26,8.7,2.5,79.9,5,0.65,High,Low
E107699,Male,Product,Yes,43.9,15,49,4.9,8.7,98.6,2,0.06,Low,Medium
E107700,Other,Product,Yes,38.1,16,72,4.7,1.9,96.1,1,0.38,Medium,Medium
E107701,Female,Service,No,48.6,15,86,5.1,8.9,82.6,2,0.06,Low,High
E107702,Female,Service,No,45.1,15,39,8.7,8.7,87.1,3,0.11,Low,Low
E107703,Male,Product,Yes,52.8,19,39,6.3,7.3,85.6,5,0.17,Low,Low
E107704,Male,Service,No,46.1,18,27,7.0,3.7,84.3,8,0.44,Medium,Low
E107705,Male,Product,Yes,41.4,9,56,7.5,1.8,90.6,11,0.62,High,Low
E107706,Female,Product,Yes,35.6,1,29,9.4,8.0,67.0,10,0.19,Low,Low
E107707,Female,Service,Yes,49.0,2,37,8.5,3.0,61.1,11,0.6,Medium,Low
E107708,Male,Product,Yes,38.5,6,42,9.3,5.0,67.4,11,0.46,Medium,Low
E107709,Female,Service,Yes,43.0,1,27,4.1,5.8,52.4,1,0.17,Low,Low
E107710,Male,Service,Yes,53.4,12,89,2.9,7.2,98.4,5,0.08,Low,High
E107711,Male,Product,Yes,48.1,3,58,2.8,5.4,87.0,11,0.13,Low,Medium
E107712,Male,Product,Yes,46.9,14,92,8.7,7.3,60.7,8,0.23,Low,Medium
E107713,Male,Service,Yes,49.7,17,66,8.5,8.3,62.8,1,0.14,Low,Medium
E107714,Male,Service,Yes,49.5,6,49,6.9,7.4,99.6,0,0.18,Low,Medium
E107715,Female,Service,Yes,52.9,17,61,1.6,3.7,88.4,10,0.1,Low,Medium
E107716,Male,Service,No,42.0,6,49,3.9,9.0,71.3,11,0.04,Low,Medium
E107717,Female,Service,Yes,43.1,8,64,7.6,6.0,60.3,7,0.3,Low,Medium
E107718,Male,Service,Yes,40.4,11,54,3.2,5.2,52.0,3,0.15,Low,Medium
E107719,Other,Product,Yes,44.8,0,91,6.6,6.2,83.5,1,0.25,Low,Medium
E107720,Female,Product,Yes,44.3,1,84,5.9,5.3,89.0,10,0.28,Low,Medium
E107721,Female,Service,Yes,36.2,17,56,3.4,7.8,55.4,7,0.07,Low,Medium
E107722,Male,Service,Yes,41.7,13,29,9.4,4.8,50.1,4,0.49,Medium,Low
E107723,Female,Product,Yes,52.2,5,74,3.3,8.0,67.9,7,0.07,Low,High
E107724,Female,Product,No,46.2,10,72,9.1,7.8,83.4,3,0.2,Low,Medium
E107725,Male,Product,Yes,48.6,18,83,5.9,3.5,96.2,3,0.38,Medium,Medium
E107726,Male,Service,Yes,44.4,7,47,1.8,1.9,94.0,11,0.15,Low,Low
E107727,Male,Service,Yes,35.6,4,54,8.5,8.7,84.4,10,0.11,Low,Medium
E107728,Female,Service,Yes,44.4,6,16,8.1,2.5,90.7,4,0.61,High,Low
E107729,Male,Product,Yes,50.2,3,47,8.5,1.3,67.8,10,0.74,High,Low
E107730,Male,Service,Yes,39.1,14,39,6.7,4.6,62.3,0,0.36,Medium,Low
E107731,Male,Service,Yes,48.7,0,73,7.4,3.3,56.2,9,0.5,Medium,Low
E107732,Male,Service,No,36.5,4,41,9.2,3.0,59.1,2,0.64,High,Low
E107733,Female,Service,Yes,45.1,16,70,2.1,2.6,98.1,7,0.16,Low,Medium
E107734,Male,Product,No,47.7,12,39,1.7,7.7,96.5,3,0.04,Low,Medium
E107735,Female,Service,Yes,43.4,16,19,2.1,8.1,52.3,0,0.04,Low,Medium
E107736,Female,Product,Yes,57.4,18,76,8.8,1.4,73.5,5,0.76,High,Low
E107737,Male,Service,Yes,42.5,3,57,6.1,5.9,68.7,5,0.25,Low,Medium
E107738,Female,Service,Yes,42.1,16,82,2.6,2.2,82.6,1,0.2,Low,Medium
E107739,Male,Service,Yes,46.0,11,92,2.3,5.5,66.4,7,0.1,Low,High
E107740,Female,Service,No,41.2,17,95,5.0,4.1,64.0,3,0.3,Low,Medium
E107741,Male,Service,Yes,37.8,10,50,8.3,2.8,90.5,11,0.6,Medium,Low
E107742,Female,Product,No,39.5,3,24,8.2,9.5,97.4,11,0.04,Low,Low
E107743,Male,Product,No,48.8,11,36,8.7,9.6,60.1,7,0.03,Low,Low
E107744,Male,Service,Yes,43.5,8,42,7.9,6.1,61.8,7,0.31,Medium,Low
E107745,Female,Service,Yes,53.5,17,62,1.6,2.7,71.0,2,0.12,Low,Medium
E107746,Male,Product,Yes,42.8,8,74,7.5,6.2,85.3,4,0.29,Low,Medium
E107747,Female,Service,No,48.6,0,98,5.7,9.4,58.4,7,0.03,Low,High
E107748,Male,Service,No,47.6,5,77,7.5,4.4,73.4,0,0.42,Medium,Medium
E107749,Female,Service,Yes,42.7,18,16,5.4,2.2,92.0,9,0.42,Medium,Low
E107750,Male,Product,Yes,40.6,0,37,5.4,7.2,61.7,3,0.15,Low,Medium
E107751,Female,Service,Yes,36.3,7,65,2.1,6.9,52.4,2,0.07,Low,High
E107752,Male,Service,No,47.8,5,94,9.1,1.0,95.3,5,0.82,High,Low
E107753,Male,Service,No,51.0,3,42,4.4,8.7,89.4,10,0.06,Low,Medium
E107754,Male,Service,Yes,37.1,2,92,6.2,6.9,84.9,9,0.19,Low,Medium
E107755,Female,Service,Yes,43.1,12,15,2.9,2.8,54.4,7,0.21,Low,Low
E107756,Male,Product,Yes,41.7,1,29,4.3,1.0,95.0,8,0.39,Medium,Low
E107757,Female,Product,Yes,47.8,12,29,8.8,9.8,65.3,6,0.02,Low,Low
E107758,Female,Service,No,43.4,14,57,2.9,7.8,60.6,10,0.06,Low,Medium
E107759,Male,Service,Yes,51.6,7,19,2.9,4.3,74.4,2,0.17,Low,Low
E107760,Female,Product,Yes,43.1,11,86,3.3,4.9,96.1,4,0.17,Low,Medium
E107761,Male,Product,Yes,38.8,7,52,6.2,5.8,99.7,4,0.26,Low,Low
E107762,Male,Service,Yes,42.7,18,77,5.7,7.5,80.7,0,0.14,Low,Medium
E107763,Female,Service,Yes,43.2,8,57,2.6,2.6,97.8,1,0.19,Low,Medium
E107764,Female,Service,No,47.6,9,65,7.2,2.8,72.7,6,0.52,Medium,Low
E107765,Female,Service,Yes,43.1,6,92,9.2,1.4,51.5,3,0.79,High,Low
E107766,Male,Service,Yes,47.2,9,97,2.8,9.9,63.8,2,0.0,Low,High
E107767,Male,Product,Yes,41.0,2,40,7.1,8.9,65.1,3,0.08,Low,Medium
E107768,Male,Service,Yes,43.5,1,60,6.3,6.0,89.1,6,0.25,Low,Medium
E107769,Female,Product,Yes,41.1,6,26,4.0,4.9,56.2,11,0.2,Low,Low
E107770,Male,Product,Yes,40.8,9,26,6.6,3.1,58.7,3,0.46,Medium,Low
E107771,Female,Product,Yes,51.4,7,43,2.9,6.4,80.7,8,0.1,Low,Medium
E107772,Male,Service,Yes,41.4,11,75,8.5,7.2,56.5,6,0.24,Low,Medium
E107773,Male,Service,No,43.3,19,55,1.2,7.2,74.8,1,0.03,Low,High
E107774,Male,Product,Yes,50.2,16,34,6.1,1.1,51.8,9,0.54,Medium,Low
E107775,Male,Product,Yes,48.8,8,60,3.9,7.3,83.4,3,0.11,Low,Medium
E107776,Male,Product,Yes,53.2,19,44,8.9,8.8,95.4,3,0.11,Low,Low
E107777,Female,Service,No,47.4,2,53,5.5,2.0,93.7,2,0.44,Medium,Low
E107778,Female,Service,Yes,42.0,3,54,8.2,7.8,53.7,0,0.18,Low,Medium
E107779,Male,Product,Yes,55.3,6,65,9.3,8.4,79.6,11,0.15,Low,Medium
E107780,Male,Service,Yes,47.9,17,16,4.0,3.5,55.2,8,0.26,Low,Low
E107781,Male,Service,Yes,44.2,16,79,8.9,7.4,52.7,4,0.23,Low,Medium
E107782,Female,Service,No,45.3,2,42,7.5,1.9,80.5,8,0.61,High,Low
E107783,Male,Service,No,45.9,2,65,2.0,6.8,78.6,7,0.06,Low,High
E107784,Female,Service,Yes,43.8,12,22,1.9,5.6,54.7,9,0.08,Low,Low
E107785,Male,Service,No,38.1,16,45,8.4,8.6,68.0,6,0.12,Low,Low
E107786,Male,Service,Yes,53.1,17,53,5.2,5.1,65.8,0,0.25,Low,Medium
E107787,Female,Product,Yes,44.9,18,74,5.5,4.9,67.1,11,0.28,Low,Medium
E107788,Male,Service,No,45.9,16,97,9.0,9.4,66.7,3,0.05,Low,High
E107789,Female,Service,Yes,55.4,15,91,9.1,9.4,91.2,3,0.05,Low,Medium
E107790,Male,Product,Yes,41.6,15,30,2.0,1.3,67.7,3,0.17,Low,Low
E107791,Male,Service,No,48.3,0,37,4.4,5.4,66.5,7,0.2,Low,Low
E107792,Male,Service,Yes,41.0,13,25,9.1,2.4,51.5,5,0.69,High,Low
E107793,Female,Product,Yes,46.6,14,68,8.4,3.5,89.5,0,0.55,Medium,Low
E107794,Female,Product,Yes,46.0,3,88,7.5,7.0,83.0,3,0.23,Low,Medium
E107795,Male,Service,No,49.0,19,83,1.9,2.2,67.1,9,0.15,Low,Medium
E107796,Female,Service,No,51.0,10,26,6.6,1.1,72.6,10,0.59,Medium,Low
E107797,Male,Product,Yes,42.1,17,50,6.2,7.5,89.7,6,0.16,Low,Medium
E107798,Male,Service,No,52.1,16,71,2.5,6.8,67.2,11,0.08,Low,High
E107799,Male,Product,No,52.4,8,40,8.0,9.1,73.7,10,0.07,Low,Low
E107800,Male,Product,Yes,43.8,13,94,3.8,5.9,51.0,8,0.16,Low,High
E107801,Male,Product,No,45.0,2,80,6.6,9.5,95.9,1,0.03,Low,High
E107802,Other,Service,Yes,42.5,19,18,4.3,6.5,68.6,1,0.15,Low,Low
E107803,Male,Service,Yes,43.5,19,30,1.8,4.5,64.8,4,0.1,Low,Medium
E107804,Male,Product,Yes,39.0,3,36,5.7,6.5,80.5,11,0.2,Low,Low
E107805,Male,Service,Yes,48.9,15,78,3.8,7.7,76.3,4,0.09,Low,High
E107806,Female,Service,Yes,34.7,11,84,1.6,4.1,70.0,6,0.09,Low,High
E107807,Female,Product,Yes,41.5,7,25,2.8,4.4,96.1,3,0.16,Low,Low
E107808,Male,Service,Yes,44.8,8,56,6.6,6.7,68.1,3,0.22,Low,Medium
E107809,Male,Service,Yes,51.5,10,99,1.9,5.1,99.9,1,0.09,Low,High
E107810,Male,Product,Yes,42.3,4,53,1.8,5.7,89.5,1,0.08,Low,Medium
E107811,Male,Service,No,47.1,11,61,9.5,9.8,95.2,3,0.02,Low,Medium
E107812,Male,Service,No,44.6,19,36,2.0,1.4,64.1,1,0.17,Low,Low
E107813,Male,Service,No,49.7,1,44,4.4,6.8,53.5,1,0.14,Low,Medium
E107814,Male,Product,Yes,46.9,10,44,2.2,9.3,71.0,9,0.02,Low,Medium
E107815,Male,Service,No,49.2,10,47,9.5,3.1,65.7,3,0.66,High,Low
E107816,Male,Service,Yes,42.2,0,44,5.3,2.9,53.0,11,0.38,Medium,Low
E107817,Female,Product,Yes,39.9,16,51,2.0,4.3,53.6,2,0.11,Low,Medium
E107818,Female,Product,Yes,46.8,16,67,7.9,1.7,58.7,9,0.66,High,Low
E107819,Female,Service,Yes,42.6,3,44,8.0,6.0,68.9,3,0.32,Medium,Low
E107820,Male,Product,No,45.2,13,40,9.1,6.8,96.8,9,0.29,Low,Low
E107821,Male,Service,Yes,46.6,4,20,7.4,8.4,82.9,10,0.12,Low,Low
E107822,Male,Product,Yes,51.2,3,68,1.5,1.6,69.9,6,0.13,Low,Medium
E107823,Female,Service,No,48.9,5,70,6.0,4.9,90.0,2,0.31,Medium,Medium
E107824,Male,Service,Yes,41.6,17,18,4.5,8.1,78.4,0,0.09,Low,Low
E107825,Female,Product,No,39.3,12,93,7.7,7.9,70.9,11,0.16,Low,Medium
E107826,Female,Service,No,53.5,5,50,6.3,1.7,57.2,10,0.52,Medium,Low
E107827,Male,Service,Yes,37.1,14,77,7.5,1.1,96.4,11,0.67,High,Low
E107828,Female,Service,Yes,42.7,4,17,2.6,8.0,81.2,3,0.05,Low,Medium
E107829,Male,Product,Yes,48.2,5,71,4.9,2.2,72.0,6,0.38,Medium,Medium
E107830,Male,Service,Yes,53.2,17,94,4.9,6.2,71.9,1,0.19,Low,High
E107831,Male,Service,Yes,44.1,6,30,9.8,1.8,88.3,11,0.8,High,Low
E107832,Male,Service,Yes,45.1,5,54,1.2,3.7,59.0,9,0.08,Low,Medium
E107833,Female,Service,No,40.6,7,67,8.3,2.4,70.9,9,0.63,High,Low
E107834,Male,Service,No,45.6,4,20,1.9,7.6,53.2,1,0.05,Low,Medium
E107835,Male,Service,No,39.2,3,35,1.7,7.1,54.0,5,0.05,Low,Medium
E107836,Female,Service,Yes,41.2,18,91,4.0,2.2,76.3,4,0.31,Medium,Medium
E107837,Female,Service,Yes,48.8,9,23,7.3,1.5,69.0,3,0.62,High,Low
E107838,Male,Product,Yes,42.8,8,77,7.1,5.2,86.0,5,0.34,Medium,Medium
E107839,Female,Product,Yes,49.6,0,57,6.7,2.8,99.3,10,0.48,Medium,Low
E107840,Female,Product,No,44.2,18,86,8.0,1.1,93.0,11,0.71,High,Low
E107841,Male,Service,No,38.2,11,42,3.1,3.4,72.1,8,0.2,Low,Low
E107842,Male,Product,Yes,50.8,18,59,6.7,2.9,68.9,3,0.48,Medium,Low
E107843,Male,Service,No,38.4,12,72,6.7,7.2,79.3,4,0.19,Low,Medium
E107844,Female,Product,Yes,42.0,14,97,6.9,8.7,54.6,8,0.09,Low,High
E107845,Female,Service,Yes,44.0,1,43,6.4,3.1,99.4,0,0.44,Medium,Low
E107846,Female,Service,Yes,50.0,19,68,3.0,3.0,99.0,9,0.21,Low,Medium
E107847,Male,Service,Yes,42.4,11,71,9.2,4.5,96.1,2,0.51,Medium,Low
E107848,Male,Service,No,40.4,17,47,9.8,2.6,83.1,0,0.73,High,Low
E107849,Male,Product,No,45.8,3,84,7.2,9.5,75.2,4,0.04,Low,High
E107850,Male,Product,Yes,43.9,19,78,5.0,3.2,85.3,10,0.34,Medium,Medium
E107851,Female,Product,Yes,42.7,11,18,5.8,1.8,65.7,11,0.48,Medium,Low
E107852,Female,Product,Yes,46.1,19,30,2.0,6.0,92.6,4,0.08,Low,Medium
E107853,Male,Service,No,39.0,12,17,4.3,5.8,56.7,2,0.18,Low,Low
E107854,Male,Service,No,36.4,3,77,9.8,6.7,90.2,4,0.32,Medium,Medium
E107855,Male,Product,No,55.7,13,95,5.9,9.7,93.4,0,0.02,Low,High
E107856,Male,Service,No,45.5,17,36,6.0,3.9,58.5,1,0.37,Medium,Low
E107857,Male,Product,Yes,45.9,5,96,9.6,4.2,73.9,1,0.56,Medium,Medium
E107858,Male,Service,Yes,41.1,0,32,9.0,4.0,94.6,10,0.54,Medium,Low
E107859,Male,Service,Yes,49.5,9,71,6.1,6.7,98.0,9,0.2,Low,Medium
E107860,Male,Product,Yes,42.3,17,39,3.4,6.4,90.6,0,0.12,Low,Medium
E107861,Male,Service,No,31.1,18,42,2.1,5.8,97.0,5,0.09,Low,Medium
E107862,Male,Service,No,42.2,1,54,8.8,4.3,96.8,6,0.5,Medium,Low
E107863,Female,Service,Yes,43.6,14,37,9.3,4.8,99.0,1,0.48,Medium,Low
E107864,Male,Product,Yes,44.1,2,22,5.4,8.1,70.7,0,0.1,Low,Low
E107865,Female,Service,Yes,44.0,7,27,1.9,6.5,64.3,4,0.07,Low,Medium
E107866,Male,Service,Yes,41.8,18,58,6.5,7.4,81.6,8,0.17,Low,Medium
E107867,Male,Service,Yes,41.3,10,61,4.3,3.5,59.4,10,0.28,Low,Medium
E107868,Male,Service,Yes,43.5,13,24,2.4,9.2,77.9,6,0.02,Low,Medium
E107869,Male,Service,No,36.8,15,55,9.3,1.3,79.0,4,0.81,High,Low
E107870,Female,Service,Yes,35.2,9,81,3.2,6.4,90.3,4,0.12,Low,High
E107871,Male,Product,Yes,45.5,16,88,7.4,8.3,68.1,8,0.13,Low,Medium
E107872,Female,Product,Yes,45.6,14,63,4.9,8.8,80.1,9,0.06,Low,Medium
E107873,Female,Service,No,49.4,10,78,8.5,3.9,95.2,10,0.52,Medium,Low
E107874,Male,Product,No,43.7,7,29,7.3,5.1,71.1,5,0.36,Medium,Low
E107875,Male,Service,Yes,39.0,7,75,2.1,1.3,78.6,9,0.18,Low,Medium
E107876,Female,Service,No,35.3,6,88,5.0,8.1,89.4,11,0.1,Low,High
E107877,Male,Service,Yes,40.5,19,66,3.3,2.1,62.5,5,0.26,Low,Medium
E107878,Female,Service,Yes,47.1,11,99,7.4,4.9,55.2,2,0.38,Medium,Medium
E107879,Male,Service,Yes,52.2,15,60,5.9,9.9,84.1,2,0.01,Low,Medium
E107880,Male,Service,Yes,45.3,15,73,4.1,9.3,68.5,8,0.03,Low,High
E107881,Male,Product,Yes,38.9,9,62,4.0,4.0,69.1,8,0.24,Low,Medium
E107882,Male,Service,No,40.6,6,53,2.0,3.0,96.5,10,0.14,Low,Medium
E107883,Female,Product,No,40.8,3,56,2.9,3.3,70.4,10,0.19,Low,Medium
E107884,Male,Service,Yes,43.0,1,65,7.4,7.2,97.7,4,0.21,Low,Medium
E107885,Female,Service,Yes,50.6,8,64,6.5,7.5,55.3,9,0.16,Low,Medium
E107886,Male,Service,Yes,51.0,14,80,4.2,2.9,67.1,5,0.3,Low,Medium
E107887,Male,Service,Yes,44.1,13,55,8.5,3.2,84.6,6,0.58,Medium,Low
E107888,Male,Product,Yes,45.9,11,72,5.4,3.9,56.3,8,0.33,Medium,Medium
E107889,Male,Product,Yes,41.0,16,18,8.1,4.9,69.4,6,0.41,Medium,Low
E107890,Male,Service,No,36.5,16,63,8.0,9.3,92.6,4,0.06,Low,Medium
E107891,Male,Product,No,53.9,12,17,8.6,1.2,88.1,11,0.76,High,Low
E107892,Female,Product,Yes,33.4,7,46,8.6,6.7,64.1,10,0.28,Low,Low
E107893,Male,Product,Yes,35.8,9,61,7.1,8.8,67.8,7,0.09,Low,Medium
E107894,Male,Service,Yes,54.0,12,76,7.7,7.5,75.3,8,0.19,Low,Medium
E107895,Female,Product,Yes,45.1,6,30,8.0,3.0,86.6,10,0.56,Medium,Low
E107896,Female,Service,Yes,39.4,2,82,2.5,5.3,57.6,2,0.12,Low,High
E107897,Male,Product,Yes,48.4,14,32,3.7,9.2,76.4,2,0.03,Low,Medium
E107898,Male,Service,Yes,48.9,6,20,1.9,2.0,53.7,4,0.15,Low,Low
E107899,Female,Service,No,38.3,4,79,2.7,9.9,69.9,1,0.0,Low,High
E107900,Female,Service,Yes,42.3,7,94,8.0,2.3,59.5,10,0.62,High,Medium
E107901,Male,Service,No,49.4,16,51,9.5,2.3,65.5,7,0.73,High,Low
E107902,Male,Product,Yes,40.9,7,87,7.1,8.3,66.6,9,0.12,Low,Medium
E107903,Female,Service,No,46.4,6,77,9.0,8.5,88.5,4,0.14,Low,Medium
E107904,Male,Service,Yes,52.1,6,95,3.9,1.3,63.3,4,0.34,Medium,Medium
E107905,Other,Product,Yes,33.0,1,73,8.6,2.5,83.2,5,0.64,High,Low
E107906,Male,Service,Yes,43.3,10,48,4.0,9.5,76.7,7,0.02,Low,Medium
E107907,Female,Service,Yes,46.3,11,51,9.0,3.5,90.2,7,0.59,Medium,Low
E107908,Male,Service,Yes,36.0,11,48,8.2,1.1,66.1,7,0.73,High,Low
E107909,Male,Service,No,42.4,18,59,9.9,3.3,99.7,0,0.66,High,Low
E107910,Female,Service,No,50.2,2,15,8.4,7.6,64.8,10,0.2,Low,Low
E107911,Male,Service,Yes,41.5,11,67,4.6,9.2,79.0,0,0.04,Low,High
E107912,Male,Product,Yes,37.6,5,76,2.0,2.4,81.6,9,0.15,Low,Medium
E107913,Male,Product,Yes,50.7,5,29,8.9,3.0,76.9,0,0.62,High,Low
E107914,Male,Service,No,47.2,18,65,6.1,5.0,92.9,7,0.3,Low,Medium
E107915,Male,Service,No,44.7,8,28,8.7,7.7,55.6,11,0.2,Low,Low
E107916,Female,Service,Yes,44.5,8,73,4.5,6.9,79.9,9,0.14,Low,Medium
E107917,Male,Product,Yes,50.1,17,66,1.3,3.9,75.3,3,0.08,Low,Medium
E107918,Male,Service,No,46.5,9,15,1.5,1.6,70.9,2,0.13,Low,Low
E107919,Male,Product,Yes,48.2,9,89,7.0,3.3,67.3,1,0.47,Medium,Medium
E107920,Female,Service,Yes,41.5,0,31,2.0,3.0,57.6,9,0.14,Low,Low
E107921,Female,Product,Yes,35.4,17,70,7.7,1.2,82.5,8,0.68,High,Low
E107922,Male,Service,No,48.1,9,19,4.8,9.8,55.9,3,0.01,Low,Medium
E107923,Male,Product,Yes,50.5,6,31,6.1,3.3,91.5,11,0.41,Medium,Low
E107924,Female,Service,No,43.9,7,32,8.2,8.5,72.4,7,0.12,Low,Low
E107925,Male,Product,Yes,49.4,10,69,3.3,5.4,80.3,0,0.15,Low,Medium
E107926,Female,Service,Yes,43.3,5,61,4.7,9.8,53.9,0,0.01,Low,Medium
E107927,Female,Service,Yes,44.5,18,94,7.6,2.3,54.7,5,0.59,Medium,Medium
E107928,Female,Service,No,53.8,8,63,9.3,2.0,61.8,8,0.74,High,Low
E107929,Male,Product,Yes,43.5,10,37,3.6,1.0,89.0,0,0.32,Medium,Low
E107930,Female,Product,Yes,43.2,1,35,6.6,7.5,74.3,4,0.16,Low,Low
E107931,Female,Service,Yes,35.7,10,43,9.6,3.8,65.5,8,0.6,Medium,Low
E107932,Female,Service,Yes,48.5,4,74,6.8,8.8,92.5,7,0.08,Low,Medium
E107933,Male,Service,No,41.5,18,60,9.0,6.7,59.6,7,0.3,Low,Low
E107934,Male,Product,Yes,45.7,16,24,9.5,6.2,63.0,8,0.36,Medium,Low
E107935,Male,Product,No,43.4,17,98,9.4,5.4,88.8,6,0.43,Medium,Medium
E107936,Male,Product,No,42.8,13,67,7.8,3.3,51.4,8,0.52,Medium,Low
E107937,Female,Service,Yes,44.4,9,21,6.0,1.6,61.0,7,0.5,Medium,Low
E107938,Male,Product,No,44.8,16,44,1.9,5.0,76.1,5,0.1,Low,Medium
E107939,Male,Product,Yes,50.9,10,69,3.0,1.9,95.8,4,0.24,Low,Medium
E107940,Male,Product,Yes,52.6,1,79,3.3,9.2,63.3,2,0.03,Low,High
E107941,Female,Service,Yes,48.3,9,35,1.3,8.5,60.7,2,0.02,Low,Medium
E107942,Female,Product,No,51.4,0,21,1.9,6.6,98.7,6,0.06,Low,Medium
E107943,Male,Service,Yes,49.3,13,58,3.7,5.1,76.2,0,0.18,Low,Medium
E107944,Male,Service,Yes,47.5,10,82,1.8,5.1,53.1,9,0.09,Low,High
E107945,Male,Service,No,52.3,10,29,2.5,5.2,63.8,5,0.12,Low,Low
E107946,Female,Service,No,38.5,9,16,1.5,7.7,76.7,4,0.03,Low,Medium
E107947,Female,Service,Yes,41.6,19,17,4.7,2.1,53.6,0,0.37,Medium,Low
E107948,Female,Service,Yes,40.9,4,62,8.4,5.8,84.6,4,0.35,Medium,Low
E107949,Male,Service,Yes,43.5,4,82,8.3,8.3,76.1,2,0.14,Low,Medium
E107950,Female,Product,Yes,48.4,13,61,9.1,5.6,85.5,5,0.4,Medium,Low
E107951,Male,Service,Yes,39.4,4,57,7.7,1.1,67.1,11,0.69,High,Low
E107952,Female,Service,Yes,47.5,5,41,3.2,3.2,71.0,11,0.22,Low,Low
E107953,Male,Service,Yes,42.1,15,18,7.3,7.0,96.4,11,0.22,Low,Low
E107954,Female,Product,No,43.3,14,50,7.8,9.4,60.5,0,0.05,Low,Medium
E107955,Male,Product,Yes,46.0,5,97,5.9,9.0,52.0,11,0.06,Low,High
E107956,Female,Service,Yes,53.4,19,94,8.3,8.4,99.1,8,0.13,Low,Medium
E107957,Female,Product,Yes,41.4,15,66,1.6,9.6,50.4,1,0.01,Low,High
E107958,Male,Service,Yes,44.6,18,59,6.4,3.5,94.4,7,0.42,Medium,Low
E107959,Male,Product,Yes,39.6,19,65,5.3,1.1,91.3,5,0.47,Medium,Low
E107960,Female,Service,Yes,41.4,12,46,8.2,4.2,74.4,2,0.48,Medium,Low
E107961,Male,Service,Yes,39.6,18,16,2.2,6.2,85.3,1,0.08,Low,Low
E107962,Male,Service,Yes,46.2,12,31,2.9,3.8,55.3,8,0.18,Low,Low
E107963,Male,Service,Yes,47.1,7,37,6.0,1.4,88.2,1,0.52,Medium,Low
E107964,Female,Service,Yes,48.4,5,58,9.5,5.6,89.2,3,0.42,Medium,Low
E107965,Male,Product,Yes,41.2,16,60,1.7,2.8,52.6,1,0.12,Low,Medium
E107966,Male,Product,Yes,47.5,4,26,7.7,7.5,74.9,4,0.19,Low,Low
E107967,Male,Service,Yes,45.6,7,68,2.8,1.8,97.4,10,0.23,Low,Medium
E107968,Male,Service,Yes,44.7,17,27,1.9,9.6,97.6,1,0.01,Low,Medium
E107969,Female,Service,No,38.8,18,88,4.6,8.9,99.2,0,0.05,Low,High
E107970,Other,Service,Yes,45.8,11,82,6.2,8.9,82.8,2,0.07,Low,High
E107971,Female,Product,No,45.9,11,85,8.4,8.1,57.1,3,0.16,Low,Medium
E107972,Male,Service,No,45.5,12,80,6.7,6.7,70.6,11,0.22,Low,Medium
E107973,Female,Product,No,47.0,3,29,5.4,1.5,86.3,4,0.46,Medium,Low
E107974,Male,Service,Yes,48.5,9,76,3.6,7.0,64.2,10,0.11,Low,High
E107975,Male,Service,No,39.5,15,87,3.6,7.7,90.5,3,0.08,Low,High
E107976,Female,Service,No,43.9,4,38,7.9,2.2,93.1,1,0.62,High,Low
E107977,Female,Service,Yes,47.6,11,84,2.0,6.5,88.2,10,0.07,Low,High
E107978,Female,Service,Yes,43.7,15,75,2.3,5.3,67.1,1,0.11,Low,Medium
E107979,Female,Product,No,49.8,14,85,7.5,5.3,87.1,1,0.35,Medium,Medium
E107980,Male,Service,Yes,45.5,1,94,9.6,2.8,53.6,5,0.69,High,Low
E107981,Male,Service,Yes,35.2,15,95,2.1,7.7,66.8,9,0.05,Low,High
E107982,Female,Product,No,49.2,10,86,6.5,9.3,88.3,2,0.05,Low,High
E107983,Male,Service,Yes,44.4,8,17,3.2,8.1,89.7,2,0.06,Low,Medium
E107984,Male,Product,Yes,36.2,1,43,1.2,4.3,65.9,10,0.07,Low,Medium
E107985,Female,Service,Yes,43.7,17,35,8.5,9.9,98.0,5,0.01,Low,Low
E107986,Female,Service,Yes,38.7,12,68,5.6,4.3,63.7,0,0.32,Medium,Medium
E107987,Male,Product,No,48.8,12,20,1.2,3.1,83.0,10,0.08,Low,Low
E107988,Female,Product,Yes,44.8,7,25,9.1,9.7,93.9,5,0.03,Low,Low
E107989,Female,Service,No,40.4,9,84,5.8,8.1,77.6,4,0.11,Low,High
E107990,Female,Service,Yes,49.1,16,41,7.6,7.9,70.6,2,0.16,Low,Low
E107991,Male,Product,Yes,47.3,0,91,4.8,1.7,60.6,8,0.4,Medium,Medium
E107992,Male,Service,Yes,43.8,15,74,2.7,2.7,59.8,7,0.2,Low,Medium
E107993,Male,Service,Yes,38.8,10,87,5.2,1.2,57.9,2,0.46,Medium,Medium
E107994,Male,Product,No,40.8,0,86,3.6,8.0,72.2,4,0.07,Low,High
E107995,Male,Product,Yes,40.7,5,41,3.7,3.5,77.4,0,0.24,Low,Low
E107996,Male,Product,No,48.7,11,46,6.8,2.2,92.0,4,0.53,Medium,Low
E107997,Male,Product,Yes,36.6,15,47,1.8,2.6,60.9,11,0.13,Low,Medium
E107998,Female,Product,Yes,44.8,10,19,4.6,6.8,87.8,1,0.15,Low,Low
E107999,Male,Product,Yes,43.7,17,23,5.9,4.9,84.7,3,0.3,Low,Low
E108000,Female,Product,No,50.2,1,27,7.4,9.5,81.7,2,0.04,Low,Low
E108001,Female,Service,Yes,46.2,16,20,6.7,4.3,67.0,8,0.38,Medium,Low
E108002,Male,Service,Yes,47.7,16,88,9.0,8.5,65.9,4,0.14,Low,Medium
E108003,Female,Product,Yes,42.4,19,50,9.9,5.9,87.9,7,0.41,Medium,Low
E108004,Female,Product,Yes,38.8,3,64,9.4,7.3,63.7,0,0.25,Low,Low
E108005,Male,Service,Yes,43.4,5,75,7.9,2.5,66.5,5,0.59,Medium,Low
E108006,Female,Service,Yes,48.9,14,62,7.2,7.7,98.3,6,0.17,Low,Medium
E108007,Male,Product,No,48.9,10,97,1.3,1.8,99.9,3,0.11,Low,High
E108008,Female,Service,Yes,42.8,17,25,5.8,7.2,50.1,6,0.16,Low,Low
E108009,Male,Service,Yes,40.7,16,31,7.0,5.2,84.3,5,0.34,Medium,Low
E108010,Female,Product,Yes,39.7,1,16,4.7,3.1,76.8,5,0.32,Medium,Low
E108011,Male,Product,Yes,44.3,12,21,4.5,5.3,73.0,2,0.21,Low,Low
E108012,Female,Product,Yes,45.7,5,71,5.9,8.7,63.8,2,0.08,Low,Medium
E108013,Male,Product,No,52.4,10,45,9.2,2.4,75.4,10,0.7,High,Low
E108014,Female,Service,No,45.6,19,73,3.3,2.5,72.8,1,0.25,Low,Medium
E108015,Female,Product,Yes,48.1,6,60,4.6,5.8,70.1,2,0.19,Low,Medium
E108016,Male,Service,Yes,41.1,17,95,6.9,6.6,92.5,6,0.23,Low,Medium
E108017,Female,Product,No,45.2,16,93,2.7,4.8,63.5,1,0.14,Low,High
E108018,Male,Service,No,45.7,12,21,8.5,3.4,79.9,4,0.56,Medium,Low
E108019,Female,Service,Yes,44.3,13,28,7.0,1.6,93.2,3,0.59,Medium,Low
E108020,Male,Service,Yes,44.9,8,23,4.2,1.4,99.0,3,0.36,Medium,Low
E108021,Female,Service,No,45.6,12,23,7.5,1.4,80.1,6,0.64,High,Low
E108022,Female,Product,Yes,47.4,5,16,3.5,9.1,76.0,0,0.03,Low,Medium
E108023,Male,Product,Yes,50.8,0,30,8.0,2.2,92.0,0,0.62,High,Low
E108024,Male,Product,No,33.7,0,16,1.6,3.7,59.4,6,0.1,Low,Low
E108025,Male,Product,No,50.6,3,93,4.8,9.9,81.5,3,0.0,Low,High
E108026,Female,Service,Yes,36.4,13,84,3.4,9.3,53.2,0,0.02,Low,High
E108027,Male,Product,Yes,46.5,17,37,8.4,1.4,83.0,11,0.72,High,Low
E108028,Male,Product,Yes,56.8,15,42,7.8,6.0,89.8,1,0.31,Medium,Low
E108029,Female,Product,No,44.8,2,57,8.6,6.7,53.2,3,0.28,Low,Low
E108030,Male,Service,No,45.9,5,77,6.9,1.5,92.4,4,0.59,Medium,Low
E108031,Female,Product,No,43.4,0,31,8.2,7.6,56.2,6,0.2,Low,Low
E108032,Male,Product,Yes,48.3,10,50,4.9,9.9,58.8,9,0.0,Low,Medium
E108033,Male,Service,Yes,46.8,9,33,7.1,4.9,91.8,1,0.36,Medium,Low
E108034,Female,Product,Yes,41.6,17,19,1.3,5.0,56.2,3,0.06,Low,Low
E108035,Male,Product,Yes,44.4,3,37,8.9,6.9,83.7,4,0.28,Low,Low
E108036,Male,Service,Yes,39.4,5,33,7.2,7.6,64.7,3,0.17,Low,Low
E108037,Female,Product,Yes,44.4,18,15,8.8,8.1,62.4,11,0.17,Low,Low
E108038,Male,Product,Yes,42.9,8,41,7.9,1.7,82.5,9,0.66,High,Low
E108039,Female,Product,No,45.7,9,57,3.6,8.2,55.3,11,0.06,Low,Medium
E108040,Female,Service,Yes,41.5,19,39,3.5,8.8,78.7,11,0.04,Low,Medium
E108041,Male,Product,No,43.9,4,68,8.2,1.4,96.2,6,0.71,High,Low
E108042,Male,Service,Yes,45.0,15,20,2.7,1.4,92.6,1,0.23,Low,Low
E108043,Female,Service,No,45.4,1,95,2.0,6.0,92.6,5,0.08,Low,High
E108044,Male,Product,Yes,46.4,8,90,1.1,5.5,65.1,9,0.05,Low,High
E108045,Male,Product,Yes,44.1,10,39,3.7,9.8,85.1,2,0.01,Low,Medium
E108046,Female,Product,Yes,41.1,1,88,1.9,3.6,89.0,3,0.12,Low,High
E108047,Male,Service,Yes,45.4,17,60,8.2,6.3,95.1,7,0.3,Low,Low
E108048,Female,Service,Yes,44.1,1,73,5.4,5.6,63.2,10,0.24,Low,Medium
E108049,Male,Product,No,50.1,13,69,3.3,5.8,88.0,5,0.14,Low,Medium
E108050,Male,Service,Yes,50.8,3,38,6.4,6.9,61.6,9,0.2,Low,Low
E108051,Male,Product,Yes,38.1,7,89,1.6,5.8,51.4,6,0.07,Low,High
E108052,Female,Product,Yes,48.1,7,38,7.5,1.1,74.1,2,0.67,High,Low
E108053,Female,Product,Yes,49.1,0,17,5.5,8.6,88.3,8,0.08,Low,Low
E108054,Female,Service,No,38.3,0,54,1.1,2.8,60.7,0,0.08,Low,Medium
E108055,Male,Product,Yes,47.9,3,34,3.9,3.1,52.4,10,0.27,Low,Low
E108056,Male,Product,Yes,49.5,17,83,7.8,6.8,68.7,0,0.25,Low,Medium
E108057,Male,Service,No,40.3,18,91,2.7,5.3,60.1,4,0.13,Low,High
E108058,Male,Service,Yes,43.8,9,84,9.7,6.2,69.1,3,0.37,Medium,Medium
E108059,Female,Service,No,45.9,17,80,9.1,5.5,96.0,4,0.41,Medium,Medium
E108060,Female,Service,Yes,47.9,9,83,8.0,4.8,87.2,0,0.42,Medium,Medium
E108061,Male,Product,Yes,40.1,8,93,1.7,5.3,68.6,5,0.08,Low,High
E108062,Female,Product,Yes,50.8,6,22,4.2,2.3,66.3,3,0.32,Medium,Low
E108063,Male,Product,Yes,34.9,5,69,3.7,9.7,96.1,0,0.01,Low,High
E108064,Female,Service,No,51.6,0,51,2.2,6.2,94.4,10,0.08,Low,Medium
E108065,Male,Product,Yes,47.8,4,87,10.0,3.6,80.2,4,0.64,High,Low
E108066,Male,Service,Yes,41.9,18,86,2.3,7.4,67.9,3,0.06,Low,High
E108067,Male,Product,Yes,49.3,14,28,3.8,8.9,89.6,1,0.04,Low,Medium
E108068,Male,Product,Yes,39.8,13,62,8.9,3.7,83.2,4,0.56,Medium,Low
E108069,Female,Product,No,45.6,6,81,2.3,3.9,78.2,1,0.14,Low,Medium
E108070,Male,Product,Yes,46.2,8,46,5.2,4.9,86.9,2,0.27,Low,Low
E108071,Male,Product,No,46.2,11,50,9.8,3.0,56.7,5,0.69,High,Low
E108072,Female,Product,No,40.8,16,19,3.2,8.3,96.5,0,0.05,Low,Medium
E108073,Female,Product,Yes,42.5,17,93,7.3,6.3,98.6,6,0.27,Low,Medium
E108074,Female,Service,No,45.6,1,32,1.7,1.5,67.7,10,0.14,Low,Low
E108075,Male,Product,Yes,41.4,16,25,6.4,10.0,97.3,1,0.0,Low,Medium
E108076,Female,Product,Yes,46.4,19,88,4.1,6.2,89.8,11,0.16,Low,High
E108077,Female,Service,Yes,41.9,6,18,7.3,9.0,97.1,7,0.07,Low,Low
E108078,Male,Service,Yes,50.0,9,34,4.9,5.5,95.9,2,0.22,Low,Low
E108079,Male,Product,No,52.8,14,19,3.7,6.2,60.0,8,0.14,Low,Low
E108080,Male,Service,Yes,43.5,0,77,5.9,5.1,63.0,11,0.29,Low,Medium
E108081,Male,Service,Yes,49.6,10,68,2.3,4.8,63.0,11,0.12,Low,Medium
E108082,Male,Product,Yes,43.9,7,79,8.3,3.0,54.7,0,0.58,Medium,Low
E108083,Male,Product,Yes,40.3,11,91,7.8,9.7,69.9,3,0.02,Low,High
E108084,Female,Product,Yes,42.9,2,27,5.9,2.6,68.1,5,0.44,Medium,Low
E108085,Female,Service,No,45.4,14,93,4.3,5.7,67.2,6,0.18,Low,High
E108086,Female,Service,Yes,36.1,4,87,9.2,1.8,67.4,7,0.75,High,Low
E108087,Female,Service,No,48.1,4,17,6.7,9.9,53.1,11,0.01,Low,Low
E108088,Male,Service,No,45.4,16,16,3.6,6.0,59.3,6,0.14,Low,Low
E108089,Female,Service,Yes,50.0,1,26,8.3,8.3,64.8,1,0.14,Low,Low
E108090,Female,Product,Yes,48.0,0,96,6.7,6.1,94.4,4,0.26,Low,Medium
E108091,Male,Service,Yes,45.6,17,70,2.1,8.2,96.3,2,0.04,Low,High
E108092,Female,Service,No,43.2,8,72,2.0,5.8,64.3,7,0.08,Low,High
E108093,Female,Service,Yes,52.6,4,66,9.4,5.0,84.7,3,0.47,Medium,Low
E108094,Male,Service,Yes,55.8,19,29,3.6,5.1,92.5,8,0.18,Low,Low
E108095,Female,Service,Yes,43.3,12,15,7.0,1.0,75.3,11,0.63,High,Low
E108096,Male,Service,Yes,50.2,1,86,1.3,4.3,87.8,9,0.07,Low,High
E108097,Male,Product,Yes,41.5,12,85,6.0,9.6,98.8,6,0.02,Low,High
E108098,Male,Service,Yes,42.1,7,59,3.1,7.1,58.1,11,0.09,Low,Medium
E108099,Female,Service,Yes,43.1,9,30,2.3,9.3,53.5,3,0.02,Low,Medium
E108100,Female,Service,Yes,48.4,19,31,8.0,2.8,82.0,4,0.58,Medium,Low
E108101,Other,Service,Yes,39.6,5,44,8.3,5.4,75.4,9,0.38,Medium,Low
E108102,Male,Service,Yes,52.7,10,51,7.4,1.3,64.8,7,0.64,High,Low
E108103,Male,Service,No,49.7,13,32,1.1,7.1,95.8,6,0.03,Low,Medium
E108104,Female,Service,Yes,48.3,9,90,3.6,8.1,92.3,11,0.07,Low,High
E108105,Female,Product,Yes,43.5,9,25,4.2,7.7,63.2,7,0.1,Low,Medium
E108106,Male,Service,Yes,49.1,10,74,7.2,1.8,88.7,4,0.59,Medium,Low
E108107,Male,Service,Yes,30.4,3,73,7.8,3.2,91.4,0,0.53,Medium,Low
E108108,Female,Service,Yes,47.2,2,84,6.7,6.9,66.3,11,0.21,Low,Medium
E108109,Female,Service,Yes,45.8,8,40,8.1,7.8,55.0,10,0.18,Low,Low
E108110,Male,Service,No,35.6,4,94,4.8,3.5,92.5,8,0.31,Medium,Medium
E108111,Male,Service,Yes,47.0,0,52,5.9,4.7,54.8,3,0.31,Medium,Low
E108112,Female,Service,Yes,48.0,10,23,1.6,4.2,73.9,0,0.09,Low,Low
E108113,Female,Service,No,35.7,7,96,4.8,1.0,59.7,10,0.43,Medium,Medium
E108114,Male,Service,Yes,39.1,4,97,4.9,6.2,96.4,8,0.19,Low,High
E108115,Male,Service,Yes,55.3,1,87,6.5,7.0,55.4,3,0.2,Low,Medium
E108116,Female,Service,Yes,44.1,8,60,4.4,3.5,55.8,2,0.29,Low,Medium
E108117,Male,Product,No,49.9,5,58,3.1,7.2,85.1,5,0.09,Low,Medium
E108118,Male,Product,Yes,50.6,10,56,3.1,3.2,60.3,5,0.21,Low,Medium
E108119,Male,Product,Yes,47.0,9,87,2.2,7.4,56.6,5,0.06,Low,High
E108120,Male,Product,Yes,50.1,11,83,7.3,5.1,58.4,1,0.36,Medium,Medium
E108121,Female,Product,No,34.4,2,37,6.6,8.8,79.8,6,0.08,Low,Medium
E108122,Male,Product,No,43.8,6,48,6.2,5.9,61.1,4,0.25,Low,Low
E108123,Female,Product,Yes,29.6,17,36,5.8,2.7,68.9,7,0.42,Medium,Low
E108124,Male,Service,Yes,36.3,11,83,4.3,8.4,92.5,4,0.07,Low,High
E108125,Male,Service,Yes,42.3,10,79,7.9,8.0,58.8,3,0.16,Low,Medium
E108126,Male,Product,Yes,41.7,1,40,9.3,1.8,91.3,4,0.76,High,Low
E108127,Female,Product,No,45.2,9,96,5.0,1.4,88.8,3,0.43,Medium,Medium
E108128,Female,Service,Yes,44.9,12,69,4.7,2.2,91.6,3,0.37,Medium,Medium
E108129,Male,Product,Yes,45.7,12,29,2.5,8.6,67.4,8,0.04,Low,Medium
E108130,Female,Service,Yes,45.9,14,80,7.0,3.9,73.6,4,0.43,Medium,Medium
E108131,Female,Service,Yes,46.7,12,67,6.0,5.5,85.4,5,0.27,Low,Medium
E108132,Female,Service,Yes,40.2,8,93,9.9,6.4,51.9,8,0.36,Medium,Medium
E108133,Male,Service,No,41.4,5,25,6.3,7.7,83.2,9,0.14,Low,Low
E108134,Female,Service,Yes,44.8,2,72,3.6,8.5,56.0,4,0.05,Low,High
E108135,Male,Product,Yes,44.9,19,98,6.1,5.6,64.4,3,0.27,Low,Medium
E108136,Male,Product,Yes,39.6,19,56,9.9,4.7,90.5,7,0.52,Medium,Low
E108137,Female,Product,Yes,50.4,8,95,7.5,2.8,81.8,2,0.54,Medium,Medium
E108138,Male,Service,Yes,48.6,3,83,2.2,6.5,81.1,9,0.08,Low,High
E108139,Male,Product,Yes,40.7,19,47,4.1,5.9,61.3,8,0.17,Low,Medium
E108140,Male,Service,Yes,44.0,4,58,3.7,3.6,83.4,4,0.24,Low,Medium
E108141,Female,Service,Yes,55.0,11,21,8.7,5.0,56.6,4,0.43,Medium,Low
E108142,Female,Product,Yes,45.8,16,93,6.5,7.7,98.2,8,0.15,Low,High
E108143,Male,Service,Yes,47.0,4,66,8.3,6.6,62.6,1,0.28,Low,Medium
E108144,Female,Service,No,42.0,3,27,2.6,5.3,91.3,0,0.12,Low,Low
E108145,Male,Service,Yes,43.4,7,46,9.2,3.5,96.0,0,0.6,Medium,Low
E108146,Male,Product,No,52.6,8,53,1.5,7.0,58.6,0,0.05,Low,Medium
E108147,Female,Service,Yes,45.6,16,92,4.4,6.6,50.5,7,0.15,Low,High
E108148,Male,Product,Yes,44.6,7,77,1.1,5.1,93.7,4,0.05,Low,High
E108149,Male,Product,No,45.0,4,34,2.7,3.1,88.2,1,0.19,Low,Low
E108150,Male,Product,Yes,57.7,9,30,9.7,2.6,57.7,11,0.72,High,Low
E108151,Female,Product,Yes,45.2,17,44,1.7,4.1,91.5,9,0.1,Low,Medium
E108152,Male,Service,Yes,40.8,13,33,2.3,9.2,90.5,11,0.02,Low,Medium
E108153,Female,Service,No,41.7,4,88,9.3,7.8,73.1,6,0.2,Low,Medium
E108154,Female,Service,Yes,48.9,14,86,7.4,9.0,97.3,7,0.07,Low,Medium
E108155,Male,Service,Yes,37.9,4,92,4.7,8.6,79.1,11,0.07,Low,High
E108156,Female,Product,Yes,47.3,11,89,1.6,5.1,72.1,4,0.08,Low,High
E108157,Male,Service,No,41.4,9,44,8.1,5.8,50.7,4,0.34,Medium,Low
E108158,Male,Service,Yes,35.7,7,48,5.4,2.5,97.6,3,0.4,Medium,Low
E108159,Female,Product,Yes,40.1,0,53,3.9,7.5,56.4,6,0.1,Low,Medium
E108160,Female,Product,Yes,45.1,2,63,4.2,4.8,64.8,7,0.22,Low,Medium
E108161,Male,Product,No,52.0,15,19,5.5,2.5,86.5,8,0.41,Medium,Low
E108162,Male,Product,Yes,49.6,10,57,6.0,1.9,50.3,5,0.49,Medium,Low
E108163,Male,Product,Yes,43.5,8,61,8.4,7.3,77.1,1,0.23,Low,Medium
E108164,Male,Product,No,49.9,9,73,7.9,5.3,57.9,1,0.37,Medium,Medium
E108165,Male,Service,Yes,43.2,1,83,7.9,1.1,51.1,2,0.7,High,Low
E108166,Male,Product,Yes,37.7,19,31,7.6,8.4,82.1,4,0.12,Low,Low
E108167,Female,Service,No,45.1,10,33,7.8,6.6,80.1,7,0.27,Low,Low
E108168,Male,Service,No,37.5,19,60,7.1,1.3,86.7,7,0.62,High,Low
E108169,Male,Service,Yes,49.0,10,70,8.8,3.7,80.9,8,0.55,Medium,Low
E108170,Female,Product,Yes,49.0,6,40,6.0,7.5,72.1,0,0.15,Low,Medium
E108171,Female,Product,Yes,40.6,10,80,5.7,1.5,73.9,4,0.48,Medium,Low
E108172,Male,Service,No,45.7,4,28,7.3,7.6,61.0,7,0.18,Low,Low
E108173,Male,Service,No,45.7,11,66,2.5,5.5,54.2,9,0.11,Low,Medium
E108174,Female,Product,Yes,49.4,17,18,8.0,8.0,93.0,2,0.16,Low,Low
E108175,Male,Product,Yes,38.8,4,17,9.4,8.7,84.6,2,0.12,Low,Low
E108176,Male,Service,No,48.0,14,93,3.7,7.9,56.1,10,0.08,Low,High
E108177,Female,Service,Yes,38.4,11,36,6.5,1.7,63.2,11,0.54,Medium,Low
E108178,Male,Product,Yes,48.9,0,64,1.3,5.1,93.2,5,0.06,Low,Medium
E108179,Male,Service,Yes,50.3,17,78,7.9,3.9,98.0,3,0.48,Medium,Low
E108180,Male,Product,Yes,41.7,5,97,6.0,5.6,89.6,10,0.26,Low,Medium
E108181,Male,Service,No,51.1,5,24,7.1,9.7,78.5,7,0.02,Low,Low
E108182,Male,Service,No,37.1,10,70,2.3,2.1,93.5,6,0.18,Low,Medium
E108183,Other,Service,Yes,50.5,10,30,8.3,8.8,81.3,0,0.1,Low,Low
E108184,Male,Service,Yes,52.2,15,51,3.3,9.9,85.0,11,0.0,Low,High
E108185,Male,Service,Yes,46.7,5,69,7.2,9.9,91.3,11,0.01,Low,Medium
E108186,Male,Service,No,44.0,0,36,6.3,8.2,67.7,7,0.11,Low,Medium
E108187,Female,Product,Yes,46.6,15,46,6.9,5.2,89.2,4,0.33,Medium,Low
E108188,Male,Service,Yes,42.0,2,58,1.5,2.6,60.3,5,0.11,Low,Medium
E108189,Male,Product,Yes,58.1,5,95,7.7,6.5,59.7,11,0.27,Low,Medium
E108190,Female,Service,Yes,42.1,2,87,8.2,6.5,90.6,6,0.29,Low,Medium
E108191,Male,Product,Yes,51.6,18,66,5.3,3.8,78.2,4,0.33,Medium,Medium
E108192,Male,Service,No,41.3,7,47,4.7,6.6,70.7,8,0.16,Low,Medium
E108193,Male,Service,Yes,53.0,1,16,4.1,2.0,76.2,7,0.33,Medium,Low
E108194,Male,Service,Yes,55.1,18,28,9.4,6.7,98.9,6,0.31,Medium,Low
E108195,Male,Service,Yes,46.9,14,75,7.8,9.1,94.7,7,0.07,Low,Medium
E108196,Female,Product,Yes,46.4,13,79,7.3,5.2,75.4,2,0.35,Medium,Medium
E108197,Male,Product,Yes,40.2,13,44,9.3,7.9,77.4,3,0.2,Low,Low
E108198,Female,Product,Yes,39.6,3,41,4.1,6.7,80.7,1,0.14,Low,Medium
E108199,Male,Service,No,46.5,18,78,6.7,1.0,89.5,0,0.6,Medium,Low
E108200,Male,Product,Yes,52.3,6,47,7.2,2.1,93.7,2,0.57,Medium,Low
E108201,Male,Product,Yes,42.3,15,67,10.0,8.0,57.3,7,0.2,Low,Medium
E108202,Female,Product,Yes,56.0,7,94,4.8,1.4,81.4,10,0.41,Medium,Medium
E108203,Male,Product,No,41.9,14,24,4.6,9.6,61.4,7,0.02,Low,Medium
E108204,Female,Service,Yes,46.1,19,41,1.8,9.0,81.1,0,0.02,Low,Medium
E108205,Male,Service,No,46.2,4,51,1.9,4.3,58.6,7,0.11,Low,Medium
E108206,Male,Service,Yes,44.5,0,16,5.6,3.8,90.4,2,0.35,Medium,Low
E108207,Male,Product,Yes,34.8,11,57,2.5,6.5,83.0,6,0.09,Low,Medium
E108208,Male,Service,Yes,41.9,8,97,1.7,6.5,93.3,0,0.06,Low,High
E108209,Male,Product,No,46.0,18,33,9.7,1.8,97.2,3,0.8,High,Low
E108210,Male,Service,Yes,44.5,17,25,9.6,2.9,96.7,2,0.68,High,Low
E108211,Female,Service,Yes,48.2,6,66,3.9,6.7,57.3,1,0.13,Low,Medium
E108212,Male,Service,Yes,48.8,10,46,8.1,8.2,68.8,9,0.15,Low,Low
E108213,Female,Service,Yes,43.8,10,94,8.9,2.7,74.2,9,0.65,High,Low
E108214,Male,Product,Yes,40.2,19,95,5.2,7.3,89.4,4,0.14,Low,High
E108215,Male,Service,Yes,52.7,19,43,3.0,8.8,50.7,3,0.04,Low,Medium
E108216,Female,Product,Yes,38.2,14,98,2.2,2.1,96.3,11,0.17,Low,Medium
E108217,Male,Service,Yes,42.0,16,50,2.3,5.0,70.4,0,0.12,Low,Medium
E108218,Male,Service,Yes,40.8,2,61,8.2,8.7,81.6,8,0.11,Low,Medium
E108219,Female,Product,Yes,48.7,10,57,4.5,4.3,99.0,6,0.26,Low,Medium
E108220,Female,Service,Yes,51.6,12,66,7.2,3.4,94.1,5,0.48,Medium,Low
E108221,Male,Product,Yes,44.1,5,67,5.8,7.7,68.1,10,0.13,Low,Medium
E108222,Male,Product,Yes,46.1,13,82,4.6,4.6,74.2,6,0.25,Low,Medium
E108223,Female,Product,Yes,47.1,10,19,2.1,7.4,88.5,9,0.05,Low,Medium
E108224,Male,Service,Yes,54.0,12,97,4.0,2.1,87.2,11,0.32,Medium,Medium
E108225,Female,Service,Yes,36.1,16,62,8.6,6.0,85.2,0,0.34,Medium,Low
E108226,Male,Product,Yes,48.7,13,38,8.3,4.4,50.5,5,0.46,Medium,Low
E108227,Male,Product,Yes,46.9,13,15,1.3,10.0,60.0,0,0.0,Low,Medium
E108228,Female,Product,Yes,43.1,3,16,2.3,6.3,61.1,7,0.09,Low,Low
E108229,Male,Service,Yes,46.6,3,24,7.8,7.1,62.5,3,0.23,Low,Low
E108230,Male,Service,Yes,48.7,13,77,4.0,2.2,54.8,5,0.31,Medium,Medium
E108231,Male,Service,Yes,47.9,13,73,6.8,9.9,90.3,1,0.01,Low,Medium
E108232,Female,Product,Yes,55.8,6,20,6.1,1.5,67.1,9,0.52,Medium,Low
E108233,Female,Service,Yes,45.6,15,98,6.9,1.6,88.8,1,0.58,Medium,Medium
E108234,Male,Service,No,45.1,13,97,1.5,1.7,96.6,11,0.12,Low,Medium
E108235,Male,Product,Yes,44.1,4,62,9.4,8.8,65.7,1,0.11,Low,Medium
E108236,Female,Service,No,47.8,6,50,1.2,7.6,72.7,5,0.03,Low,Medium
E108237,Female,Service,Yes,44.8,16,62,1.1,9.8,54.4,2,0.0,Low,High
E108238,Female,Service,No,45.1,14,43,3.0,1.6,64.7,8,0.25,Low,Low
E108239,Male,Service,Yes,45.1,6,55,9.9,7.2,77.3,2,0.28,Low,Low
E108240,Female,Service,No,44.3,9,87,1.7,5.8,59.0,11,0.07,Low,High
E108241,Female,Service,Yes,42.0,17,46,8.9,6.8,76.9,2,0.28,Low,Low
E108242,Male,Service,Yes,47.1,10,19,2.4,5.6,65.6,2,0.11,Low,Low
E108243,Male,Service,Yes,43.6,13,99,2.0,7.1,99.5,6,0.06,Low,High
E108244,Male,Service,No,48.1,3,31,8.0,9.2,68.8,0,0.06,Low,Low
E108245,Female,Product,No,45.6,2,38,8.6,6.3,52.0,2,0.32,Medium,Low
E108246,Male,Service,Yes,43.1,13,96,8.1,9.1,73.6,7,0.07,Low,High
E108247,Female,Service,Yes,52.8,19,20,3.2,8.0,66.7,2,0.06,Low,Medium
E108248,Female,Service,Yes,44.5,2,42,8.9,8.8,68.5,7,0.11,Low,Low
E108249,Female,Service,Yes,48.1,2,34,1.6,6.9,68.5,0,0.05,Low,Medium
E108250,Female,Service,Yes,41.5,19,94,4.1,5.7,94.1,3,0.18,Low,High
E108251,Female,Service,No,34.9,11,33,5.2,1.6,74.9,1,0.44,Medium,Low
E108252,Male,Product,Yes,42.2,9,22,1.6,8.5,62.6,7,0.02,Low,Medium
E108253,Female,Service,Yes,34.3,19,32,6.2,3.2,89.6,7,0.42,Medium,Low
E108254,Male,Product,Yes,43.8,17,51,6.0,1.3,72.2,4,0.52,Medium,Low
E108255,Female,Service,Yes,52.3,11,75,9.9,5.7,57.3,2,0.43,Medium,Low
E108256,Male,Service,Yes,40.5,3,59,6.6,6.7,99.9,9,0.22,Low,Medium
E108257,Other,Service,Yes,34.5,18,52,4.6,7.0,51.4,1,0.14,Low,Medium
E108258,Female,Product,Yes,52.5,18,16,8.1,7.0,85.5,10,0.24,Low,Low
E108259,Female,Service,Yes,42.6,16,69,4.0,6.9,92.4,6,0.12,Low,Medium
E108260,Male,Service,Yes,44.9,7,29,5.8,8.3,67.7,6,0.1,Low,Low
E108261,Male,Service,Yes,48.9,10,73,1.5,7.9,57.9,4,0.03,Low,High
E108262,Female,Service,No,47.6,4,89,3.9,8.3,71.8,4,0.07,Low,High
E108263,Male,Product,Yes,48.8,4,19,5.8,5.1,74.1,5,0.28,Low,Low
E108264,Female,Service,No,49.5,12,98,7.3,1.6,100.0,5,0.61,High,Medium
E108265,Male,Product,Yes,36.3,3,34,1.9,6.8,51.0,6,0.06,Low,Medium
E108266,Female,Product,Yes,37.9,12,96,8.2,2.9,82.8,9,0.58,Medium,Medium
E108267,Male,Service,Yes,50.9,15,26,9.1,8.7,90.2,9,0.12,Low,Low
E108268,Female,Service,Yes,41.1,11,71,3.5,7.5,80.9,10,0.09,Low,High
E108269,Female,Product,No,41.6,13,95,7.9,7.9,81.5,4,0.17,Low,Medium
E108270,Male,Service,Yes,38.7,8,82,2.6,3.6,93.8,4,0.17,Low,Medium
E108271,Male,Service,Yes,43.0,5,33,5.7,6.7,78.3,10,0.19,Low,Low
E108272,Male,Product,Yes,43.3,7,41,8.2,5.8,94.1,2,0.34,Medium,Low
E108273,Female,Product,Yes,40.3,15,67,4.5,3.4,60.5,3,0.3,Low,Medium
E108274,Male,Product,Yes,39.7,18,56,1.2,8.3,75.8,1,0.02,Low,High
E108275,Female,Product,Yes,46.6,1,59,5.9,5.9,51.7,1,0.24,Low,Medium
E108276,Male,Service,Yes,41.0,5,92,8.6,2.7,90.2,9,0.63,High,Low
E108277,Male,Service,Yes,42.0,1,82,2.0,3.7,88.9,0,0.13,Low,Medium
E108278,Male,Service,Yes,34.1,18,82,1.3,3.0,77.0,0,0.09,Low,Medium
E108279,Male,Product,Yes,54.7,18,38,8.3,3.8,69.8,10,0.51,Medium,Low
E108280,Male,Product,Yes,49.7,12,50,3.4,2.7,68.5,11,0.25,Low,Low
E108281,Female,Service,Yes,42.5,16,89,4.3,4.3,60.1,6,0.25,Low,Medium
E108282,Female,Service,Yes,40.5,7,19,1.8,7.2,71.4,8,0.05,Low,Medium
E108283,Male,Service,Yes,45.1,8,41,1.9,9.6,65.2,9,0.01,Low,Medium
E108284,Female,Product,Yes,44.9,4,51,6.5,2.9,78.9,3,0.46,Medium,Low
E108285,Female,Service,No,38.6,7,41,6.0,3.7,89.3,10,0.38,Medium,Low
E108286,Male,Service,Yes,32.2,8,90,3.6,1.0,84.7,8,0.32,Medium,Medium
E108287,Male,Product,Yes,42.4,15,61,5.1,3.0,75.7,3,0.36,Medium,Low
E108288,Male,Product,No,37.2,15,78,4.5,4.8,97.4,8,0.23,Low,Medium
E108289,Male,Service,Yes,45.9,11,20,7.3,5.2,59.9,8,0.35,Medium,Low
E108290,Female,Product,Yes,45.9,10,90,8.8,3.4,82.0,6,0.58,Medium,Medium
E108291,Female,Service,Yes,40.1,17,70,7.9,2.4,54.4,10,0.6,Medium,Low
E108292,Male,Service,No,42.3,12,28,1.0,6.1,83.7,6,0.04,Low,Medium
E108293,Male,Service,No,53.8,2,36,1.9,4.7,86.3,8,0.1,Low,Medium
E108294,Female,Product,Yes,48.9,17,69,4.9,4.8,89.1,10,0.25,Low,Medium
E108295,Female,Product,Yes,42.7,10,89,8.7,9.1,83.2,6,0.08,Low,Medium
E108296,Female,Service,Yes,56.5,10,66,3.1,6.1,56.1,6,0.12,Low,Medium
E108297,Female,Product,Yes,39.0,4,70,8.9,4.5,52.2,2,0.49,Medium,Low
E108298,Male,Service,Yes,40.9,2,91,2.0,3.3,85.7,6,0.13,Low,High
E108299,Female,Product,Yes,44.4,1,20,1.7,4.9,89.9,4,0.09,Low,Low
E108300,Female,Product,Yes,37.3,14,34,9.2,8.8,51.6,1,0.11,Low,Low
E108301,Male,Service,No,54.0,4,68,2.5,9.7,57.5,6,0.01,Low,High
E108302,Female,Service,Yes,45.9,4,16,5.2,4.4,89.5,0,0.29,Low,Low
E108303,Male,Product,Yes,41.1,15,89,3.9,2.9,98.4,4,0.28,Low,Medium
E108304,Male,Service,No,47.2,16,86,2.3,9.2,76.0,6,0.02,Low,High
E108305,Male,Product,No,45.7,6,44,6.7,2.3,57.7,11,0.52,Medium,Low
E108306,Male,Service,Yes,43.5,1,68,9.7,3.7,66.1,6,0.61,High,Low
E108307,Male,Product,Yes,39.0,13,18,6.9,2.8,89.1,4,0.5,Medium,Low
E108308,Male,Service,Yes,37.8,17,85,4.2,6.1,77.2,6,0.16,Low,High
E108309,Male,Service,No,55.9,11,61,7.4,4.7,52.9,7,0.39,Medium,Low
E108310,Male,Service,Yes,38.2,16,33,2.3,3.6,65.4,10,0.15,Low,Low
E108311,Male,Product,Yes,53.5,5,56,6.2,7.9,87.6,9,0.13,Low,Medium
E108312,Male,Service,Yes,40.8,4,56,5.2,7.0,66.3,4,0.16,Low,Medium
E108313,Female,Service,Yes,49.0,6,65,4.2,10.0,71.6,9,0.0,Low,High
E108314,Male,Product,No,47.3,17,17,7.7,3.8,95.3,5,0.48,Medium,Low
E108315,Male,Product,Yes,48.3,19,96,2.1,8.6,99.2,6,0.03,Low,High
E108316,Female,Service,Yes,48.7,10,51,5.8,3.7,87.9,6,0.37,Medium,Low
E108317,Female,Product,Yes,36.9,4,36,8.7,1.1,62.0,4,0.77,High,Low
E108318,Female,Product,Yes,41.6,5,47,2.8,2.4,62.2,1,0.21,Low,Low
E108319,Male,Service,Yes,38.2,6,63,3.4,5.6,65.2,5,0.15,Low,Medium
E108320,Male,Service,No,45.9,2,68,6.9,8.3,58.0,4,0.12,Low,Medium
E108321,Female,Product,No,38.4,2,76,8.0,1.5,58.9,5,0.68,High,Low
E108322,Male,Product,Yes,35.1,1,49,3.6,8.5,62.8,11,0.05,Low,Medium
E108323,Male,Service,Yes,43.8,19,43,4.2,7.4,83.0,11,0.11,Low,Medium
E108324,Male,Service,No,34.0,3,80,7.7,1.3,80.6,11,0.67,High,Low
E108325,Female,Service,Yes,46.3,4,64,3.6,2.0,67.0,2,0.29,Low,Medium
E108326,Male,Service,No,38.7,1,28,7.0,1.7,59.8,0,0.58,Medium,Low
E108327,Female,Service,Yes,40.8,15,62,2.4,7.1,81.2,11,0.07,Low,Medium
E108328,Female,Service,Yes,33.6,11,58,4.7,6.0,56.5,8,0.19,Low,Medium
E108329,Male,Product,Yes,53.3,14,86,7.2,4.2,57.3,9,0.42,Medium,Medium
E108330,Female,Product,No,37.7,3,15,5.1,1.8,69.2,0,0.42,Medium,Low
E108331,Female,Service,No,43.2,2,42,1.2,4.5,78.4,9,0.07,Low,Medium
E108332,Female,Service,Yes,36.0,13,17,4.7,7.1,86.4,8,0.14,Low,Low
E108333,Male,Service,Yes,40.8,12,85,3.6,1.8,84.3,9,0.3,Low,Medium
E108334,Female,Service,Yes,53.8,5,62,1.9,8.7,68.9,3,0.02,Low,High
E108335,Male,Product,Yes,46.5,3,46,1.1,1.6,82.7,11,0.09,Low,Medium
E108336,Female,Product,Yes,41.4,0,23,1.4,6.5,60.6,7,0.05,Low,Medium
E108337,Male,Service,Yes,44.8,2,71,9.5,2.7,74.7,5,0.69,High,Low
E108338,Male,Service,Yes,42.2,11,97,7.7,1.8,80.8,11,0.63,High,Medium
E108339,Female,Service,Yes,44.5,2,60,9.5,4.2,87.2,7,0.55,Medium,Low
E108340,Female,Product,Yes,48.7,17,72,2.0,7.0,54.0,7,0.06,Low,High
E108341,Female,Service,Yes,43.3,13,70,6.1,2.1,55.1,1,0.48,Medium,Low
E108342,Male,Product,Yes,46.1,4,29,1.7,5.3,53.7,2,0.08,Low,Medium
E108343,Male,Product,No,46.2,0,75,1.2,4.7,77.3,8,0.06,Low,High
E108344,Female,Service,Yes,43.4,13,30,5.2,4.8,78.5,1,0.27,Low,Low
E108345,Female,Product,Yes,41.3,11,60,6.8,9.5,50.6,3,0.03,Low,Medium
E108346,Female,Product,Yes,42.4,0,85,1.6,4.1,82.8,0,0.09,Low,High
E108347,Male,Product,No,48.5,1,49,4.3,9.9,88.2,3,0.0,Low,Medium
E108348,Male,Product,Yes,48.9,11,80,1.8,5.8,55.8,2,0.08,Low,High
E108349,Female,Service,Yes,39.3,12,71,4.3,8.6,66.9,3,0.06,Low,High
E108350,Female,Service,No,43.7,19,48,5.2,4.1,92.5,2,0.31,Medium,Low
E108351,Male,Product,Yes,41.2,14,45,4.0,1.8,84.4,4,0.33,Medium,Low
E108352,Female,Product,Yes,49.0,15,26,6.2,1.8,65.2,3,0.51,Medium,Low
E108353,Male,Product,Yes,42.6,18,79,6.3,6.2,87.1,10,0.24,Low,Medium
E108354,Male,Service,No,56.0,4,61,4.0,9.4,94.4,8,0.02,Low,High
E108355,Male,Product,Yes,46.1,1,79,4.5,1.6,65.5,4,0.38,Medium,Medium
E108356,Male,Service,Yes,50.9,5,15,5.0,7.2,84.2,4,0.14,Low,Low
E108357,Male,Service,Yes,39.9,7,93,4.4,6.1,54.7,1,0.17,Low,High
E108358,Male,Service,Yes,45.1,6,81,7.8,6.9,52.9,3,0.24,Low,Medium
E108359,Male,Service,No,48.1,12,28,2.3,2.9,79.3,3,0.16,Low,Low
E108360,Female,Service,Yes,39.8,5,68,8.7,1.6,74.6,4,0.73,High,Low
E108361,Male,Product,Yes,45.1,8,24,4.0,1.7,90.5,4,0.33,Medium,Low
E108362,Male,Service,No,50.3,11,81,7.5,3.2,89.0,3,0.51,Medium,Low
E108363,Male,Service,Yes,43.4,9,98,9.0,2.9,64.3,9,0.64,High,Medium
E108364,Male,Service,Yes,40.7,10,64,9.0,2.1,75.6,11,0.71,High,Low
E108365,Female,Service,Yes,54.0,0,50,5.1,3.4,87.8,11,0.34,Medium,Low
E108366,Male,Product,Yes,39.1,9,25,3.3,5.8,63.5,1,0.14,Low,Low
E108367,Female,Service,Yes,45.8,15,17,6.5,9.5,68.1,6,0.03,Low,Low
E108368,Female,Service,Yes,41.5,18,53,2.7,9.3,53.0,9,0.02,Low,High
E108369,Male,Product,Yes,40.3,9,24,8.1,3.4,56.5,1,0.53,Medium,Low
E108370,Male,Product,Yes,48.7,14,65,7.4,1.6,80.5,6,0.62,High,Low
E108371,Male,Product,Yes,44.0,13,46,8.2,10.0,74.8,8,0.0,Low,Medium
E108372,Male,Product,Yes,47.0,2,66,4.9,5.3,58.4,7,0.23,Low,Medium
E108373,Female,Product,Yes,33.7,3,86,6.0,9.8,50.4,8,0.01,Low,High
E108374,Female,Service,Yes,47.5,7,61,1.9,5.8,58.5,7,0.08,Low,Medium
E108375,Male,Product,Yes,41.4,0,27,7.2,9.0,87.5,11,0.07,Low,Low
E108376,Male,Product,No,35.6,19,81,5.4,5.0,54.7,1,0.27,Low,Medium
E108377,Male,Service,No,54.4,14,67,5.6,6.6,70.1,8,0.19,Low,Medium
E108378,Female,Product,Yes,48.0,6,67,8.6,5.8,61.9,6,0.36,Medium,Low
E108379,Male,Product,No,46.1,11,29,8.0,3.0,77.5,3,0.56,Medium,Low
E108380,Male,Service,No,51.2,2,67,5.8,7.9,75.6,9,0.12,Low,Medium
E108381,Male,Service,Yes,46.2,4,99,4.2,1.5,99.1,6,0.36,Medium,Medium
E108382,Female,Product,Yes,41.0,7,56,5.0,4.3,88.6,8,0.29,Low,Medium
E108383,Female,Service,No,44.1,10,43,4.2,8.8,96.9,0,0.05,Low,Medium
E108384,Male,Service,Yes,41.6,18,61,2.4,5.5,78.9,3,0.11,Low,Medium
E108385,Male,Product,Yes,42.5,11,44,6.8,1.7,86.9,8,0.56,Medium,Low
E108386,Female,Service,Yes,38.7,19,28,7.2,2.9,94.8,11,0.51,Medium,Low
E108387,Male,Service,Yes,40.1,6,93,9.7,2.0,52.1,9,0.78,High,Low
E108388,Female,Product,Yes,49.5,13,73,5.1,3.5,95.8,3,0.33,Medium,Medium
E108389,Male,Product,Yes,46.7,1,78,10.0,2.5,60.6,6,0.75,High,Low
E108390,Female,Service,Yes,42.5,11,58,2.7,7.4,85.3,1,0.07,Low,Medium
E108391,Male,Product,Yes,39.9,8,28,6.9,6.9,88.7,2,0.21,Low,Low
E108392,Female,Service,No,43.0,11,39,10.0,2.2,55.5,7,0.78,High,Low
E108393,Female,Service,Yes,36.6,5,58,6.8,5.0,97.7,0,0.34,Medium,Low
E108394,Female,Service,Yes,45.6,5,75,5.1,3.7,96.3,2,0.32,Medium,Medium
E108395,Female,Product,Yes,49.7,18,16,5.6,4.0,82.7,7,0.34,Medium,Low
E108396,Female,Service,Yes,56.8,19,95,8.6,6.2,57.8,11,0.33,Medium,Medium
E108397,Male,Service,No,39.5,5,93,9.5,9.1,78.3,5,0.09,Low,Medium
E108398,Female,Product,Yes,49.5,16,88,5.1,9.1,67.2,9,0.05,Low,High
E108399,Female,Service,Yes,41.5,16,57,8.0,4.7,96.5,8,0.42,Medium,Low
E108400,Male,Product,Yes,39.4,16,23,9.4,4.5,70.3,4,0.52,Medium,Low
E108401,Female,Service,Yes,39.4,9,75,3.5,5.7,84.7,8,0.15,Low,Medium
E108402,Female,Product,Yes,45.7,10,81,5.4,5.3,81.9,8,0.25,Low,Medium
E108403,Male,Service,Yes,40.3,7,38,10.0,1.6,63.6,9,0.84,High,Low
E108404,Male,Service,Yes,42.0,13,79,4.2,6.2,76.8,11,0.16,Low,Medium
E108405,Male,Service,Yes,42.8,18,52,6.6,6.3,70.5,7,0.24,Low,Medium
E108406,Male,Product,No,41.3,17,84,6.9,5.1,68.7,9,0.34,Medium,Medium
E108407,Male,Product,Yes,40.9,14,19,2.4,4.7,93.2,0,0.13,Low,Low
E108408,Male,Service,Yes,32.9,17,82,8.3,9.5,57.0,7,0.04,Low,Medium
E108409,Male,Product,No,45.4,19,81,4.7,6.4,70.5,7,0.17,Low,Medium
E108410,Male,Service,No,45.3,16,44,5.5,8.3,50.3,9,0.09,Low,Medium
E108411,Other,Product,Yes,41.0,4,76,6.8,9.6,63.1,9,0.03,Low,Medium
E108412,Male,Product,No,46.8,3,21,4.7,8.3,81.1,2,0.08,Low,Low
E108413,Male,Product,Yes,52.0,10,65,3.9,9.5,54.4,8,0.02,Low,High
E108414,Male,Product,Yes,45.1,15,46,5.9,7.8,63.6,7,0.13,Low,Medium
E108415,Male,Product,Yes,51.7,6,88,4.1,2.5,94.0,9,0.31,Medium,Medium
E108416,Female,Service,Yes,56.2,15,40,4.9,3.0,84.6,6,0.34,Medium,Low
E108417,Female,Product,Yes,57.7,5,57,2.0,2.7,53.5,1,0.15,Low,Medium
E108418,Female,Product,Yes,39.1,19,76,8.6,3.9,99.6,0,0.52,Medium,Low
E108419,Male,Product,Yes,39.1,9,45,4.7,4.2,97.3,4,0.27,Low,Low
E108420,Female,Service,No,42.8,10,37,1.7,8.3,57.1,0,0.03,Low,Medium
E108421,Male,Service,Yes,45.6,14,78,8.1,4.2,96.1,3,0.47,Medium,Low
E108422,Male,Service,Yes,52.9,11,86,1.2,7.5,77.5,3,0.03,Low,High
E108423,Male,Product,Yes,48.1,15,69,6.4,9.1,96.5,1,0.06,Low,Medium
E108424,Male,Service,Yes,39.0,17,30,7.3,2.0,98.4,3,0.58,Medium,Low
E108425,Male,Service,No,41.9,6,23,2.7,1.0,84.7,0,0.24,Low,Low
E108426,Male,Service,Yes,44.8,13,18,2.2,9.0,64.6,1,0.02,Low,Medium
E108427,Other,Service,Yes,37.6,8,97,2.0,3.1,96.2,11,0.14,Low,High
E108428,Male,Service,Yes,45.1,5,53,9.9,2.4,78.7,7,0.75,High,Low
E108429,Male,Service,No,39.1,10,58,7.8,3.7,67.1,3,0.49,Medium,Low
E108430,Male,Product,Yes,36.7,12,55,3.8,2.7,73.0,3,0.28,Low,Low
E108431,Female,Product,Yes,40.3,17,27,4.0,8.1,70.3,7,0.08,Low,Medium
E108432,Male,Service,Yes,47.1,11,90,6.8,6.7,96.8,8,0.22,Low,Medium
E108433,Female,Product,No,47.0,5,87,5.1,2.5,91.0,7,0.38,Medium,Medium
E108434,Female,Product,Yes,45.5,8,26,3.4,6.3,51.6,0,0.13,Low,Low
E108435,Male,Service,No,50.0,17,38,1.5,2.9,50.5,10,0.11,Low,Low
E108436,Male,Service,Yes,49.4,14,62,8.1,2.8,53.5,7,0.58,Medium,Low
E108437,Male,Product,Yes,46.0,8,91,9.0,6.4,80.5,8,0.32,Medium,Medium
E108438,Female,Service,Yes,45.3,9,46,2.9,7.0,90.7,3,0.09,Low,Medium
E108439,Male,Product,Yes,45.6,1,52,1.6,4.1,75.7,7,0.09,Low,Medium
E108440,Male,Service,No,44.3,13,92,2.1,7.9,76.7,9,0.04,Low,High
E108441,Male,Service,No,34.1,10,80,4.7,8.5,62.0,4,0.07,Low,High
E108442,Female,Product,Yes,50.7,12,68,3.7,9.2,73.0,0,0.03,Low,High
E108443,Male,Service,Yes,47.0,1,35,1.7,6.6,62.8,6,0.06,Low,Medium
E108444,Male,Product,No,38.9,6,45,5.1,3.0,63.7,1,0.36,Medium,Low
E108445,Female,Service,Yes,52.1,14,78,2.8,7.7,69.6,4,0.06,Low,High
E108446,Female,Service,No,42.1,6,66,1.6,2.0,52.4,0,0.13,Low,Medium
E108447,Female,Service,No,44.5,11,49,6.9,2.6,97.7,4,0.51,Medium,Low
E108448,Male,Service,Yes,50.1,6,30,6.2,8.5,95.7,10,0.09,Low,Low
E108449,Female,Service,No,46.1,4,54,8.4,9.2,89.8,5,0.07,Low,Medium
E108450,Female,Service,Yes,51.7,14,52,3.7,1.6,78.4,8,0.31,Medium,Low
E108451,Male,Service,Yes,43.2,6,71,2.2,3.8,90.7,9,0.14,Low,Medium
E108452,Female,Product,Yes,53.5,1,17,4.2,6.7,98.7,2,0.14,Low,Low
E108453,Male,Service,Yes,41.1,1,51,8.0,9.4,64.2,2,0.05,Low,Medium
E108454,Female,Product,Yes,51.6,18,16,3.2,6.1,68.2,0,0.12,Low,Low
E108455,Male,Service,No,33.7,8,17,3.3,8.4,86.5,5,0.05,Low,Medium
E108456,Female,Service,Yes,39.5,1,61,2.3,9.3,82.1,10,0.02,Low,High
E108457,Male,Product,Yes,46.5,13,41,9.9,5.7,91.2,3,0.43,Medium,Low
E108458,Female,Service,Yes,43.0,14,77,9.7,7.7,67.3,1,0.22,Low,Medium
E108459,Male,Service,Yes,44.6,11,52,6.9,7.0,65.5,3,0.21,Low,Medium
E108460,Female,Service,Yes,45.2,18,58,2.9,7.0,79.3,8,0.09,Low,Medium
E108461,Female,Product,Yes,39.0,14,22,7.9,5.7,57.3,2,0.34,Medium,Low
E108462,Male,Product,Yes,39.4,5,37,6.3,6.6,52.0,7,0.21,Low,Low
E108463,Female,Service,Yes,46.2,9,20,7.7,6.0,62.2,4,0.31,Medium,Low
E108464,Other,Service,No,41.7,9,39,8.7,6.7,57.9,4,0.29,Low,Low
E108465,Male,Product,Yes,51.7,2,73,3.9,5.5,50.3,10,0.18,Low,Medium
E108466,Male,Service,Yes,44.0,8,71,9.2,3.0,88.9,10,0.64,High,Low
E108467,Male,Service,No,48.6,4,72,9.1,7.2,77.2,6,0.25,Low,Medium
E108468,Male,Service,No,47.2,6,30,5.9,4.5,83.4,4,0.32,Medium,Low
E108469,Male,Service,Yes,42.0,18,40,7.2,2.1,58.2,6,0.57,Medium,Low
E108470,Male,Service,Yes,35.1,9,93,4.7,8.7,62.8,1,0.06,Low,High
E108471,Male,Product,No,50.9,10,61,6.9,2.6,53.0,0,0.51,Medium,Low
E108472,Male,Service,Yes,40.1,5,54,5.9,5.9,99.9,9,0.24,Low,Medium
E108473,Male,Service,No,43.0,18,33,3.9,7.5,55.2,6,0.1,Low,Medium
E108474,Female,Product,Yes,44.2,6,92,3.9,6.8,54.5,4,0.12,Low,High
E108475,Female,Service,Yes,44.7,15,58,6.9,2.4,80.7,6,0.52,Medium,Low
E108476,Male,Service,Yes,49.8,11,40,9.6,2.7,66.6,0,0.7,High,Low
E108477,Female,Service,Yes,45.0,17,66,2.8,2.3,94.4,6,0.22,Low,Medium
E108478,Female,Product,Yes,44.4,13,51,4.5,1.7,91.6,0,0.37,Medium,Low
E108479,Female,Service,Yes,50.1,15,91,8.3,3.5,93.4,2,0.54,Medium,Medium
E108480,Male,Service,Yes,48.0,5,61,2.1,5.7,86.8,2,0.09,Low,Medium
E108481,Male,Product,No,41.3,0,86,9.9,2.6,56.6,2,0.73,High,Low
E108482,Female,Product,Yes,39.3,12,28,7.1,9.7,53.2,4,0.02,Low,Low
E108483,Female,Product,Yes,40.9,5,40,9.2,7.3,53.2,1,0.25,Low,Low
E108484,Female,Service,No,44.8,5,61,8.5,6.3,90.1,0,0.31,Medium,Low
E108485,Female,Service,Yes,38.8,5,27,8.0,7.1,82.9,5,0.23,Low,Low
E108486,Male,Service,Yes,45.5,11,25,1.3,4.9,99.0,9,0.07,Low,Medium
E108487,Male,Service,Yes,44.4,8,16,4.7,5.2,82.2,11,0.23,Low,Low
E108488,Male,Product,Yes,32.3,19,44,2.8,9.0,62.5,9,0.03,Low,Medium
E108489,Male,Service,Yes,38.0,6,38,8.8,7.5,54.5,11,0.22,Low,Low
E108490,Female,Product,No,30.6,2,96,7.1,6.3,68.3,3,0.26,Low,Medium
E108491,Male,Service,Yes,43.3,14,37,2.0,9.6,60.0,0,0.01,Low,Medium
E108492,Male,Service,Yes,50.4,1,84,4.2,7.0,81.4,8,0.13,Low,High
E108493,Female,Product,Yes,35.5,17,89,1.6,4.6,54.8,6,0.09,Low,High
E108494,Male,Service,Yes,38.4,0,21,7.7,1.4,88.6,5,0.66,High,Low
E108495,Female,Product,No,44.2,0,61,4.8,4.5,84.8,3,0.26,Low,Medium
E108496,Other,Product,Yes,39.7,10,24,3.1,9.3,86.8,6,0.02,Low,Medium
E108497,Female,Service,Yes,39.7,2,99,5.7,1.4,98.3,11,0.49,Medium,Medium
E108498,Male,Service,Yes,47.7,9,87,1.4,2.7,82.5,6,0.1,Low,Medium
E108499,Male,Service,Yes,42.5,11,44,3.3,8.3,89.4,10,0.06,Low,Medium
E108500,Male,Product,Yes,37.6,5,62,2.6,4.3,54.3,7,0.15,Low,Medium
E108501,Male,Service,Yes,34.6,6,39,9.4,2.7,97.2,8,0.69,High,Low
E108502,Male,Product,Yes,56.0,16,38,4.4,8.3,60.9,9,0.07,Low,Medium
E108503,Female,Service,No,50.6,16,26,6.3,6.0,74.7,0,0.25,Low,Low
E108504,Male,Product,Yes,42.7,3,85,5.5,5.9,97.9,2,0.23,Low,Medium
E108505,Female,Product,Yes,45.4,0,48,6.9,3.6,59.0,5,0.44,Medium,Low
E108506,Male,Service,Yes,42.6,0,17,3.5,7.1,51.8,4,0.1,Low,Low
E108507,Female,Service,Yes,47.6,16,20,2.1,8.8,64.9,9,0.03,Low,Medium
E108508,Female,Service,Yes,40.7,10,73,1.7,7.8,57.8,8,0.04,Low,High
E108509,Male,Service,No,42.3,2,41,2.7,6.5,83.4,9,0.09,Low,Medium
E108510,Male,Service,Yes,47.3,9,97,5.3,4.2,63.9,10,0.31,Medium,Medium
E108511,Female,Service,Yes,52.3,1,86,3.1,8.7,53.1,1,0.04,Low,High
E108512,Female,Product,No,48.7,15,50,4.9,6.1,94.7,3,0.19,Low,Medium
E108513,Female,Product,Yes,51.2,15,75,1.3,9.0,52.5,10,0.01,Low,High
E108514,Male,Product,Yes,43.4,7,96,6.6,3.3,63.6,4,0.44,Medium,Medium
E108515,Male,Service,Yes,41.9,6,85,8.9,6.9,62.0,5,0.28,Low,Medium
E108516,Female,Product,Yes,35.3,9,79,1.4,9.4,51.2,9,0.01,Low,High
E108517,Female,Service,Yes,45.4,3,19,3.0,4.4,58.3,2,0.17,Low,Low
E108518,Male,Service,Yes,46.9,8,56,3.9,9.6,90.7,1,0.02,Low,Medium
E108519,Female,Service,Yes,43.5,4,28,3.6,4.5,51.9,11,0.2,Low,Low
E108520,Male,Service,Yes,41.1,6,79,1.4,4.9,51.2,10,0.07,Low,High
E108521,Male,Service,No,51.2,3,26,2.0,8.3,81.7,7,0.03,Low,Medium
E108522,Male,Service,No,48.2,0,97,9.2,3.3,54.4,8,0.62,High,Medium
E108523,Male,Product,Yes,51.6,11,16,7.4,7.4,68.6,1,0.19,Low,Low
E108524,Male,Service,Yes,40.2,15,28,9.6,3.7,50.1,11,0.6,Medium,Low
E108525,Male,Product,Yes,41.5,15,81,5.0,6.3,68.1,2,0.18,Low,Medium
E108526,Male,Service,Yes,51.0,7,91,8.9,8.0,65.9,5,0.18,Low,Medium
E108527,Female,Service,Yes,44.8,12,81,8.3,1.2,80.6,4,0.73,High,Low
E108528,Female,Service,Yes,42.2,8,28,8.9,1.8,75.0,7,0.73,High,Low
E108529,Female,Product,Yes,42.5,9,48,1.4,9.4,83.9,4,0.01,Low,High
E108530,Female,Service,No,44.9,7,59,6.9,8.3,96.8,8,0.12,Low,Medium
E108531,Male,Service,Yes,50.0,0,23,6.1,8.9,89.8,0,0.07,Low,Low
E108532,Female,Service,No,44.2,2,24,5.9,5.0,96.7,11,0.3,Low,Low
E108533,Female,Service,No,49.0,4,22,5.5,7.4,52.7,11,0.14,Low,Low
E108534,Male,Product,Yes,47.3,6,43,8.2,10.0,99.5,5,0.0,Low,Medium
E108535,Male,Service,Yes,40.6,15,75,9.7,4.9,66.1,6,0.49,Medium,Low
E108536,Male,Service,Yes,40.6,7,68,8.5,8.6,63.8,1,0.12,Low,Medium
E108537,Female,Product,Yes,42.7,0,53,8.8,1.7,70.2,5,0.73,High,Low
E108538,Male,Service,Yes,38.3,2,47,5.4,5.9,89.2,0,0.22,Low,Medium
E108539,Female,Product,Yes,42.4,5,37,7.2,4.0,97.7,2,0.43,Medium,Low
E108540,Female,Product,Yes,52.6,11,86,4.7,5.7,77.7,1,0.2,Low,Medium
E108541,Female,Product,Yes,44.8,14,54,4.2,2.0,57.7,6,0.34,Medium,Low
E108542,Female,Service,No,41.2,16,37,9.1,4.3,60.7,10,0.52,Medium,Low
E108543,Female,Product,Yes,54.6,17,73,9.1,1.7,70.3,8,0.76,High,Low
E108544,Male,Service,Yes,40.3,16,64,7.1,5.1,68.3,2,0.35,Medium,Low
E108545,Male,Product,Yes,40.2,11,78,8.5,5.0,61.9,2,0.42,Medium,Medium
E108546,Female,Service,No,51.1,15,70,4.2,4.0,92.5,8,0.25,Low,Medium
E108547,Male,Service,Yes,48.3,11,57,4.9,9.5,64.0,8,0.02,Low,Medium
E108548,Male,Product,No,44.3,3,98,8.4,1.7,79.6,7,0.7,High,Low
E108549,Male,Service,No,49.2,8,72,4.6,8.4,74.0,2,0.07,Low,High
E108550,Female,Product,No,46.5,14,26,1.4,4.2,96.2,9,0.08,Low,Low
E108551,Male,Product,Yes,39.1,4,50,4.2,2.8,81.4,5,0.3,Low,Low
E108552,Female,Service,Yes,33.0,10,87,4.6,3.5,66.6,3,0.3,Low,Medium
E108553,Male,Service,Yes,42.2,17,20,2.4,9.1,81.9,5,0.02,Low,Medium
E108554,Male,Service,Yes,50.4,0,46,4.1,8.4,65.9,7,0.07,Low,Medium
E108555,Female,Product,Yes,42.9,15,79,9.4,1.1,54.5,4,0.84,High,Low
E108556,Male,Service,Yes,47.3,17,74,8.7,2.3,74.3,3,0.67,High,Low
E108557,Female,Service,Yes,45.9,12,68,5.0,7.1,93.0,9,0.15,Low,Medium
E108558,Female,Product,Yes,36.5,19,38,7.4,3.9,95.5,1,0.45,Medium,Low
E108559,Female,Product,Yes,43.0,15,43,2.4,9.3,77.2,0,0.02,Low,Medium
E108560,Male,Product,Yes,46.8,15,22,7.8,8.1,85.0,10,0.15,Low,Low
E108561,Female,Product,No,41.1,2,27,5.3,8.9,80.5,0,0.06,Low,Medium
E108562,Female,Service,Yes,43.2,17,77,7.5,2.7,90.5,10,0.55,Medium,Low
E108563,Female,Service,Yes,47.0,10,39,6.8,2.4,55.2,8,0.52,Medium,Low
E108564,Male,Service,Yes,45.4,12,43,3.1,9.4,70.1,8,0.02,Low,Medium
E108565,Male,Product,No,50.2,1,73,8.5,4.6,62.7,9,0.46,Medium,Low
E108566,Female,Product,No,46.9,2,75,6.1,4.7,50.3,10,0.32,Medium,Medium
E108567,Female,Product,Yes,40.2,0,40,8.1,7.2,91.5,1,0.23,Low,Low
E108568,Male,Product,Yes,42.6,0,98,1.8,4.6,56.7,0,0.1,Low,High
E108569,Male,Service,Yes,45.1,14,82,6.5,8.9,66.2,10,0.07,Low,High
E108570,Male,Service,Yes,51.7,2,36,3.6,9.6,93.3,10,0.01,Low,Medium
E108571,Male,Service,No,42.6,3,21,8.7,4.0,86.1,5,0.52,Medium,Low
E108572,Male,Service,Yes,36.3,11,71,9.5,2.9,78.4,4,0.67,High,Low
E108573,Male,Product,Yes,47.2,11,76,1.5,1.7,65.5,1,0.12,Low,Medium
E108574,Female,Service,Yes,41.2,13,32,7.5,2.9,75.8,4,0.53,Medium,Low
E108575,Male,Product,No,38.6,10,24,1.9,2.3,52.8,1,0.15,Low,Low
E108576,Female,Product,Yes,45.1,5,45,8.7,1.3,86.4,1,0.76,High,Low
E108577,Male,Service,No,49.9,13,40,2.1,1.4,61.9,6,0.18,Low,Low
E108578,Male,Service,Yes,42.1,1,69,2.8,5.6,74.0,10,0.12,Low,Medium
E108579,Male,Service,Yes,47.5,2,39,3.3,7.4,54.7,7,0.09,Low,Medium
E108580,Male,Service,Yes,48.4,17,66,7.6,9.8,85.5,10,0.02,Low,Medium
E108581,Female,Product,Yes,49.0,7,32,3.6,2.4,94.8,11,0.27,Low,Low
E108582,Female,Service,No,41.3,1,38,6.4,7.3,72.8,8,0.17,Low,Low
E108583,Male,Product,No,39.4,19,29,6.1,6.0,54.2,4,0.24,Low,Low
E108584,Male,Product,Yes,40.1,15,22,4.6,5.3,97.3,11,0.22,Low,Low
E108585,Male,Service,Yes,49.0,13,57,5.9,7.5,72.4,4,0.15,Low,Medium
E108586,Female,Product,Yes,48.3,18,38,2.1,3.1,54.0,7,0.14,Low,Low
E108587,Female,Product,Yes,40.2,19,99,8.9,3.8,59.4,0,0.55,Medium,Medium
E108588,Male,Product,Yes,55.7,3,79,2.9,4.5,56.0,4,0.16,Low,Medium
E108589,Female,Service,Yes,39.6,5,40,8.9,2.6,59.9,10,0.66,High,Low
E108590,Female,Service,No,50.0,11,88,5.7,5.3,57.8,10,0.27,Low,Medium
E108591,Male,Service,No,52.6,9,40,6.5,2.2,96.1,10,0.51,Medium,Low
E108592,Male,Service,Yes,45.5,8,80,3.3,3.9,60.5,8,0.2,Low,Medium
E108593,Female,Product,No,41.2,2,54,3.0,2.0,72.1,10,0.24,Low,Low
E108594,Female,Product,Yes,41.3,0,28,5.4,1.3,86.5,11,0.47,Medium,Low
E108595,Male,Product,Yes,43.7,13,47,3.4,4.2,83.8,3,0.2,Low,Medium
E108596,Male,Service,Yes,50.4,7,71,4.8,6.6,97.8,3,0.16,Low,Medium
E108597,Male,Service,Yes,39.0,17,53,5.0,2.4,98.3,8,0.38,Medium,Low
E108598,Male,Product,No,35.8,11,15,3.4,9.9,78.5,6,0.0,Low,Medium
E108599,Female,Service,No,46.8,11,51,3.6,3.5,87.6,1,0.23,Low,Medium
E108600,Male,Service,Yes,47.9,9,32,9.8,1.2,69.3,1,0.86,High,Low
E108601,Female,Service,Yes,54.8,3,44,6.3,1.3,71.5,7,0.55,Medium,Low
E108602,Female,Service,Yes,38.1,19,41,8.5,7.0,55.2,3,0.26,Low,Low
E108603,Male,Product,Yes,44.3,4,74,1.4,7.0,83.7,9,0.04,Low,High
E108604,Male,Service,No,50.8,7,63,1.0,9.1,63.5,4,0.01,Low,High
E108605,Male,Product,No,45.6,18,44,5.7,1.8,54.0,0,0.47,Medium,Low
E108606,Female,Product,Yes,44.0,5,59,8.4,4.4,54.9,3,0.47,Medium,Low
E108607,Male,Service,No,48.9,15,35,6.5,9.0,86.1,5,0.06,Low,Medium
E108608,Female,Product,Yes,42.0,8,68,6.6,8.2,61.4,11,0.12,Low,Medium
E108609,Female,Service,Yes,49.3,10,30,2.3,3.1,88.5,6,0.16,Low,Low
E108610,Male,Product,Yes,38.7,2,95,9.8,9.0,95.3,11,0.1,Low,Medium
E108611,Female,Service,No,37.4,13,32,5.8,7.1,67.0,10,0.17,Low,Low
E108612,Other,Product,Yes,43.6,4,48,1.9,3.4,89.7,11,0.13,Low,Medium
E108613,Male,Service,No,32.2,5,35,4.7,1.4,71.4,5,0.4,Medium,Low
E108614,Male,Product,Yes,45.4,0,90,1.6,5.5,88.6,1,0.07,Low,High
E108615,Female,Product,Yes,36.3,12,45,4.8,7.4,65.3,10,0.12,Low,Medium
E108616,Female,Service,Yes,46.4,8,24,7.4,3.4,96.6,6,0.49,Medium,Low
E108617,Male,Product,No,45.9,2,18,3.9,2.5,99.4,11,0.29,Low,Low
E108618,Male,Service,Yes,44.7,5,29,3.8,1.7,69.3,10,0.32,Medium,Low
E108619,Male,Service,No,47.2,19,67,5.6,8.6,59.9,3,0.08,Low,Medium
E108620,Other,Product,Yes,46.0,7,73,5.5,1.5,84.3,11,0.47,Medium,Low
E108621,Male,Product,Yes,43.5,3,69,5.2,6.5,79.2,6,0.18,Low,Medium
E108622,Male,Service,No,54.2,5,76,5.7,7.9,99.6,9,0.12,Low,Medium
E108623,Female,Service,Yes,47.0,11,56,1.4,8.0,90.6,1,0.03,Low,High
E108624,Male,Product,No,48.9,11,42,5.3,6.9,91.8,2,0.16,Low,Medium
E108625,Female,Product,Yes,50.4,6,21,9.9,6.9,86.3,4,0.31,Medium,Low
E108626,Male,Service,Yes,48.3,15,25,7.9,5.3,67.5,3,0.37,Medium,Low
E108627,Female,Service,No,55.3,6,43,3.6,4.8,96.8,4,0.19,Low,Medium
E108628,Male,Product,No,45.8,2,48,7.1,2.2,73.3,9,0.55,Medium,Low
E108629,Female,Product,Yes,45.0,12,39,4.0,5.8,70.0,10,0.17,Low,Medium
E108630,Female,Product,Yes,41.8,19,70,2.7,1.6,59.7,9,0.23,Low,Medium
E108631,Male,Service,Yes,43.7,8,54,8.0,5.2,65.2,3,0.38,Medium,Low
E108632,Male,Product,Yes,41.3,10,77,2.9,7.6,50.1,2,0.07,Low,High
E108633,Male,Product,Yes,48.4,6,64,8.7,5.0,83.0,4,0.43,Medium,Low
E108634,Male,Service,Yes,40.4,14,25,4.4,5.6,80.3,2,0.19,Low,Low
E108635,Female,Service,No,45.4,0,74,7.8,8.6,70.2,6,0.11,Low,Medium
E108636,Female,Product,No,47.8,1,78,3.3,6.8,98.4,4,0.11,Low,High
E108637,Male,Service,Yes,45.8,0,18,6.9,2.1,84.7,4,0.55,Medium,Low
E108638,Female,Product,No,40.5,14,45,2.9,5.9,62.1,8,0.12,Low,Medium
E108639,Female,Product,Yes,48.5,3,88,1.2,4.3,68.9,4,0.07,Low,High
E108640,Female,Product,Yes,44.6,3,68,8.3,2.9,75.8,4,0.59,Medium,Low
E108641,Male,Product,No,30.6,13,94,8.7,6.8,77.3,0,0.28,Low,Medium
E108642,Male,Service,No,40.1,4,70,8.9,4.5,63.8,2,0.49,Medium,Low
E108643,Male,Service,Yes,52.0,0,58,1.3,7.9,62.5,0,0.03,Low,High
E108644,Male,Product,No,52.4,14,95,7.8,6.3,65.0,5,0.29,Low,Medium
E108645,Male,Service,Yes,47.6,6,19,8.5,1.9,98.2,1,0.69,High,Low
E108646,Male,Service,No,48.9,15,81,3.8,4.2,68.0,4,0.22,Low,Medium
E108647,Male,Service,Yes,41.1,13,94,5.2,3.4,68.7,8,0.34,Medium,Medium
E108648,Female,Service,No,43.7,14,82,4.7,2.3,86.0,5,0.36,Medium,Medium
E108649,Male,Product,Yes,51.2,14,23,5.0,8.2,58.1,6,0.09,Low,Low
E108650,Male,Service,Yes,47.1,19,18,8.6,4.4,82.2,8,0.48,Medium,Low
E108651,Male,Service,Yes,45.3,0,99,4.8,6.5,83.3,5,0.17,Low,High
E108652,Male,Product,Yes,44.1,18,88,3.7,8.9,53.2,10,0.04,Low,High
E108653,Female,Product,Yes,50.9,6,95,2.2,5.9,59.5,10,0.09,Low,High
E108654,Male,Product,No,50.6,17,30,7.1,3.3,73.3,6,0.48,Medium,Low
E108655,Male,Product,No,48.2,14,84,1.8,8.1,91.8,2,0.03,Low,High
E108656,Male,Product,Yes,45.3,12,29,1.6,4.9,86.6,3,0.08,Low,Medium
E108657,Male,Product,No,43.2,18,66,7.1,6.1,93.7,2,0.28,Low,Medium
E108658,Male,Service,Yes,48.5,17,45,7.2,9.1,92.6,5,0.06,Low,Medium
E108659,Female,Product,Yes,39.5,3,94,2.8,5.4,75.6,4,0.13,Low,High
E108660,Male,Service,No,40.5,17,58,9.6,4.0,81.1,0,0.58,Medium,Low
E108661,Male,Product,Yes,37.7,3,50,8.1,7.5,96.0,9,0.2,Low,Low
E108662,Male,Service,No,51.2,15,16,7.2,2.2,87.1,9,0.56,Medium,Low
E108663,Male,Service,No,41.4,13,42,7.8,9.2,67.9,6,0.06,Low,Medium
E108664,Female,Service,Yes,47.0,13,54,4.7,9.2,67.5,1,0.04,Low,Medium
E108665,Female,Service,Yes,44.4,6,77,5.1,6.2,68.3,4,0.19,Low,Medium
E108666,Female,Product,Yes,59.5,12,77,8.8,2.4,74.8,8,0.67,High,Low
E108667,Male,Product,No,47.2,13,31,1.2,5.1,68.1,3,0.06,Low,Medium
E108668,Male,Product,Yes,35.7,9,52,8.2,4.8,59.4,5,0.43,Medium,Low
E108669,Female,Product,Yes,50.9,12,50,5.0,3.7,79.7,3,0.32,Medium,Low
E108670,Female,Service,Yes,43.1,5,46,5.2,2.6,93.5,10,0.38,Medium,Low
E108671,Male,Product,Yes,44.0,10,68,3.9,3.4,74.6,6,0.26,Low,Medium
E108672,Male,Service,No,41.6,5,73,6.5,6.0,61.0,11,0.26,Low,Medium
E108673,Male,Product,Yes,46.0,10,39,7.1,7.2,90.7,8,0.2,Low,Low
E108674,Male,Service,No,45.9,18,91,2.4,9.8,87.8,10,0.0,Low,High
E108675,Male,Service,Yes,41.8,16,28,6.1,2.9,85.0,5,0.43,Medium,Low
E108676,Male,Product,Yes,42.5,2,58,5.2,2.8,83.7,9,0.37,Medium,Low
E108677,Female,Product,Yes,45.5,0,39,8.0,2.1,89.1,9,0.63,High,Low
E108678,Male,Product,No,33.3,15,49,5.9,9.5,91.5,10,0.03,Low,Medium
E108679,Male,Product,Yes,37.8,11,93,4.9,4.4,94.9,2,0.27,Low,Medium
E108680,Male,Service,Yes,53.3,13,93,5.8,9.3,80.5,10,0.04,Low,High
E108681,Female,Product,Yes,46.6,17,61,5.4,9.0,69.7,7,0.05,Low,Medium
E108682,Male,Product,Yes,42.4,2,61,9.4,1.4,54.5,8,0.81,High,Low
E108683,Female,Service,Yes,36.5,7,31,3.8,3.5,86.1,10,0.25,Low,Low
E108684,Male,Service,Yes,44.7,17,37,1.3,3.7,57.1,0,0.08,Low,Medium
E108685,Female,Service,Yes,49.9,15,31,7.0,3.5,93.4,10,0.45,Medium,Low
E108686,Male,Product,Yes,58.2,14,43,6.4,4.8,70.3,7,0.33,Medium,Low
E108687,Male,Service,No,54.5,1,16,9.2,5.5,93.8,5,0.41,Medium,Low
E108688,Male,Service,Yes,40.6,15,25,2.1,7.8,75.9,0,0.05,Low,Medium
E108689,Male,Service,Yes,42.5,9,30,5.7,3.4,72.7,8,0.38,Medium,Low
E108690,Male,Service,Yes,37.6,10,65,2.4,3.7,68.2,11,0.15,Low,Medium
E108691,Female,Product,Yes,40.8,18,95,5.1,6.4,53.1,11,0.18,Low,High
E108692,Male,Product,Yes,43.9,18,35,8.2,2.6,50.6,10,0.61,High,Low
E108693,Male,Service,Yes,43.2,9,35,8.7,5.3,75.4,10,0.41,Medium,Low
E108694,Male,Service,Yes,55.3,16,20,8.5,3.3,95.1,0,0.57,Medium,Low
E108695,Female,Service,Yes,38.4,0,60,5.9,2.8,79.3,7,0.42,Medium,Low
E108696,Female,Product,Yes,44.8,6,37,6.7,8.2,93.1,0,0.12,Low,Low
E108697,Female,Service,No,34.7,15,72,6.0,7.4,100.0,11,0.16,Low,Medium
E108698,Male,Service,No,46.7,10,71,6.1,3.2,58.9,7,0.41,Medium,Low
E108699,Female,Product,No,38.3,17,75,9.0,4.7,83.0,1,0.48,Medium,Low
E108700,Female,Service,Yes,50.5,0,53,2.9,2.4,70.8,1,0.22,Low,Low
E108701,Female,Product,Yes,43.5,1,59,4.9,1.5,60.4,9,0.42,Medium,Low
E108702,Male,Service,No,38.0,1,43,6.5,6.3,62.0,7,0.24,Low,Low
E108703,Male,Product,Yes,34.5,5,45,7.9,4.3,62.2,3,0.45,Medium,Low
E108704,Male,Service,Yes,40.1,7,16,7.9,2.9,86.5,6,0.56,Medium,Low
E108705,Male,Service,Yes,46.2,19,51,2.1,2.0,67.8,9,0.17,Low,Medium
E108706,Female,Service,Yes,47.1,13,58,3.0,7.1,62.8,9,0.09,Low,Medium
E108707,Male,Product,No,42.5,19,93,9.2,3.4,94.3,9,0.61,High,Medium
E108708,Male,Product,No,49.6,7,84,4.2,9.2,51.7,4,0.03,Low,High
E108709,Female,Service,No,39.3,16,77,1.0,2.7,86.8,11,0.07,Low,Medium
E108710,Female,Product,No,30.4,4,89,2.8,3.2,98.0,1,0.19,Low,Medium
E108711,Male,Product,Yes,46.4,2,67,9.7,8.7,81.3,10,0.13,Low,Medium
E108712,Female,Product,No,51.5,17,90,3.8,6.2,77.4,10,0.14,Low,High
E108713,Male,Product,Yes,51.5,9,17,6.5,2.0,53.1,1,0.52,Medium,Low
E108714,Female,Service,Yes,38.5,3,33,7.5,5.9,75.1,7,0.31,Medium,Low
E108715,Female,Product,Yes,42.3,9,59,6.8,3.8,68.1,2,0.42,Medium,Low
E108716,Male,Service,No,48.6,17,75,4.4,7.6,88.9,9,0.11,Low,Medium
E108717,Female,Service,No,41.9,12,69,4.9,1.7,90.6,7,0.41,Medium,Low
E108718,Female,Service,Yes,45.5,16,85,8.5,9.3,58.4,2,0.06,Low,Medium
E108719,Male,Product,Yes,41.4,13,90,7.0,5.3,76.1,11,0.33,Medium,Medium
E108720,Male,Product,Yes,39.6,18,43,1.2,7.6,93.0,4,0.03,Low,Medium
E108721,Female,Product,Yes,40.5,17,62,2.8,7.3,81.2,2,0.08,Low,Medium
E108722,Male,Product,Yes,49.8,7,86,3.6,2.6,74.0,0,0.27,Low,Medium
E108723,Male,Product,No,45.1,17,77,4.3,8.9,94.9,8,0.05,Low,High
E108724,Female,Service,Yes,51.4,15,35,6.2,3.1,98.3,4,0.43,Medium,Low
E108725,Female,Service,Yes,47.6,10,71,4.3,2.7,61.8,2,0.31,Medium,Medium
E108726,Male,Service,No,53.0,16,27,8.4,5.7,59.1,3,0.36,Medium,Low
E108727,Male,Service,Yes,49.1,17,41,5.3,9.9,93.2,11,0.01,Low,Medium
E108728,Male,Service,Yes,48.8,18,82,5.5,3.8,62.1,5,0.34,Medium,Medium
E108729,Male,Service,No,44.4,17,78,4.8,9.7,92.4,7,0.01,Low,High
E108730,Male,Product,No,60.0,13,23,3.8,4.9,65.1,1,0.19,Low,Low
E108731,Female,Product,Yes,45.6,16,88,7.5,8.5,51.0,1,0.11,Low,Medium
E108732,Male,Product,Yes,35.1,7,89,3.1,5.8,71.1,11,0.13,Low,High
E108733,Male,Product,Yes,46.3,14,21,7.2,2.8,52.0,11,0.52,Medium,Low
E108734,Male,Service,Yes,40.1,16,25,5.8,8.9,60.4,2,0.06,Low,Low
E108735,Other,Product,Yes,50.1,10,42,1.9,1.6,74.0,11,0.16,Low,Low
E108736,Male,Service,Yes,48.6,5,86,1.2,7.1,51.9,5,0.03,Low,High
E108737,Male,Service,No,44.0,18,41,2.5,8.5,51.7,8,0.04,Low,Medium
E108738,Male,Product,Yes,40.6,15,36,7.8,8.5,57.8,8,0.12,Low,Low
E108739,Female,Service,Yes,45.7,11,56,4.5,6.9,73.1,9,0.14,Low,Medium
E108740,Female,Service,Yes,41.8,14,46,8.2,3.3,98.7,8,0.55,Medium,Low
E108741,Male,Service,Yes,48.9,10,28,5.5,5.8,54.7,8,0.23,Low,Low
E108742,Male,Product,Yes,47.8,6,40,1.3,6.7,81.1,5,0.04,Low,Medium
E108743,Male,Product,No,59.7,9,69,8.6,9.0,74.9,10,0.09,Low,Medium
E108744,Male,Service,Yes,42.8,18,89,9.4,2.4,53.0,9,0.71,High,Low
E108745,Male,Product,Yes,43.5,4,85,1.7,5.2,51.7,2,0.08,Low,High
E108746,Male,Service,Yes,44.2,16,69,2.9,4.0,61.1,4,0.17,Low,Medium
E108747,Male,Service,Yes,44.4,18,59,7.4,4.8,84.2,5,0.38,Medium,Low
E108748,Male,Service,Yes,50.1,3,44,10.0,2.6,98.1,8,0.74,High,Low
E108749,Male,Product,Yes,43.6,0,80,8.9,3.0,77.8,8,0.62,High,Low
E108750,Female,Service,Yes,54.9,13,40,1.9,7.9,52.3,2,0.04,Low,Medium
E108751,Male,Service,Yes,47.9,16,15,6.5,5.3,62.9,6,0.31,Medium,Low
E108752,Male,Service,No,42.6,13,38,7.0,5.6,97.1,8,0.31,Medium,Low
E108753,Male,Service,Yes,41.3,5,69,6.7,9.1,50.6,11,0.06,Low,Medium
E108754,Female,Product,Yes,50.2,4,79,6.1,3.2,80.1,2,0.41,Medium,Medium
E108755,Female,Service,Yes,45.1,2,39,3.6,4.0,58.9,9,0.22,Low,Low
E108756,Male,Service,Yes,45.0,14,56,7.0,3.8,53.3,4,0.43,Medium,Low
E108757,Male,Service,Yes,42.0,6,58,7.6,6.9,62.7,0,0.24,Low,Medium
E108758,Male,Service,Yes,44.7,10,83,6.2,6.1,96.8,8,0.24,Low,Medium
E108759,Male,Product,Yes,41.8,9,26,5.5,5.2,88.1,9,0.26,Low,Low
E108760,Male,Service,No,51.8,13,22,3.0,7.0,58.6,0,0.09,Low,Medium
E108761,Female,Service,Yes,48.6,2,77,5.9,5.4,53.3,3,0.27,Low,Medium
E108762,Male,Service,No,44.1,13,92,2.2,8.3,74.7,3,0.04,Low,High
E108763,Female,Service,No,44.1,16,34,1.7,4.7,52.6,7,0.09,Low,Medium
E108764,Male,Product,Yes,45.5,3,54,8.0,9.0,70.2,4,0.08,Low,Medium
E108765,Female,Product,Yes,45.0,5,87,7.1,2.1,90.0,11,0.56,Medium,Medium
E108766,Female,Product,Yes,40.2,19,19,6.8,1.8,75.0,2,0.56,Medium,Low
E108767,Male,Service,Yes,35.5,4,15,9.4,6.9,94.8,0,0.29,Low,Low
E108768,Male,Product,Yes,41.0,9,25,4.4,4.5,89.6,0,0.24,Low,Low
E108769,Male,Product,Yes,44.4,6,18,4.6,5.1,77.8,3,0.23,Low,Low
E108770,Male,Service,No,41.3,14,52,4.7,7.3,89.5,6,0.13,Low,Medium
E108771,Male,Product,Yes,49.1,17,31,5.2,2.9,54.7,7,0.37,Medium,Low
E108772,Female,Product,Yes,43.9,0,82,5.6,1.4,60.1,0,0.48,Medium,Medium
E108773,Male,Service,Yes,54.4,3,46,8.0,5.0,85.0,7,0.4,Medium,Low
E108774,Female,Service,Yes,42.2,10,19,3.0,9.1,50.3,4,0.03,Low,Medium
E108775,Male,Product,No,45.7,9,36,4.9,5.1,50.2,5,0.24,Low,Low
E108776,Female,Service,Yes,43.6,12,92,5.5,6.1,69.0,7,0.21,Low,Medium
E108777,Male,Product,Yes,47.2,18,99,2.5,2.9,93.4,9,0.18,Low,High
E108778,Female,Product,No,50.3,9,96,7.3,5.2,99.0,0,0.35,Medium,Medium
E108779,Male,Product,No,48.0,17,81,1.5,5.3,82.5,0,0.07,Low,High
E108780,Male,Service,No,34.8,8,25,6.3,3.1,97.5,7,0.43,Medium,Low
E108781,Female,Service,No,47.5,8,39,2.8,2.5,92.4,11,0.21,Low,Low
E108782,Male,Service,Yes,39.9,19,56,1.1,4.2,60.1,7,0.06,Low,Medium
E108783,Female,Product,Yes,43.5,11,49,3.8,1.3,70.2,3,0.33,Medium,Low
E108784,Female,Product,Yes,48.4,13,93,4.9,2.5,81.2,10,0.37,Medium,Medium
E108785,Male,Product,Yes,39.4,1,73,8.4,7.6,57.6,11,0.2,Low,Medium
E108786,Male,Service,Yes,50.8,9,62,4.7,6.8,65.7,4,0.15,Low,Medium
E108787,Female,Product,No,43.2,17,99,9.2,3.8,87.8,8,0.57,Medium,Medium
E108788,Male,Product,Yes,55.9,5,17,8.6,6.0,67.2,1,0.34,Medium,Low
E108789,Female,Service,No,45.3,1,38,2.7,8.5,96.3,0,0.04,Low,Medium
E108790,Female,Service,Yes,53.5,16,83,2.4,8.6,70.3,6,0.03,Low,High
E108791,Male,Product,Yes,51.0,17,47,3.2,6.9,61.0,9,0.1,Low,Medium
E108792,Male,Product,Yes,41.9,17,84,4.2,2.1,60.5,3,0.33,Medium,Medium
E108793,Female,Product,Yes,38.5,13,61,6.3,2.5,84.4,6,0.47,Medium,Low
E108794,Male,Service,Yes,45.6,10,67,2.1,3.6,68.4,10,0.13,Low,Medium
E108795,Male,Service,Yes,42.1,18,59,5.8,7.0,61.9,2,0.17,Low,Medium
E108796,Male,Product,Yes,52.9,15,85,6.2,3.3,84.7,10,0.42,Medium,Medium
E108797,Male,Product,No,43.8,7,97,6.9,5.2,71.1,3,0.33,Medium,Medium
E108798,Male,Product,Yes,43.5,17,71,6.0,8.4,92.3,9,0.1,Low,Medium
E108799,Male,Product,Yes,38.0,2,99,8.4,9.0,77.4,7,0.08,Low,High
E108800,Female,Service,Yes,47.1,3,84,6.8,8.5,98.6,0,0.1,Low,Medium
E108801,Male,Product,Yes,39.1,4,54,9.3,2.0,68.7,6,0.74,High,Low
E108802,Male,Service,No,47.2,3,17,7.3,9.2,64.1,6,0.06,Low,Low
E108803,Other,Service,No,47.9,6,63,4.9,7.2,82.2,5,0.14,Low,Medium
E108804,Female,Service,No,41.3,19,28,2.9,6.6,85.4,10,0.1,Low,Medium
E108805,Female,Product,Yes,49.8,5,34,1.1,3.2,50.8,0,0.07,Low,Medium
E108806,Male,Product,Yes,43.6,16,92,1.8,9.4,83.5,10,0.01,Low,High
E108807,Female,Service,No,37.6,13,80,2.7,1.2,59.1,9,0.24,Low,Medium
E108808,Male,Service,No,52.7,4,39,2.9,1.7,97.9,3,0.24,Low,Low
E108809,Male,Product,No,40.4,14,18,7.7,2.4,78.8,7,0.59,Medium,Low
E108810,Male,Product,No,47.5,9,55,4.5,7.2,56.3,1,0.13,Low,Medium
E108811,Male,Product,Yes,47.1,1,77,3.9,6.6,52.6,9,0.13,Low,Medium
E108812,Female,Service,Yes,46.9,11,62,1.5,9.5,94.0,10,0.01,Low,High
E108813,Male,Service,No,46.9,10,69,5.8,4.1,92.5,1,0.34,Medium,Medium
E108814,Female,Service,No,40.1,6,16,6.5,4.1,71.7,4,0.38,Medium,Low
E108815,Female,Service,No,53.5,6,37,8.9,7.0,54.4,0,0.27,Low,Low
E108816,Female,Service,Yes,49.8,18,62,5.5,2.6,69.5,7,0.41,Medium,Low
E108817,Male,Service,Yes,47.4,6,99,1.1,5.2,88.0,9,0.05,Low,High
E108818,Female,Service,Yes,38.3,13,29,1.6,1.1,83.1,3,0.14,Low,Low
E108819,Male,Service,Yes,40.1,11,65,3.4,6.3,93.3,5,0.13,Low,Medium
E108820,Male,Product,Yes,48.3,9,38,2.3,8.1,87.6,5,0.04,Low,Medium
E108821,Other,Service,No,35.0,4,34,7.9,2.8,66.5,3,0.57,Medium,Low
E108822,Male,Service,Yes,46.7,6,70,2.0,3.8,67.1,4,0.12,Low,Medium
E108823,Male,Product,Yes,38.3,5,52,2.4,2.2,82.4,10,0.19,Low,Medium
E108824,Female,Product,Yes,40.7,19,39,7.0,6.5,65.5,5,0.24,Low,Low
E108825,Male,Product,Yes,37.9,1,66,3.2,6.1,93.4,0,0.12,Low,Medium
E108826,Female,Product,Yes,46.2,12,65,9.7,8.4,66.4,5,0.16,Low,Medium
E108827,Male,Product,No,50.6,15,61,8.8,9.7,74.4,6,0.03,Low,Medium
E108828,Male,Product,Yes,46.7,7,82,7.7,9.9,52.2,5,0.01,Low,Medium
E108829,Male,Product,Yes,47.3,12,94,4.1,2.0,55.9,3,0.33,Medium,Medium
E108830,Male,Product,No,45.8,13,78,1.5,6.0,56.6,5,0.06,Low,High
E108831,Male,Service,Yes,48.4,4,57,4.0,8.1,67.2,1,0.08,Low,Medium
E108832,Female,Service,Yes,47.3,2,85,4.4,6.9,55.8,0,0.14,Low,High
E108833,Male,Product,Yes,31.4,13,71,2.1,9.1,72.9,5,0.02,Low,High
E108834,Female,Service,Yes,49.5,12,53,2.1,5.0,63.5,0,0.11,Low,Medium
E108835,Male,Product,Yes,49.0,16,43,7.0,4.8,63.6,9,0.36,Medium,Low
E108836,Male,Service,Yes,43.2,8,40,3.1,1.2,72.3,3,0.27,Low,Low
E108837,Female,Service,No,35.1,6,28,7.1,1.1,92.7,5,0.63,High,Low
E108838,Female,Product,Yes,46.2,17,78,5.9,7.2,88.1,5,0.17,Low,Medium
E108839,Male,Service,Yes,46.6,10,61,9.1,5.2,94.2,7,0.44,Medium,Low
E108840,Female,Product,Yes,42.8,15,34,8.2,6.9,99.5,11,0.25,Low,Low
E108841,Female,Product,Yes,45.9,17,21,2.4,3.1,50.6,10,0.17,Low,Low
E108842,Male,Product,Yes,50.4,6,96,6.5,8.8,84.6,0,0.08,Low,High
E108843,Female,Service,No,57.0,3,88,6.9,9.1,56.0,0,0.06,Low,High
E108844,Male,Product,Yes,45.7,18,81,8.8,7.0,96.8,10,0.26,Low,Medium
E108845,Female,Product,Yes,46.7,10,67,6.8,3.5,61.3,7,0.44,Medium,Low
E108846,Female,Product,No,40.9,12,79,2.3,2.9,67.5,4,0.16,Low,Medium
E108847,Female,Product,Yes,42.5,5,44,3.3,6.6,99.0,4,0.11,Low,Medium
E108848,Male,Product,Yes,44.3,12,80,6.7,9.5,93.4,9,0.03,Low,High
E108849,Male,Product,Yes,50.9,1,29,9.2,6.2,52.4,2,0.35,Medium,Low
E108850,Female,Product,Yes,49.1,13,89,9.0,8.6,52.3,9,0.13,Low,Medium
E108851,Male,Service,Yes,54.6,12,84,4.2,6.1,90.9,9,0.16,Low,Medium
E108852,Male,Service,Yes,37.5,4,84,8.5,7.1,53.5,8,0.25,Low,Medium
E108853,Female,Service,Yes,38.4,2,71,5.6,6.1,92.6,9,0.22,Low,Medium
E108854,Male,Service,Yes,50.5,3,39,5.2,6.2,96.2,7,0.2,Low,Low
E108855,Male,Product,No,52.2,13,37,4.2,7.7,51.2,9,0.1,Low,Medium
E108856,Male,Service,Yes,45.2,17,26,7.1,4.6,61.0,11,0.38,Medium,Low
E108857,Male,Product,Yes,22.7,10,62,6.4,9.1,51.2,7,0.06,Low,Medium
E108858,Female,Service,Yes,41.3,18,24,4.4,8.8,53.6,2,0.05,Low,Medium
E108859,Female,Service,Yes,46.7,1,31,7.9,7.5,76.7,10,0.2,Low,Low
E108860,Male,Service,Yes,40.5,1,66,4.4,7.7,86.5,8,0.1,Low,Medium
E108861,Female,Service,Yes,45.9,2,16,6.3,4.7,74.0,4,0.33,Medium,Low
E108862,Female,Service,Yes,54.5,15,74,4.5,8.5,69.3,0,0.07,Low,High
E108863,Female,Service,Yes,52.1,0,71,2.1,9.4,60.3,1,0.01,Low,High
E108864,Male,Product,Yes,49.0,9,95,2.5,8.2,61.8,11,0.05,Low,High
E108865,Female,Service,No,44.7,5,87,6.9,2.2,79.1,6,0.54,Medium,Medium
E108866,Male,Service,Yes,42.5,16,61,8.3,8.1,92.8,0,0.16,Low,Medium
E108867,Female,Product,No,48.8,18,85,5.2,5.2,70.2,1,0.25,Low,Medium
E108868,Female,Service,No,45.1,11,27,3.9,6.5,97.0,4,0.14,Low,Low
E108869,Male,Service,No,45.3,19,88,4.0,9.9,52.6,4,0.0,Low,High
E108870,Female,Service,No,37.2,15,36,6.4,4.2,91.5,5,0.37,Medium,Low
E108871,Male,Service,Yes,41.4,1,42,5.2,4.1,66.9,5,0.31,Medium,Low
E108872,Female,Product,Yes,48.8,14,69,1.0,3.4,93.4,10,0.07,Low,Medium
E108873,Male,Service,Yes,39.5,18,64,7.9,2.1,96.0,8,0.62,High,Low
E108874,Female,Product,No,46.3,0,92,2.3,2.5,85.0,11,0.17,Low,Medium
E108875,Male,Product,Yes,47.1,5,33,7.1,5.6,67.8,6,0.31,Medium,Low
E108876,Male,Service,Yes,47.4,17,15,4.1,9.2,72.8,7,0.03,Low,Medium
E108877,Male,Product,Yes,47.8,18,82,6.2,8.3,77.6,4,0.11,Low,Medium
E108878,Male,Service,Yes,48.1,2,70,8.7,2.6,73.1,8,0.64,High,Low
E108879,Male,Service,Yes,41.9,4,28,2.4,6.1,89.6,1,0.09,Low,Medium
E108880,Female,Service,Yes,37.7,2,78,8.0,8.6,88.6,6,0.11,Low,Medium
E108881,Male,Service,No,40.6,6,83,1.3,5.9,50.6,1,0.05,Low,High
E108882,Male,Product,No,48.6,6,98,9.3,9.2,57.6,7,0.07,Low,Medium
E108883,Male,Service,No,39.0,0,36,2.8,9.2,68.2,11,0.02,Low,Medium
E108884,Female,Product,No,39.8,12,58,8.1,4.1,83.6,4,0.48,Medium,Low
E108885,Female,Product,Yes,39.8,12,63,1.6,8.9,61.5,10,0.02,Low,High
E108886,Female,Service,No,35.8,14,50,3.9,6.3,66.1,7,0.14,Low,Medium
E108887,Female,Product,Yes,39.3,18,83,6.7,5.3,73.1,4,0.31,Medium,Medium
E108888,Male,Product,No,50.0,6,48,6.9,8.0,79.5,2,0.14,Low,Medium
E108889,Male,Service,Yes,41.4,16,51,7.3,8.1,95.1,2,0.14,Low,Medium
E108890,Male,Service,Yes,36.3,9,65,4.2,7.1,90.2,5,0.12,Low,Medium
E108891,Female,Service,No,42.4,18,51,7.0,8.3,68.0,10,0.12,Low,Medium
E108892,Other,Service,Yes,47.6,17,39,4.9,9.6,88.4,6,0.02,Low,Medium
E108893,Male,Service,Yes,35.8,7,19,6.1,8.9,91.6,10,0.07,Low,Low
E108894,Male,Service,Yes,49.8,7,22,5.9,1.7,76.1,6,0.49,Medium,Low
E108895,Male,Product,Yes,37.8,8,67,2.5,8.7,64.8,2,0.03,Low,High
E108896,Male,Product,Yes,43.0,12,41,8.6,8.0,97.2,1,0.17,Low,Low
E108897,Female,Service,Yes,43.0,12,75,8.8,9.3,98.1,4,0.06,Low,Medium
E108898,Male,Service,Yes,42.2,1,79,2.8,7.7,61.2,2,0.06,Low,High
E108899,Female,Service,Yes,44.7,6,98,4.7,8.9,89.3,6,0.05,Low,High
E108900,Male,Service,Yes,48.9,6,85,5.2,1.1,52.1,10,0.46,Medium,Medium
E108901,Female,Service,Yes,44.8,19,59,5.9,9.8,50.1,10,0.01,Low,Medium
E108902,Female,Product,Yes,42.0,0,17,1.2,2.7,67.6,2,0.09,Low,Low
E108903,Female,Service,Yes,47.3,13,75,7.8,8.8,73.1,7,0.09,Low,Medium
E108904,Female,Service,Yes,46.0,5,64,8.8,9.4,77.3,6,0.05,Low,Medium
E108905,Female,Service,Yes,41.7,12,62,2.3,1.0,68.9,10,0.21,Low,Medium
E108906,Female,Product,No,45.2,0,87,9.1,9.2,56.4,7,0.07,Low,Medium
E108907,Female,Product,No,41.2,19,61,8.7,8.5,67.2,11,0.13,Low,Medium
E108908,Female,Service,No,40.7,2,28,5.9,9.3,91.1,11,0.04,Low,Medium
E108909,Other,Service,Yes,49.0,14,33,3.5,2.6,66.8,0,0.26,Low,Low
E108910,Female,Service,Yes,47.2,17,76,2.9,8.0,79.6,11,0.06,Low,High
E108911,Female,Service,Yes,48.9,9,20,5.4,5.4,84.0,6,0.25,Low,Low
E108912,Female,Product,Yes,48.2,14,21,5.6,3.3,86.6,3,0.38,Medium,Low
E108913,Male,Product,No,40.6,7,27,6.9,7.8,74.4,8,0.15,Low,Low
E108914,Male,Product,Yes,50.0,4,60,8.2,5.3,56.3,3,0.39,Medium,Low
E108915,Male,Service,Yes,43.5,8,47,9.4,9.1,95.0,3,0.08,Low,Low
E108916,Male,Service,Yes,49.6,0,55,8.2,7.4,63.0,2,0.21,Low,Low
E108917,Female,Product,Yes,44.4,18,87,9.2,2.3,66.9,0,0.71,High,Low
E108918,Male,Service,Yes,46.6,7,93,5.5,3.3,88.7,2,0.37,Medium,Medium
E108919,Female,Product,Yes,46.7,4,83,1.3,3.4,88.2,9,0.09,Low,Medium
E108920,Male,Service,Yes,49.1,17,43,1.5,4.1,94.8,4,0.09,Low,Medium
E108921,Male,Service,Yes,36.8,8,21,3.4,7.0,51.7,11,0.1,Low,Low
E108922,Female,Product,Yes,37.1,0,68,6.5,9.0,93.7,9,0.06,Low,Medium
E108923,Female,Service,No,48.4,18,25,4.0,6.3,89.6,0,0.15,Low,Low
E108924,Male,Service,No,46.8,13,56,2.5,7.8,76.3,1,0.05,Low,Medium
E108925,Female,Service,No,41.1,13,97,8.7,3.9,58.0,0,0.53,Medium,Medium
E108926,Female,Product,Yes,46.8,3,19,9.9,5.7,77.2,7,0.43,Medium,Low
E108927,Male,Service,Yes,38.0,6,61,1.1,5.5,59.7,8,0.05,Low,Medium
E108928,Male,Service,No,61.3,19,16,1.8,7.3,98.2,6,0.05,Low,Medium
E108929,Other,Product,Yes,51.6,10,57,5.5,5.7,85.4,0,0.24,Low,Medium
E108930,Male,Service,Yes,48.1,1,18,4.0,4.0,79.8,3,0.24,Low,Low
E108931,Male,Product,Yes,45.4,17,95,8.0,3.2,90.7,7,0.54,Medium,Medium
E108932,Male,Service,Yes,41.9,9,77,6.9,3.3,76.6,8,0.46,Medium,Medium
E108933,Female,Product,Yes,38.4,0,73,1.6,9.8,53.0,3,0.0,Low,High
E108934,Female,Service,No,44.4,13,44,5.9,4.2,63.0,1,0.34,Medium,Low
E108935,Female,Product,Yes,40.7,9,16,4.0,8.3,99.1,1,0.07,Low,Low
E108936,Male,Product,Yes,41.0,17,88,9.7,1.6,92.5,3,0.81,High,Low
E108937,Female,Product,Yes,37.9,6,57,5.3,1.8,96.4,7,0.43,Medium,Low
E108938,Male,Service,Yes,46.2,18,32,9.3,7.2,54.9,5,0.26,Low,Low
E108939,Male,Service,Yes,43.1,3,38,1.3,5.1,62.4,9,0.06,Low,Medium
E108940,Male,Product,Yes,47.7,13,51,1.9,8.9,53.2,7,0.02,Low,High
E108941,Male,Service,Yes,47.3,8,44,4.5,8.8,91.1,10,0.05,Low,Medium
E108942,Female,Service,No,46.1,3,83,9.0,7.8,58.7,1,0.2,Low,Medium
E108943,Female,Product,Yes,58.3,5,73,5.9,8.3,70.5,2,0.1,Low,Medium
E108944,Male,Service,Yes,49.1,1,37,8.4,8.8,63.5,9,0.1,Low,Low
E108945,Female,Product,Yes,38.7,0,44,3.6,8.1,96.5,5,0.07,Low,Medium
E108946,Female,Service,Yes,47.3,16,82,2.0,5.7,80.4,9,0.09,Low,High
E108947,Female,Product,Yes,44.7,3,55,3.2,3.4,90.0,0,0.21,Low,Medium
E108948,Male,Service,Yes,38.3,4,65,6.8,8.1,80.1,5,0.13,Low,Medium
E108949,Female,Service,No,37.9,17,81,8.8,3.9,80.6,10,0.54,Medium,Low
E108950,Male,Product,Yes,47.3,12,29,5.1,3.2,69.1,5,0.35,Medium,Low
E108951,Female,Service,Yes,48.5,19,70,2.7,2.5,62.0,11,0.2,Low,Medium
E108952,Male,Product,Yes,39.8,10,79,6.7,6.6,67.4,0,0.23,Low,Medium
E108953,Female,Product,No,49.9,19,88,2.8,3.2,64.7,2,0.19,Low,Medium
E108954,Male,Service,Yes,46.4,0,69,6.1,4.4,84.6,0,0.34,Medium,Medium
E108955,Male,Product,Yes,51.0,11,90,1.9,7.4,71.1,5,0.05,Low,High
E108956,Female,Service,No,50.4,12,79,8.3,8.1,77.5,8,0.16,Low,Medium
E108957,Female,Product,Yes,44.2,3,16,8.2,3.8,88.5,5,0.51,Medium,Low
E108958,Female,Service,Yes,53.2,11,25,5.9,8.6,63.3,11,0.08,Low,Low
E108959,Female,Product,Yes,39.4,5,90,1.3,1.5,71.2,11,0.11,Low,Medium
E108960,Male,Product,No,57.0,12,56,3.5,9.9,76.0,11,0.0,Low,High
E108961,Male,Service,No,40.6,13,17,2.2,4.8,52.7,10,0.11,Low,Low
E108962,Male,Product,No,44.8,11,55,5.7,3.9,57.6,5,0.35,Medium,Low
E108963,Male,Service,No,42.2,19,63,1.9,9.3,53.2,1,0.01,Low,High
E108964,Female,Service,Yes,43.1,1,97,8.8,2.2,87.6,0,0.69,High,Low
E108965,Female,Service,Yes,59.6,11,96,8.7,4.2,65.0,3,0.5,Medium,Medium
E108966,Female,Service,Yes,42.7,5,51,2.4,4.2,71.1,10,0.14,Low,Medium
E108967,Female,Service,No,49.3,3,21,7.3,4.8,83.6,8,0.38,Medium,Low
E108968,Female,Service,Yes,43.8,0,52,7.3,8.6,98.3,0,0.1,Low,Medium
E108969,Male,Service,No,49.7,7,72,4.6,8.6,90.6,6,0.06,Low,High
E108970,Male,Service,Yes,42.3,7,19,2.4,6.3,52.9,2,0.09,Low,Low
E108971,Female,Service,No,46.3,11,75,2.2,9.9,65.3,8,0.0,Low,High
E108972,Male,Product,Yes,48.1,3,97,7.7,8.6,52.5,1,0.11,Low,High
E108973,Male,Product,No,41.4,15,91,3.0,7.1,53.1,1,0.09,Low,High
E108974,Male,Service,Yes,58.8,13,53,6.4,2.8,56.4,6,0.46,Medium,Low
E108975,Female,Product,Yes,48.4,13,42,8.8,5.9,66.1,7,0.36,Medium,Low
E108976,Male,Product,Yes,43.9,1,71,6.3,2.9,61.6,0,0.45,Medium,Low
E108977,Female,Product,Yes,41.5,16,16,9.8,3.7,67.6,8,0.62,High,Low
E108978,Female,Service,Yes,45.5,7,84,6.8,7.2,91.1,6,0.19,Low,Medium
E108979,Male,Service,No,38.9,6,93,3.8,2.7,89.9,2,0.28,Low,Medium
E108980,Female,Product,Yes,53.9,12,42,8.7,1.8,67.5,6,0.71,High,Low
E108981,Female,Product,Yes,47.2,10,51,3.8,5.8,83.0,11,0.16,Low,Medium
E108982,Female,Service,Yes,44.6,18,69,9.7,1.0,68.6,11,0.87,High,Low
E108983,Female,Service,Yes,50.2,18,96,5.3,6.5,69.3,5,0.19,Low,High
E108984,Male,Product,No,41.4,9,15,9.6,9.1,83.8,7,0.09,Low,Low
E108985,Female,Product,No,39.2,10,17,2.7,2.7,69.2,7,0.2,Low,Low
E108986,Male,Product,No,44.3,15,85,1.1,4.4,77.5,0,0.06,Low,High
E108987,Female,Service,Yes,45.6,7,99,2.8,9.2,55.8,3,0.02,Low,High
E108988,Female,Service,Yes,47.7,1,28,1.9,7.3,76.9,1,0.05,Low,Medium
E108989,Female,Service,Yes,37.6,13,62,7.6,2.2,87.1,7,0.59,Medium,Low
E108990,Male,Service,Yes,42.7,16,51,3.4,4.4,94.4,7,0.19,Low,Medium
E108991,Male,Service,No,29.6,16,17,6.8,7.8,57.4,2,0.15,Low,Low
E108992,Male,Product,Yes,39.1,10,63,7.0,7.0,70.5,3,0.21,Low,Medium
E108993,Male,Service,Yes,48.6,0,70,7.2,2.4,74.3,0,0.55,Medium,Low
E108994,Male,Product,No,49.8,18,74,8.5,1.6,95.2,3,0.71,High,Low
E108995,Male,Service,Yes,39.3,0,27,2.3,7.1,62.9,4,0.07,Low,Medium
E108996,Male,Service,Yes,43.4,3,67,1.5,6.5,58.3,11,0.05,Low,High
E108997,Female,Service,No,45.1,6,64,1.3,1.5,57.1,7,0.11,Low,Medium
E108998,Male,Service,Yes,50.4,19,33,1.9,9.8,57.7,3,0.0,Low,Medium
E108999,Female,Product,No,52.6,0,40,4.4,3.3,93.5,11,0.29,Low,Low
E109000,Female,Service,Yes,45.8,10,67,9.7,4.5,81.0,4,0.53,Medium,Low
E109001,Male,Service,Yes,43.7,12,71,4.2,2.6,71.0,2,0.31,Medium,Medium
E109002,Female,Service,Yes,37.8,2,52,5.1,8.5,93.3,2,0.08,Low,Medium
E109003,Male,Service,Yes,45.5,7,23,8.3,9.7,64.9,4,0.02,Low,Low
E109004,Female,Product,Yes,55.4,11,60,9.3,2.9,96.4,1,0.66,High,Low
E109005,Male,Service,Yes,51.5,1,18,9.7,3.5,87.9,0,0.63,High,Low
E109006,Male,Product,Yes,45.9,0,85,8.4,7.4,51.0,4,0.22,Low,Medium
E109007,Female,Product,Yes,46.5,19,96,5.5,5.8,73.1,9,0.23,Low,Medium
E109008,Male,Service,Yes,41.6,13,64,3.1,1.9,92.1,0,0.25,Low,Medium
E109009,Female,Service,Yes,43.2,14,84,6.4,9.4,69.8,4,0.04,Low,High
E109010,Male,Product,No,45.7,3,19,2.8,6.5,99.4,3,0.1,Low,Low
E109011,Male,Product,No,45.8,19,84,1.5,3.7,92.3,9,0.09,Low,High
E109012,Male,Service,Yes,50.1,6,48,9.3,5.4,87.7,10,0.43,Medium,Low
E109013,Male,Service,Yes,49.8,0,79,5.4,5.5,56.8,7,0.24,Low,Medium
E109014,Male,Service,Yes,47.6,4,32,5.6,5.7,55.4,1,0.24,Low,Low
E109015,Male,Service,Yes,40.0,13,41,6.5,5.5,82.1,6,0.29,Low,Low
E109016,Male,Service,Yes,40.2,5,24,5.1,6.1,83.1,7,0.2,Low,Low
E109017,Female,Service,Yes,40.6,6,16,5.0,4.5,57.4,4,0.28,Low,Low
E109018,Male,Service,Yes,46.2,11,97,9.2,2.3,92.7,2,0.71,High,Low
E109019,Female,Service,Yes,34.9,6,75,8.3,7.0,93.7,5,0.25,Low,Medium
E109020,Male,Service,No,45.0,17,36,2.9,8.1,70.8,0,0.06,Low,Medium
E109021,Female,Product,Yes,52.0,15,24,3.6,8.6,80.4,2,0.05,Low,Medium
E109022,Male,Service,Yes,48.3,8,73,6.9,1.2,75.5,8,0.61,High,Low
E109023,Male,Product,No,43.2,6,26,6.1,4.6,51.8,10,0.33,Medium,Low
E109024,Male,Service,No,41.5,13,77,7.9,9.8,54.5,9,0.02,Low,Medium
E109025,Male,Product,Yes,49.0,1,29,7.5,1.6,89.0,4,0.63,High,Low
E109026,Female,Service,No,46.5,12,77,7.4,8.1,74.4,5,0.14,Low,Medium
E109027,Male,Product,Yes,43.8,6,79,8.9,2.1,80.5,8,0.7,High,Low
E109028,Other,Service,Yes,42.1,18,52,7.9,8.4,80.6,10,0.13,Low,Medium
E109029,Male,Service,Yes,45.4,1,20,3.2,7.0,69.0,1,0.1,Low,Low
E109030,Male,Product,No,43.5,5,20,8.9,7.5,51.5,6,0.22,Low,Low
E109031,Female,Service,Yes,48.9,11,52,4.0,9.8,89.3,5,0.01,Low,Medium
E109032,Male,Product,Yes,51.2,1,62,9.2,9.5,73.4,10,0.05,Low,Medium
E109033,Female,Service,Yes,38.2,16,29,8.4,3.7,56.9,11,0.53,Medium,Low
E109034,Male,Service,Yes,38.9,11,86,1.7,4.4,51.1,8,0.1,Low,High
E109035,Female,Service,Yes,51.7,19,43,7.9,4.7,50.9,10,0.42,Medium,Low
E109036,Male,Product,Yes,45.8,8,16,5.5,2.6,51.7,0,0.41,Medium,Low
E109037,Female,Service,Yes,39.3,13,89,9.8,4.4,57.8,3,0.55,Medium,Low
E109038,Female,Product,Yes,49.9,2,87,5.1,9.8,61.6,10,0.01,Low,High
E109039,Male,Service,Yes,46.7,2,30,1.6,5.4,62.4,2,0.07,Low,Medium
E109040,Male,Product,No,56.0,15,72,3.6,9.6,81.6,0,0.01,Low,High
E109041,Male,Service,Yes,43.8,5,48,4.9,1.6,62.1,3,0.41,Medium,Low
E109042,Female,Service,Yes,50.5,7,57,6.3,1.4,83.7,9,0.54,Medium,Low
E109043,Male,Service,No,37.8,12,38,2.4,6.2,91.2,5,0.09,Low,Medium
E109044,Male,Service,Yes,52.0,7,39,5.6,7.6,69.2,0,0.13,Low,Medium
E109045,Male,Service,Yes,49.7,7,55,5.4,3.0,85.9,8,0.38,Medium,Low
E109046,Male,Service,Yes,53.0,6,47,8.5,5.5,55.2,4,0.38,Medium,Low
E109047,Female,Service,Yes,50.6,4,57,3.7,8.9,66.4,2,0.04,Low,Medium
E109048,Female,Service,Yes,44.5,19,31,5.0,7.9,84.1,8,0.1,Low,Medium
E109049,Male,Service,Yes,39.1,0,21,4.5,3.1,96.6,9,0.31,Medium,Low
E109050,Female,Service,Yes,42.0,12,73,6.7,4.0,80.8,11,0.4,Medium,Medium
E109051,Male,Service,Yes,36.2,7,41,8.5,3.8,68.2,10,0.53,Medium,Low
E109052,Male,Product,Yes,40.4,10,50,7.1,7.5,65.7,0,0.18,Low,Medium
E109053,Male,Product,No,47.1,19,33,5.2,9.7,69.6,1,0.02,Low,Medium
E109054,Female,Service,No,44.8,6,29,6.7,3.5,82.6,7,0.44,Medium,Low
E109055,Female,Product,Yes,43.9,18,84,3.9,6.3,66.3,2,0.14,Low,High
E109056,Female,Product,Yes,41.0,6,71,2.3,9.9,73.5,9,0.0,Low,High
E109057,Male,Service,Yes,36.1,15,83,3.9,2.4,88.0,8,0.3,Low,Medium
E109058,Male,Service,Yes,45.9,11,67,5.0,6.9,61.9,4,0.15,Low,Medium
E109059,Male,Product,No,46.9,10,83,5.0,4.0,85.8,8,0.3,Low,Medium
E109060,Female,Product,Yes,40.0,8,16,7.6,9.9,88.1,11,0.01,Low,Low
E109061,Female,Product,Yes,42.3,6,32,9.4,2.0,93.2,0,0.75,High,Low
E109062,Female,Product,Yes,52.7,19,46,4.5,5.1,51.2,4,0.22,Low,Medium
E109063,Male,Service,Yes,50.8,13,43,1.8,3.3,55.7,11,0.12,Low,Medium
E109064,Male,Service,Yes,37.6,3,63,1.3,1.3,97.7,3,0.11,Low,Medium
E109065,Male,Service,Yes,44.6,2,98,1.0,9.7,56.3,6,0.0,Low,High
E109066,Male,Service,Yes,52.3,8,97,9.4,6.1,74.4,10,0.37,Medium,Medium
E109067,Male,Service,No,43.9,4,94,10.0,7.3,58.3,0,0.27,Low,Medium
E109068,Male,Service,Yes,43.7,2,89,1.5,6.6,90.6,2,0.05,Low,High
E109069,Male,Service,No,50.5,0,74,4.2,2.3,54.8,4,0.32,Medium,Medium
E109070,Female,Service,No,49.9,17,42,7.0,2.5,54.3,7,0.52,Medium,Low
E109071,Female,Service,Yes,49.7,12,41,2.6,6.6,75.2,7,0.09,Low,Medium
E109072,Male,Service,Yes,43.7,3,95,6.3,8.0,61.9,2,0.13,Low,High
E109073,Male,Service,Yes,48.3,17,22,8.3,6.5,83.1,10,0.29,Low,Low
E109074,Male,Service,Yes,52.5,8,86,8.7,6.1,84.2,4,0.34,Medium,Medium
E109075,Female,Product,Yes,44.8,6,37,7.4,7.7,79.3,11,0.17,Low,Low
E109076,Female,Product,Yes,43.0,14,46,1.7,3.2,91.7,8,0.12,Low,Medium
E109077,Female,Service,Yes,51.2,12,29,4.1,7.6,84.9,10,0.1,Low,Medium
E109078,Female,Service,No,55.2,1,82,9.7,4.7,59.4,1,0.51,Medium,Low
E109079,Male,Product,No,55.6,10,54,2.7,7.1,53.9,11,0.08,Low,Medium
E109080,Male,Service,Yes,43.1,3,71,5.1,3.5,87.4,10,0.33,Medium,Medium
E109081,Male,Product,Yes,43.6,17,61,4.0,2.2,87.0,6,0.31,Medium,Low
E109082,Male,Service,No,39.9,2,24,2.8,1.3,92.5,6,0.24,Low,Low
E109083,Female,Product,Yes,45.6,1,70,3.9,8.2,60.1,1,0.07,Low,High
E109084,Male,Product,Yes,39.6,11,66,2.7,2.8,61.2,5,0.19,Low,Medium
E109085,Male,Product,Yes,42.4,3,77,8.9,4.3,78.8,7,0.51,Medium,Low
E109086,Male,Service,No,48.5,13,65,2.6,7.9,57.8,2,0.05,Low,High
E109087,Female,Product,Yes,46.9,15,93,6.6,5.1,64.8,8,0.32,Medium,Medium
E109088,Male,Product,Yes,35.9,3,84,9.5,3.0,90.6,7,0.66,High,Low
E109089,Female,Product,Yes,52.9,11,23,9.6,2.8,66.7,11,0.69,High,Low
E109090,Male,Service,No,39.6,18,55,6.4,4.7,50.6,2,0.34,Medium,Low
E109091,Male,Product,No,40.2,18,54,3.4,6.1,82.5,6,0.13,Low,Medium
E109092,Male,Service,Yes,38.8,11,30,3.2,4.5,59.0,7,0.18,Low,Low
E109093,Female,Service,No,41.7,14,39,7.7,9.1,59.8,0,0.07,Low,Low
E109094,Male,Service,Yes,40.5,2,24,9.8,1.0,50.8,2,0.88,High,Low
E109095,Female,Service,Yes,40.6,18,44,1.7,4.6,78.9,9,0.09,Low,Medium
E109096,Male,Product,No,32.7,14,23,8.1,7.7,78.1,11,0.19,Low,Low
E109097,Male,Product,Yes,45.6,19,54,2.1,9.0,54.8,8,0.02,Low,High
E109098,Female,Service,Yes,46.2,6,71,3.7,4.2,52.5,6,0.21,Low,Medium
E109099,Male,Product,Yes,56.2,3,60,6.1,7.1,74.5,0,0.18,Low,Medium
E109100,Female,Product,No,47.4,0,21,3.7,6.2,89.1,4,0.14,Low,Low
E109101,Female,Service,No,42.5,8,57,6.9,2.8,97.7,11,0.5,Medium,Low
E109102,Male,Service,No,39.0,6,62,4.8,7.1,53.8,10,0.14,Low,Medium
E109103,Female,Service,Yes,44.5,4,90,3.0,3.2,85.4,9,0.2,Low,Medium
E109104,Male,Service,No,47.2,8,71,5.8,8.1,59.6,2,0.11,Low,Medium
E109105,Male,Service,Yes,42.5,5,31,1.2,8.8,51.7,1,0.01,Low,Medium
E109106,Male,Service,Yes,45.3,11,39,7.7,5.3,66.7,0,0.36,Medium,Low
E109107,Female,Service,No,54.5,12,21,5.7,1.5,78.7,1,0.48,Medium,Low
E109108,Male,Product,Yes,43.1,0,69,9.5,7.6,80.1,0,0.23,Low,Medium
E109109,Female,Product,Yes,35.6,14,33,1.9,5.2,52.5,5,0.09,Low,Medium
E109110,Female,Service,Yes,49.4,15,95,7.6,1.9,96.4,8,0.62,High,Medium
E109111,Male,Service,Yes,46.6,1,46,3.7,4.0,52.7,2,0.22,Low,Low
E109112,Male,Service,Yes,36.5,8,46,4.4,3.6,60.9,9,0.28,Low,Low
E109113,Male,Service,Yes,47.1,9,40,4.1,7.5,71.6,9,0.1,Low,Medium
E109114,Male,Service,Yes,40.0,19,86,4.2,4.8,97.3,0,0.22,Low,Medium
E109115,Male,Service,Yes,47.2,15,36,4.9,6.3,99.6,5,0.18,Low,Low
E109116,Female,Service,No,54.5,14,69,1.2,5.5,50.0,5,0.05,Low,High
E109117,Other,Service,Yes,44.1,2,71,8.6,7.5,61.2,1,0.22,Low,Medium
E109118,Female,Service,Yes,50.4,1,22,8.9,7.5,75.1,3,0.22,Low,Low
E109119,Female,Product,Yes,38.9,7,60,1.4,5.0,84.7,11,0.07,Low,Medium
E109120,Female,Service,No,37.4,15,19,8.0,2.2,82.8,10,0.62,High,Low
E109121,Male,Service,Yes,55.1,8,26,1.7,4.7,62.6,10,0.09,Low,Low
E109122,Female,Service,Yes,46.5,2,41,8.3,2.4,59.9,11,0.63,High,Low
E109123,Female,Product,No,48.2,16,98,6.5,9.6,50.7,4,0.03,Low,High
E109124,Male,Product,Yes,50.8,12,25,3.8,9.6,92.1,5,0.02,Low,Medium
E109125,Female,Service,No,42.4,15,50,6.5,5.1,68.9,5,0.32,Medium,Low
E109126,Male,Product,Yes,49.1,4,66,5.6,1.2,93.2,1,0.49,Medium,Low
E109127,Female,Service,Yes,48.4,4,16,6.7,4.4,66.2,4,0.38,Medium,Low
E109128,Female,Product,Yes,38.5,2,88,5.3,9.1,87.8,4,0.05,Low,High
E109129,Female,Service,Yes,52.6,12,85,8.0,3.6,53.5,9,0.51,Medium,Medium
E109130,Male,Service,No,51.5,7,26,1.4,6.6,90.6,1,0.05,Low,Medium
E109131,Female,Product,No,38.6,7,69,4.1,2.7,94.6,6,0.3,Low,Medium
E109132,Male,Service,No,46.0,16,94,6.0,8.4,63.2,9,0.1,Low,High
E109133,Male,Product,No,43.8,14,45,6.3,9.0,57.1,1,0.06,Low,Medium
E109134,Female,Service,No,52.1,3,46,2.5,6.5,59.8,0,0.09,Low,Medium
E109135,Female,Product,Yes,37.9,17,78,1.7,6.6,93.4,11,0.06,Low,High
E109136,Female,Service,No,63.0,6,73,1.2,4.4,64.3,5,0.07,Low,Medium
E109137,Male,Service,Yes,44.1,9,39,4.7,7.4,61.6,0,0.12,Low,Medium
E109138,Male,Product,Yes,48.7,0,83,4.0,5.3,98.9,3,0.19,Low,Medium
E109139,Female,Product,Yes,51.9,3,82,6.1,7.7,83.5,3,0.14,Low,Medium
E109140,Male,Product,No,44.0,10,58,5.0,9.7,91.6,5,0.02,Low,Medium
E109141,Male,Product,Yes,44.4,14,57,4.5,8.4,87.4,11,0.07,Low,Medium
E109142,Female,Product,No,42.5,14,29,8.6,5.7,68.7,4,0.37,Medium,Low
E109143,Male,Service,Yes,40.6,2,27,6.6,9.8,93.1,3,0.01,Low,Medium
E109144,Female,Service,No,46.4,18,83,6.8,6.5,79.4,5,0.24,Low,Medium
E109145,Male,Service,No,44.3,19,84,4.4,1.6,82.9,9,0.37,Medium,Medium
E109146,Male,Service,Yes,42.5,13,59,8.0,7.6,66.3,4,0.19,Low,Medium
E109147,Male,Product,No,42.7,2,39,2.4,8.4,99.1,6,0.04,Low,Medium
E109148,Male,Service,Yes,47.9,7,39,4.6,2.2,92.7,4,0.36,Medium,Low
E109149,Male,Product,Yes,41.0,9,24,1.4,7.1,57.4,8,0.04,Low,Medium
E109150,Male,Service,No,43.8,8,76,2.0,9.3,60.2,2,0.01,Low,High
E109151,Male,Product,Yes,49.5,14,26,1.7,3.3,87.4,1,0.11,Low,Low
E109152,Male,Service,Yes,46.2,8,81,5.0,6.3,51.3,0,0.18,Low,Medium
E109153,Male,Service,Yes,39.8,3,43,7.3,3.5,66.8,4,0.47,Medium,Low
E109154,Male,Product,Yes,44.9,11,57,3.8,8.0,76.6,10,0.08,Low,Medium
E109155,Male,Service,Yes,47.2,18,51,1.2,6.2,60.2,11,0.05,Low,Medium
E109156,Female,Service,Yes,49.9,0,83,7.4,4.9,93.7,7,0.38,Medium,Medium
E109157,Female,Service,No,41.2,13,25,2.9,1.3,94.5,8,0.25,Low,Low
E109158,Female,Service,Yes,42.2,9,54,7.5,9.5,97.8,2,0.04,Low,Medium
E109159,Male,Service,Yes,41.5,0,77,1.1,5.5,57.3,6,0.05,Low,High
E109160,Female,Product,No,41.8,3,36,3.8,8.2,54.0,3,0.07,Low,Medium
E109161,Female,Service,No,47.0,9,29,6.6,4.5,77.8,6,0.36,Medium,Low
E109162,Female,Service,No,48.0,2,23,8.8,8.6,89.6,4,0.12,Low,Low
E109163,Male,Service,Yes,50.3,15,84,7.8,2.4,64.6,5,0.59,Medium,Low
E109164,Female,Product,Yes,44.5,17,78,5.0,3.1,62.0,7,0.34,Medium,Medium
E109165,Female,Product,Yes,38.0,11,20,7.5,4.0,75.9,9,0.45,Medium,Low
E109166,Female,Service,Yes,48.3,18,57,5.8,1.8,74.1,9,0.48,Medium,Low
E109167,Male,Service,No,45.8,8,34,8.3,5.0,74.0,8,0.42,Medium,Low
E109168,Male,Service,Yes,45.3,19,57,7.9,5.4,70.3,7,0.36,Medium,Low
E109169,Male,Product,Yes,38.6,4,76,9.8,2.0,86.4,5,0.78,High,Low
E109170,Male,Product,Yes,44.0,4,81,1.9,4.8,80.7,11,0.1,Low,High
E109171,Female,Product,Yes,39.0,7,96,4.1,2.8,74.4,4,0.3,Low,Medium
E109172,Male,Service,Yes,47.4,6,66,2.7,8.9,86.0,3,0.03,Low,High
E109173,Male,Service,No,42.9,18,88,6.7,5.6,63.1,1,0.29,Low,Medium
E109174,Male,Service,Yes,42.4,17,40,7.0,9.6,94.6,7,0.03,Low,Medium
E109175,Male,Service,Yes,37.3,14,45,2.8,4.1,69.2,2,0.17,Low,Medium
E109176,Male,Service,Yes,50.1,0,69,4.8,4.1,66.4,5,0.28,Low,Medium
E109177,Female,Service,Yes,43.7,6,82,6.4,4.0,77.1,0,0.38,Medium,Medium
E109178,Female,Product,Yes,45.4,18,71,6.9,3.4,63.5,4,0.46,Medium,Low
E109179,Male,Service,Yes,41.3,4,38,1.9,8.1,63.4,2,0.04,Low,Medium
E109180,Male,Product,Yes,36.7,7,79,9.3,3.5,53.9,0,0.6,Medium,Low
E109181,Male,Service,No,42.3,4,40,1.3,3.6,82.6,6,0.08,Low,Medium
E109182,Male,Product,Yes,43.1,4,63,9.8,1.4,95.6,7,0.84,High,Low
E109183,Female,Product,Yes,46.5,4,52,3.8,9.7,84.3,9,0.01,Low,Medium
E109184,Female,Product,Yes,43.2,10,50,3.8,9.0,78.4,8,0.04,Low,Medium
E109185,Female,Product,Yes,41.4,6,68,5.0,3.6,85.6,3,0.32,Medium,Medium
E109186,Female,Product,Yes,37.5,1,23,7.3,5.7,98.3,1,0.31,Medium,Low
E109187,Male,Service,Yes,45.2,16,56,2.4,5.3,66.8,7,0.11,Low,Medium
E109188,Female,Service,Yes,41.0,10,96,3.3,1.8,71.5,8,0.27,Low,Medium
E109189,Female,Product,Yes,51.6,19,38,9.7,5.8,64.3,3,0.41,Medium,Low
E109190,Female,Product,Yes,45.8,4,54,8.9,2.0,50.8,5,0.71,High,Low
E109191,Male,Product,Yes,47.8,6,96,2.9,4.9,67.4,11,0.15,Low,High
E109192,Female,Service,Yes,43.8,0,22,6.2,1.8,53.6,4,0.51,Medium,Low
E109193,Female,Service,No,46.0,8,68,2.8,6.3,92.9,8,0.1,Low,Medium
E109194,Female,Product,Yes,40.5,10,25,6.0,1.4,85.8,11,0.52,Medium,Low
E109195,Male,Product,Yes,39.1,11,91,4.3,6.7,65.2,10,0.14,Low,High
E109196,Female,Service,No,45.1,9,70,4.3,7.4,66.4,3,0.11,Low,Medium
E109197,Female,Service,Yes,47.9,19,43,6.7,6.1,78.5,6,0.26,Low,Low
E109198,Female,Service,Yes,35.3,10,56,3.3,5.2,89.9,1,0.16,Low,Medium
E109199,Female,Service,No,42.5,0,20,4.6,1.5,85.9,0,0.39,Medium,Low
E109200,Female,Service,Yes,54.2,19,17,9.3,1.1,51.4,0,0.83,High,Low
E109201,Male,Service,No,47.4,4,88,7.8,4.1,89.3,4,0.46,Medium,Medium
E109202,Female,Product,Yes,52.7,14,79,4.4,7.9,94.1,6,0.09,Low,High
E109203,Male,Service,Yes,41.8,9,26,3.1,6.8,54.5,11,0.1,Low,Medium
E109204,Female,Service,Yes,42.7,11,50,6.9,2.1,88.5,4,0.55,Medium,Low
E109205,Male,Product,Yes,49.8,13,70,8.3,7.2,62.6,3,0.23,Low,Medium
E109206,Male,Product,Yes,48.1,18,66,8.7,6.2,58.7,8,0.33,Medium,Low
E109207,Female,Product,Yes,44.5,9,46,6.1,2.5,77.2,1,0.46,Medium,Low
E109208,Female,Service,Yes,38.7,11,70,5.7,7.8,77.6,1,0.13,Low,Medium
E109209,Female,Product,Yes,50.8,17,25,7.5,8.5,73.5,9,0.11,Low,Low
E109210,Female,Service,Yes,57.6,18,15,2.6,3.1,95.1,0,0.18,Low,Low
E109211,Female,Product,No,37.1,3,20,8.7,6.7,62.1,4,0.29,Low,Low
E109212,Male,Product,No,52.0,18,93,1.7,4.4,80.1,11,0.1,Low,High
E109213,Male,Service,No,42.7,13,88,6.4,1.5,70.5,4,0.54,Medium,Medium
E109214,Male,Service,Yes,43.3,7,38,6.3,8.8,93.7,0,0.08,Low,Medium
E109215,Male,Service,Yes,46.3,3,86,3.8,8.4,56.6,5,0.06,Low,High
E109216,Male,Product,Yes,39.0,15,95,1.3,3.9,54.1,4,0.08,Low,High
E109217,Female,Service,Yes,44.8,11,38,7.5,5.8,99.6,6,0.32,Medium,Low
E109218,Female,Product,Yes,36.9,17,91,1.2,5.6,78.9,10,0.05,Low,High
E109219,Male,Service,Yes,47.4,11,23,2.6,2.6,95.6,11,0.19,Low,Low
E109220,Male,Service,Yes,56.2,17,73,5.9,2.3,70.4,0,0.45,Medium,Low
E109221,Female,Product,Yes,41.8,3,84,9.5,8.6,80.2,2,0.13,Low,Medium
E109222,Male,Product,Yes,44.2,15,37,1.6,8.8,84.7,9,0.02,Low,Medium
E109223,Male,Product,Yes,44.4,17,99,6.2,7.5,99.3,8,0.16,Low,High
E109224,Female,Service,Yes,49.9,18,31,4.0,1.7,55.6,5,0.33,Medium,Low
E109225,Female,Service,Yes,47.0,15,39,7.0,9.2,56.2,1,0.06,Low,Medium
E109226,Male,Service,Yes,49.6,2,52,9.6,9.8,76.2,8,0.02,Low,Medium
E109227,Female,Service,No,42.5,16,17,3.4,8.0,52.8,2,0.07,Low,Medium
E109228,Male,Service,Yes,47.2,2,81,9.6,4.2,86.4,2,0.56,Medium,Low
E109229,Female,Product,No,28.2,12,28,8.8,4.7,99.5,1,0.47,Medium,Low
E109230,Male,Service,Yes,48.3,5,24,6.5,8.8,90.6,4,0.08,Low,Low
E109231,Male,Service,Yes,38.9,18,80,7.8,3.5,63.3,2,0.51,Medium,Low
E109232,Female,Service,Yes,43.4,8,85,8.8,2.3,90.0,5,0.68,High,Low
E109233,Male,Service,No,48.7,18,28,8.2,8.4,81.4,4,0.13,Low,Low
E109234,Female,Product,Yes,37.3,10,95,3.9,2.7,56.0,10,0.28,Low,Medium
E109235,Male,Service,Yes,50.4,2,24,8.3,9.2,78.3,8,0.07,Low,Low
E109236,Male,Service,Yes,44.4,14,63,3.8,6.4,94.8,9,0.14,Low,Medium
E109237,Male,Service,Yes,52.3,15,76,8.8,6.0,64.5,9,0.35,Medium,Medium
E109238,Male,Product,Yes,40.5,2,62,3.3,8.0,83.0,11,0.07,Low,Medium
E109239,Female,Product,Yes,35.9,4,17,6.2,1.1,52.1,2,0.55,Medium,Low
E109240,Male,Product,Yes,44.9,6,61,7.2,7.4,91.7,2,0.19,Low,Medium
E109241,Female,Service,Yes,47.9,8,74,4.8,6.4,60.3,3,0.17,Low,Medium
E109242,Female,Service,No,48.4,0,39,8.0,5.7,80.4,4,0.34,Medium,Low
E109243,Female,Product,Yes,39.3,18,21,9.3,3.0,76.2,9,0.65,High,Low
E109244,Male,Product,Yes,36.9,13,91,2.7,8.5,77.4,7,0.04,Low,High
E109245,Female,Product,No,43.4,14,53,1.3,3.3,62.7,1,0.09,Low,Medium
E109246,Male,Product,Yes,47.6,2,57,6.6,5.4,78.0,9,0.3,Low,Low
E109247,Male,Service,Yes,47.3,3,60,6.4,2.4,80.1,0,0.49,Medium,Low
E109248,Male,Product,Yes,52.9,16,57,4.1,9.8,71.3,6,0.01,Low,High
E109249,Male,Product,Yes,43.1,13,43,8.1,2.8,81.7,7,0.58,Medium,Low
E109250,Male,Product,Yes,35.8,6,97,8.4,8.2,59.6,4,0.15,Low,Medium
E109251,Female,Service,No,51.0,7,80,4.0,3.4,75.6,7,0.26,Low,Medium
E109252,Male,Service,Yes,46.0,15,83,7.1,3.3,85.8,7,0.48,Medium,Medium
E109253,Male,Service,Yes,46.4,15,41,6.8,4.8,68.4,3,0.35,Medium,Low
E109254,Female,Service,No,48.8,13,96,4.1,8.6,70.6,9,0.06,Low,High
E109255,Male,Service,No,51.3,16,17,9.7,7.2,58.2,10,0.27,Low,Low
E109256,Male,Product,Yes,44.9,4,70,4.1,8.8,80.8,2,0.05,Low,High
E109257,Male,Service,No,50.9,8,78,6.6,1.4,56.2,8,0.57,Medium,Low
E109258,Female,Service,Yes,47.8,2,35,4.4,9.6,75.0,3,0.02,Low,Medium
E109259,Male,Service,No,41.7,4,38,1.1,1.7,60.5,5,0.09,Low,Low
E109260,Male,Service,No,43.8,19,34,1.8,7.5,59.7,1,0.04,Low,Medium
E109261,Male,Product,Yes,48.1,17,66,3.1,2.9,54.8,6,0.22,Low,Medium
E109262,Female,Service,Yes,41.5,9,27,8.3,8.6,67.9,11,0.12,Low,Low
E109263,Female,Service,Yes,49.4,0,84,5.0,8.8,93.4,6,0.06,Low,High
E109264,Female,Product,Yes,45.8,16,57,6.3,6.0,80.2,5,0.25,Low,Medium
E109265,Male,Product,Yes,46.9,7,92,9.5,4.6,89.0,11,0.51,Medium,Medium
E109266,Male,Service,No,52.2,19,51,2.3,8.1,55.7,10,0.04,Low,Medium
E109267,Male,Product,Yes,46.8,16,44,8.8,8.9,65.7,0,0.1,Low,Low
E109268,Male,Product,Yes,45.4,17,29,4.4,7.6,69.4,1,0.11,Low,Medium
E109269,Male,Product,No,44.6,4,97,4.0,9.2,93.0,2,0.03,Low,High
E109270,Male,Service,Yes,44.3,6,89,6.6,6.6,83.2,2,0.22,Low,Medium
E109271,Male,Product,Yes,46.6,4,98,9.1,7.0,74.5,5,0.27,Low,Medium
E109272,Female,Service,Yes,51.8,9,39,4.1,6.1,65.0,10,0.16,Low,Medium
E109273,Male,Service,Yes,41.9,5,52,7.9,5.4,88.0,7,0.36,Medium,Low
E109274,Female,Service,Yes,41.6,6,57,1.2,6.9,94.4,2,0.04,Low,High
E109275,Male,Service,No,51.4,2,44,6.6,6.1,76.8,3,0.26,Low,Low
E109276,Male,Product,Yes,42.2,9,54,6.7,7.6,52.2,8,0.16,Low,Medium
E109277,Male,Service,Yes,46.1,5,73,6.0,9.4,63.6,11,0.04,Low,Medium
E109278,Male,Service,Yes,42.0,1,37,9.4,4.4,87.3,7,0.53,Medium,Low
E109279,Male,Service,Yes,36.6,1,58,9.4,4.7,69.4,7,0.5,Medium,Low
E109280,Male,Service,Yes,46.0,5,95,4.1,1.1,81.3,0,0.36,Medium,Medium
E109281,Female,Product,Yes,50.6,17,15,5.1,5.7,76.2,8,0.22,Low,Low
E109282,Female,Service,No,44.7,9,92,8.1,2.2,95.4,6,0.63,High,Low
E109283,Male,Product,Yes,37.6,6,96,8.6,7.4,65.4,9,0.22,Low,Medium
E109284,Female,Product,Yes,45.5,16,55,4.8,8.0,72.3,3,0.1,Low,Medium
E109285,Female,Product,Yes,41.2,3,76,4.1,7.5,53.2,5,0.1,Low,High
E109286,Female,Product,No,31.9,11,74,8.4,5.9,90.2,0,0.34,Medium,Medium
E109287,Female,Service,Yes,44.6,7,94,4.4,5.8,66.3,10,0.18,Low,High
E109288,Male,Product,Yes,47.6,8,24,4.6,6.8,86.1,7,0.15,Low,Low
E109289,Male,Product,Yes,50.9,9,87,2.2,6.0,50.2,8,0.09,Low,High
E109290,Male,Product,Yes,53.8,18,92,5.9,7.8,93.4,8,0.13,Low,High
E109291,Male,Product,Yes,48.3,8,80,3.9,9.1,98.6,11,0.04,Low,High
E109292,Male,Product,No,49.7,3,71,6.3,5.8,73.5,8,0.26,Low,Medium
E109293,Female,Product,No,38.6,15,56,5.0,2.0,74.1,0,0.4,Medium,Low
E109294,Female,Product,Yes,53.1,0,68,7.7,2.2,80.8,9,0.6,Medium,Low
E109295,Female,Service,Yes,51.3,9,99,3.5,4.4,98.8,9,0.2,Low,High
E109296,Female,Service,Yes,43.2,15,56,2.5,5.5,77.9,11,0.11,Low,Medium
E109297,Female,Service,Yes,48.4,4,80,7.3,3.0,53.7,9,0.51,Medium,Low
E109298,Female,Service,Yes,47.9,2,84,4.5,5.1,78.3,8,0.22,Low,Medium
E109299,Male,Product,Yes,52.4,3,25,6.1,2.2,71.0,9,0.48,Medium,Low
E109300,Male,Product,Yes,44.2,9,81,9.5,3.2,88.0,5,0.65,High,Low
E109301,Male,Product,Yes,41.3,1,25,5.4,7.6,65.2,10,0.13,Low,Low
E109302,Female,Product,Yes,42.6,19,18,2.4,9.9,96.2,11,0.0,Low,Medium
E109303,Male,Service,Yes,49.5,5,93,4.8,2.7,90.0,5,0.35,Medium,Medium
E109304,Female,Product,Yes,35.4,13,93,5.3,4.1,66.3,0,0.31,Medium,Medium
E109305,Male,Service,Yes,30.0,4,63,7.9,4.2,67.6,1,0.46,Medium,Low
E109306,Male,Service,Yes,49.5,18,36,2.8,3.0,75.9,10,0.2,Low,Low
E109307,Female,Service,Yes,46.4,19,51,4.1,2.8,55.0,9,0.3,Low,Low
E109308,Male,Product,No,45.1,14,24,1.5,2.2,84.5,7,0.12,Low,Low
E109309,Male,Service,Yes,38.5,16,34,7.3,9.2,80.5,1,0.06,Low,Low
E109310,Male,Product,Yes,36.5,11,87,7.7,6.8,65.9,9,0.25,Low,Medium
E109311,Male,Service,Yes,41.8,12,64,5.1,3.6,81.9,8,0.33,Medium,Medium
E109312,Female,Service,Yes,46.8,19,45,5.8,3.3,54.9,3,0.39,Medium,Low
E109313,Male,Service,Yes,42.1,15,58,7.7,6.3,97.6,10,0.28,Low,Low
E109314,Female,Service,Yes,49.5,14,45,3.4,7.3,53.3,3,0.09,Low,Medium
E109315,Male,Product,Yes,40.2,10,89,6.5,3.3,66.4,11,0.44,Medium,Medium
E109316,Female,Service,Yes,42.4,4,55,9.7,4.1,98.5,4,0.57,Medium,Low
E109317,Male,Product,Yes,48.5,17,18,6.9,3.6,69.9,6,0.44,Medium,Low
E109318,Female,Product,Yes,43.1,12,28,1.7,1.8,94.3,10,0.14,Low,Low
E109319,Female,Product,Yes,43.4,10,60,3.6,4.5,57.5,0,0.2,Low,Medium
E109320,Male,Service,Yes,41.8,9,68,5.7,5.8,53.3,8,0.24,Low,Medium
E109321,Female,Product,No,40.9,14,47,1.7,6.9,55.4,5,0.05,Low,Medium
E109322,Female,Service,Yes,46.8,6,44,7.1,4.8,98.6,4,0.37,Medium,Low
E109323,Male,Service,No,47.4,11,23,6.9,9.9,54.4,4,0.01,Low,Low
E109324,Male,Service,Yes,46.1,17,52,8.9,6.6,82.6,0,0.3,Low,Low
E109325,Female,Product,Yes,41.9,5,96,5.5,9.0,72.0,0,0.05,Low,High
E109326,Female,Service,Yes,44.0,8,57,7.2,9.2,93.0,6,0.06,Low,Medium
E109327,Male,Service,Yes,53.0,15,21,2.6,8.4,64.7,1,0.04,Low,Medium
E109328,Male,Service,No,37.9,7,54,1.0,3.4,51.4,11,0.07,Low,Medium
E109329,Female,Service,Yes,54.4,11,99,2.6,4.9,87.4,3,0.13,Low,High
E109330,Female,Service,Yes,45.5,18,76,1.6,1.0,79.4,7,0.14,Low,Medium
E109331,Female,Product,Yes,44.1,15,69,4.8,5.1,71.7,5,0.24,Low,Medium
E109332,Male,Service,Yes,49.8,3,49,5.2,3.6,66.2,11,0.33,Medium,Low
E109333,Female,Product,Yes,34.7,19,57,6.8,2.0,95.0,3,0.54,Medium,Low
E109334,Male,Product,No,51.9,15,25,2.3,8.5,56.1,6,0.03,Low,Medium
E109335,Male,Product,Yes,54.3,6,16,2.9,7.1,57.1,6,0.08,Low,Low
E109336,Female,Service,Yes,50.4,12,93,8.2,10.0,50.7,0,0.0,Low,High
E109337,Female,Product,Yes,34.5,11,93,6.2,5.5,53.6,0,0.28,Low,Medium
E109338,Male,Service,No,48.8,0,19,1.3,4.0,92.9,4,0.08,Low,Low
E109339,Male,Service,No,53.2,10,54,8.6,3.4,89.7,6,0.57,Medium,Low
E109340,Female,Product,Yes,52.7,16,94,6.7,4.9,55.1,5,0.34,Medium,Medium
E109341,Male,Product,No,38.0,5,60,2.7,3.8,89.0,0,0.17,Low,Medium
E109342,Female,Product,Yes,50.1,1,35,3.3,9.9,82.1,6,0.0,Low,Medium
E109343,Female,Product,Yes,54.0,2,23,6.0,2.6,69.4,0,0.44,Medium,Low
E109344,Male,Service,Yes,45.1,1,85,6.0,1.2,54.2,1,0.53,Medium,Low
E109345,Other,Product,Yes,37.7,17,41,8.2,2.2,80.1,10,0.64,High,Low
E109346,Female,Service,Yes,49.1,12,31,4.2,9.0,92.0,9,0.04,Low,Medium
E109347,Female,Service,Yes,50.3,18,80,5.9,7.2,71.0,10,0.17,Low,Medium
E109348,Female,Product,Yes,44.3,6,40,6.2,8.1,71.2,6,0.12,Low,Medium
E109349,Female,Product,Yes,39.0,15,86,6.0,3.9,91.3,0,0.37,Medium,Medium
E109350,Male,Service,Yes,49.9,15,59,1.7,6.6,60.5,10,0.06,Low,Medium
E109351,Male,Service,No,41.2,9,69,4.7,7.4,58.6,11,0.12,Low,Medium
E109352,Female,Service,Yes,47.0,6,54,4.0,3.9,84.8,4,0.24,Low,Medium
E109353,Male,Service,Yes,52.8,19,30,9.9,7.5,82.8,2,0.25,Low,Low
E109354,Male,Product,Yes,36.7,15,98,5.2,6.7,95.6,3,0.17,Low,High
E109355,Female,Product,No,49.5,9,46,4.9,3.7,66.7,11,0.31,Medium,Low
E109356,Female,Product,Yes,44.0,13,49,5.4,1.5,60.1,7,0.46,Medium,Low
E109357,Male,Product,Yes,44.1,8,78,9.3,3.1,71.4,8,0.64,High,Low
E109358,Female,Service,Yes,47.6,3,78,6.5,6.6,69.2,5,0.22,Low,Medium
E109359,Female,Service,No,41.1,11,29,4.5,6.4,96.9,10,0.16,Low,Low
E109360,Male,Service,Yes,39.1,16,56,9.2,5.6,95.9,10,0.4,Medium,Low
E109361,Female,Product,Yes,36.1,7,64,9.4,3.3,71.4,1,0.63,High,Low
E109362,Male,Product,Yes,51.2,3,46,3.4,5.0,70.6,1,0.17,Low,Medium
E109363,Male,Product,No,43.1,7,44,4.5,2.3,72.2,8,0.35,Medium,Low
E109364,Male,Service,Yes,47.8,8,97,9.7,7.0,86.5,8,0.29,Low,Medium
E109365,Male,Service,Yes,42.6,11,38,5.9,8.8,77.5,9,0.07,Low,Medium
E109366,Male,Product,Yes,39.2,15,80,4.9,5.2,64.4,6,0.24,Low,Medium
E109367,Female,Service,Yes,48.3,7,35,2.8,2.9,88.4,3,0.2,Low,Low
E109368,Female,Product,Yes,46.6,14,56,4.5,8.5,95.2,3,0.07,Low,Medium
E109369,Female,Service,No,43.8,16,94,6.7,3.8,85.9,1,0.42,Medium,Medium
E109370,Female,Service,No,46.5,12,72,1.3,6.3,59.7,9,0.05,Low,High
E109371,Male,Product,Yes,40.2,13,16,1.7,1.7,89.6,5,0.14,Low,Low
E109372,Male,Service,Yes,50.3,14,30,1.0,7.5,99.4,6,0.02,Low,Medium
E109373,Female,Product,Yes,51.5,8,21,3.0,5.1,84.3,6,0.15,Low,Low
E109374,Male,Product,Yes,48.8,11,69,2.6,4.8,62.2,11,0.14,Low,Medium
E109375,Male,Service,Yes,43.1,18,29,8.7,9.4,50.3,5,0.05,Low,Low
E109376,Female,Product,Yes,45.3,8,37,2.7,5.4,69.3,11,0.12,Low,Medium
E109377,Male,Service,Yes,52.8,12,83,7.0,1.2,73.5,5,0.62,High,Low
E109378,Female,Service,Yes,51.4,17,15,2.1,9.6,95.5,11,0.01,Low,Medium
E109379,Male,Product,No,55.0,3,83,6.3,1.1,81.0,4,0.56,Medium,Low
E109380,Male,Service,Yes,41.1,19,27,4.9,5.8,64.1,7,0.21,Low,Low
E109381,Male,Service,No,40.6,0,40,4.7,6.7,84.6,4,0.16,Low,Medium
E109382,Female,Product,No,45.7,19,66,8.7,9.1,54.6,8,0.08,Low,Medium
E109383,Male,Service,No,47.0,2,27,2.5,7.1,60.7,6,0.07,Low,Medium
E109384,Male,Product,Yes,44.3,10,69,6.4,8.3,87.2,1,0.11,Low,Medium
E109385,Female,Product,Yes,43.1,1,43,8.4,7.9,64.9,11,0.18,Low,Low
E109386,Female,Service,Yes,51.3,5,32,7.4,2.9,51.6,10,0.53,Medium,Low
E109387,Male,Service,No,44.5,2,16,9.9,7.3,74.8,2,0.27,Low,Low
E109388,Male,Service,Yes,38.9,9,41,1.0,6.7,82.9,7,0.03,Low,Medium
E109389,Male,Service,No,39.5,8,64,9.0,3.2,89.5,8,0.61,High,Low
E109390,Female,Product,Yes,46.2,13,56,6.5,2.2,65.3,7,0.51,Medium,Low
E109391,Other,Product,Yes,60.0,15,81,1.0,7.8,71.2,1,0.02,Low,High
E109392,Male,Service,Yes,40.1,17,24,5.2,9.7,77.8,9,0.02,Low,Medium
E109393,Female,Product,No,43.4,3,23,7.9,7.6,53.7,4,0.19,Low,Low
E109394,Male,Product,Yes,57.0,17,17,2.6,7.7,59.9,11,0.06,Low,Medium
E109395,Male,Service,Yes,42.6,1,52,7.1,2.5,68.5,8,0.53,Medium,Low
E109396,Male,Product,Yes,47.3,9,89,2.3,3.2,63.4,7,0.16,Low,Medium
E109397,Male,Product,Yes,54.4,11,84,8.2,6.3,73.3,3,0.3,Low,Medium
E109398,Male,Service,Yes,40.2,6,83,6.1,1.3,82.5,11,0.53,Medium,Low
E109399,Male,Service,Yes,43.5,15,44,1.3,7.0,77.0,6,0.04,Low,Medium
E109400,Female,Product,Yes,42.6,16,28,1.8,2.3,88.7,10,0.14,Low,Low
E109401,Male,Service,Yes,37.4,13,16,8.8,4.7,81.3,2,0.47,Medium,Low
E109402,Female,Service,No,52.8,17,22,1.3,3.9,64.6,2,0.08,Low,Low
E109403,Male,Product,No,42.1,0,88,3.7,2.0,56.0,2,0.3,Low,Medium
E109404,Male,Product,Yes,40.6,1,99,6.1,6.2,82.0,5,0.23,Low,High
E109405,Male,Service,Yes,42.8,13,97,2.9,4.3,60.6,8,0.17,Low,High
E109406,Male,Service,Yes,49.6,5,32,3.0,1.4,65.9,2,0.26,Low,Low
E109407,Male,Service,No,45.6,14,85,8.0,5.0,89.8,2,0.4,Medium,Medium
E109408,Male,Service,Yes,41.0,3,27,3.6,6.3,61.0,7,0.13,Low,Low
E109409,Male,Service,Yes,47.0,8,60,1.3,2.2,76.9,7,0.1,Low,Medium
E109410,Male,Service,Yes,49.1,14,68,7.5,6.3,54.7,9,0.28,Low,Medium
E109411,Female,Service,Yes,44.9,4,26,9.6,3.7,70.8,6,0.6,Medium,Low
E109412,Female,Service,Yes,43.8,5,54,8.5,3.3,99.0,3,0.57,Medium,Low
E109413,Male,Service,No,50.1,10,96,5.9,8.2,97.7,0,0.11,Low,High
E109414,Male,Service,Yes,44.1,12,52,4.8,5.2,97.3,4,0.23,Low,Medium
E109415,Male,Service,Yes,53.0,11,26,9.3,4.4,79.8,11,0.52,Medium,Low
E109416,Female,Service,Yes,41.2,6,81,7.9,8.3,64.7,8,0.13,Low,Medium
E109417,Male,Product,No,41.1,19,39,6.1,9.2,67.7,6,0.05,Low,Medium
E109418,Male,Service,Yes,40.5,11,49,8.9,3.8,60.3,2,0.55,Medium,Low
E109419,Male,Product,Yes,43.8,9,30,6.4,1.5,54.9,7,0.54,Medium,Low
E109420,Female,Product,Yes,45.0,2,59,9.8,5.9,58.4,10,0.4,Medium,Low
E109421,Male,Service,No,38.4,1,27,8.7,7.4,73.4,4,0.23,Low,Low
E109422,Female,Product,Yes,45.5,19,38,6.0,6.3,51.4,9,0.22,Low,Low
E109423,Male,Service,Yes,47.8,0,90,9.3,7.2,97.0,1,0.26,Low,Medium
E109424,Female,Service,Yes,37.7,5,16,4.1,6.8,78.1,1,0.13,Low,Low
E109425,Female,Service,No,42.4,12,24,7.3,9.6,58.7,5,0.03,Low,Low
E109426,Male,Service,Yes,47.8,9,33,2.5,8.8,70.8,2,0.03,Low,Medium
E109427,Female,Service,Yes,39.6,12,38,9.1,2.2,68.8,5,0.71,High,Low
E109428,Male,Service,Yes,43.4,4,75,3.2,5.1,91.8,2,0.16,Low,Medium
E109429,Female,Product,Yes,50.4,7,19,9.5,5.1,56.0,3,0.47,Medium,Low
E109430,Female,Product,Yes,54.0,10,94,1.2,5.1,71.5,9,0.06,Low,High
E109431,Male,Service,No,47.2,18,48,7.1,9.4,85.6,11,0.04,Low,Medium
E109432,Female,Service,Yes,44.2,18,78,2.4,3.9,68.7,5,0.15,Low,Medium
E109433,Male,Service,No,42.5,3,26,7.9,6.5,67.9,6,0.28,Low,Low
E109434,Male,Service,Yes,49.6,9,73,5.4,9.1,67.0,0,0.05,Low,High
E109435,Male,Product,No,50.7,8,35,9.2,1.5,88.1,8,0.78,High,Low
E109436,Female,Service,Yes,39.2,6,92,7.4,8.9,56.0,6,0.08,Low,High
E109437,Male,Service,Yes,49.6,17,61,7.9,7.9,92.8,8,0.17,Low,Medium
E109438,Male,Product,Yes,42.0,8,67,2.1,2.9,53.5,0,0.15,Low,Medium
E109439,Female,Product,Yes,40.7,5,87,1.9,3.9,66.0,5,0.12,Low,High
E109440,Male,Service,Yes,44.2,5,53,8.7,3.8,69.5,2,0.54,Medium,Low
E109441,Male,Service,Yes,50.0,12,45,3.0,3.0,69.7,3,0.21,Low,Low
E109442,Male,Service,Yes,46.5,16,92,8.8,6.7,59.4,2,0.29,Low,Medium
E109443,Male,Service,Yes,46.4,14,95,2.3,9.8,80.2,4,0.0,Low,High
E109444,Male,Service,No,46.8,8,60,3.8,2.5,72.7,1,0.29,Low,Medium
E109445,Male,Service,Yes,47.3,5,71,9.4,3.1,78.4,1,0.65,High,Low
E109446,Female,Product,No,44.4,16,51,8.6,3.6,80.7,6,0.55,Medium,Low
E109447,Female,Service,No,48.2,4,41,1.5,9.4,59.6,3,0.01,Low,High
E109448,Male,Service,Yes,41.7,2,96,5.0,6.6,96.0,3,0.17,Low,High
E109449,Male,Service,Yes,48.3,15,43,9.2,2.9,91.5,7,0.65,High,Low
E109450,Male,Service,Yes,49.3,1,32,1.1,8.2,91.4,10,0.02,Low,Medium
E109451,Female,Product,Yes,48.5,19,18,2.0,9.3,76.6,6,0.01,Low,Medium
E109452,Male,Service,Yes,48.8,2,98,6.8,4.6,91.0,1,0.37,Medium,Medium
E109453,Male,Service,Yes,47.3,8,15,1.9,2.6,81.4,10,0.14,Low,Low
E109454,Female,Service,Yes,50.9,18,38,5.0,3.8,72.5,4,0.31,Medium,Low
E109455,Male,Service,Yes,33.6,13,56,5.6,3.0,87.6,2,0.39,Medium,Low
E109456,Male,Service,Yes,49.3,13,74,8.7,2.8,80.0,1,0.63,High,Low
E109457,Female,Service,No,54.9,16,38,9.6,2.5,50.1,4,0.72,High,Low
E109458,Female,Service,Yes,41.9,7,70,5.6,8.9,99.9,2,0.06,Low,Medium
E109459,Male,Service,Yes,41.3,16,83,5.6,1.8,71.5,2,0.46,Medium,Medium
E109460,Female,Service,Yes,51.4,16,32,7.5,4.7,78.6,7,0.4,Medium,Low
E109461,Male,Product,Yes,40.4,6,79,2.7,1.1,70.3,2,0.24,Low,Medium
E109462,Female,Product,Yes,41.7,8,24,9.5,3.6,55.0,6,0.61,High,Low
E109463,Male,Product,Yes,45.8,3,31,1.0,7.4,91.7,7,0.03,Low,Medium
E109464,Female,Product,Yes,41.0,9,72,1.0,2.8,84.1,10,0.07,Low,Medium
E109465,Female,Service,Yes,49.4,3,49,6.6,10.0,91.4,11,0.0,Low,Medium
E109466,Female,Product,Yes,41.0,4,18,4.1,1.4,74.2,4,0.35,Medium,Low
E109467,Female,Service,Yes,46.8,1,58,4.6,2.2,89.6,4,0.36,Medium,Low
E109468,Male,Service,Yes,46.4,14,89,3.0,8.1,89.9,2,0.06,Low,High
E109469,Male,Service,Yes,53.3,8,81,4.7,9.8,66.8,10,0.01,Low,High
E109470,Male,Service,Yes,50.8,8,42,8.5,9.6,50.2,6,0.03,Low,Medium
E109471,Female,Product,No,42.4,0,25,7.3,8.2,93.0,5,0.13,Low,Low
E109472,Female,Service,Yes,38.7,11,17,1.9,9.8,59.2,11,0.0,Low,Medium
E109473,Male,Service,Yes,49.2,12,17,1.5,8.6,93.4,6,0.02,Low,Medium
E109474,Female,Service,Yes,41.7,19,39,5.6,1.5,80.9,9,0.48,Medium,Low
E109475,Female,Service,No,43.3,12,90,7.6,8.6,81.7,3,0.11,Low,Medium
E109476,Female,Service,No,39.7,13,26,7.0,5.4,62.4,2,0.32,Medium,Low
E109477,Female,Service,No,48.4,9,63,8.8,5.1,70.1,6,0.43,Medium,Low
E109478,Male,Service,Yes,41.8,16,70,2.2,1.0,65.6,10,0.2,Low,Medium
E109479,Male,Product,No,44.8,16,67,6.5,6.6,59.5,2,0.22,Low,Medium
E109480,Male,Service,Yes,44.9,13,24,7.9,7.0,86.2,2,0.24,Low,Low
E109481,Male,Service,Yes,45.9,16,33,9.4,8.1,54.8,3,0.18,Low,Low
E109482,Female,Product,Yes,48.3,18,61,1.9,3.9,75.6,10,0.12,Low,Medium
E109483,Female,Product,Yes,43.8,2,68,3.2,2.2,76.8,9,0.25,Low,Medium
E109484,Female,Service,Yes,41.3,3,21,4.2,5.0,97.8,0,0.21,Low,Low
E109485,Female,Service,Yes,35.7,10,53,5.9,4.3,93.5,1,0.34,Medium,Low
E109486,Male,Product,No,45.5,15,46,4.7,7.8,74.6,2,0.1,Low,Medium
E109487,Male,Service,No,44.2,12,37,8.8,3.1,92.2,11,0.61,High,Low
E109488,Male,Service,Yes,41.4,17,64,9.6,2.2,89.5,10,0.75,High,Low
E109489,Male,Service,Yes,45.3,10,33,1.6,5.0,51.4,5,0.08,Low,Medium
E109490,Male,Product,No,49.3,10,81,7.3,6.7,96.1,3,0.24,Low,Medium
E109491,Male,Product,No,50.6,8,39,2.0,3.5,84.4,8,0.13,Low,Medium
E109492,Male,Product,Yes,37.3,1,39,9.1,2.0,83.6,6,0.73,High,Low
E109493,Male,Service,Yes,43.2,2,20,2.3,5.0,85.7,4,0.12,Low,Low
E109494,Female,Service,Yes,49.8,13,29,9.9,9.7,61.2,9,0.03,Low,Low
E109495,Male,Service,Yes,53.0,15,77,4.8,9.7,51.5,8,0.01,Low,High
E109496,Male,Product,Yes,40.9,7,34,4.4,7.4,61.6,10,0.11,Low,Medium
E109497,Male,Product,Yes,51.9,15,57,6.3,8.0,89.7,11,0.13,Low,Medium
E109498,Female,Service,Yes,38.2,3,81,4.5,2.8,79.9,6,0.32,Medium,Medium
E109499,Male,Product,Yes,50.7,8,18,3.1,4.4,68.1,5,0.17,Low,Low
E109500,Male,Service,No,43.6,3,20,6.7,6.4,62.1,3,0.24,Low,Low
E109501,Female,Service,Yes,52.8,12,73,7.6,7.8,90.0,4,0.17,Low,Medium
E109502,Female,Product,Yes,42.7,1,66,9.5,2.5,72.9,5,0.71,High,Low
E109503,Female,Service,No,43.5,17,33,4.7,5.1,80.6,0,0.23,Low,Low
E109504,Male,Service,Yes,44.3,4,40,7.4,2.5,50.6,1,0.55,Medium,Low
E109505,Male,Service,Yes,37.3,16,62,8.5,6.7,71.5,11,0.28,Low,Low
E109506,Male,Product,Yes,36.2,9,69,8.5,7.9,50.8,1,0.18,Low,Medium
E109507,Female,Product,No,47.6,3,73,1.3,8.5,89.4,6,0.02,Low,High
E109508,Male,Product,No,49.9,5,88,4.2,7.6,62.5,2,0.1,Low,High
E109509,Male,Product,Yes,48.0,9,52,1.1,2.4,58.4,11,0.08,Low,Medium
E109510,Male,Service,No,38.7,16,98,6.0,8.5,96.3,3,0.09,Low,High
E109511,Male,Service,Yes,47.4,4,19,8.8,4.0,50.9,8,0.53,Medium,Low
E109512,Male,Product,No,40.0,6,56,8.3,8.5,59.9,4,0.12,Low,Medium
E109513,Female,Service,No,47.0,4,49,8.3,3.3,62.0,2,0.56,Medium,Low
E109514,Female,Product,Yes,50.7,7,83,4.2,5.3,91.1,6,0.2,Low,Medium
E109515,Male,Product,No,46.8,0,17,1.4,6.2,85.5,4,0.05,Low,Medium
E109516,Male,Product,Yes,52.3,1,55,2.6,1.3,98.4,6,0.23,Low,Low
E109517,Female,Service,Yes,44.3,15,46,7.0,9.1,84.7,8,0.06,Low,Medium
E109518,Male,Service,No,43.9,7,50,2.2,5.6,61.8,9,0.1,Low,Medium
E109519,Male,Product,Yes,45.3,14,44,2.1,2.7,58.3,0,0.15,Low,Low
E109520,Male,Product,Yes,38.3,10,53,4.2,2.4,87.8,5,0.32,Medium,Low
E109521,Female,Product,Yes,43.0,15,74,1.9,7.2,95.0,8,0.05,Low,High
E109522,Female,Service,No,43.4,6,70,4.0,1.7,95.6,0,0.33,Medium,Medium
E109523,Female,Service,No,43.6,16,90,9.7,5.0,88.6,5,0.48,Medium,Medium
E109524,Male,Product,Yes,46.3,2,96,1.2,5.9,89.7,11,0.05,Low,High
E109525,Male,Product,Yes,37.6,14,72,8.5,3.1,83.1,2,0.59,Medium,Low
E109526,Female,Product,No,39.3,3,40,9.9,2.2,86.8,9,0.77,High,Low
E109527,Male,Service,Yes,50.7,2,93,4.9,5.4,55.8,7,0.23,Low,Medium
E109528,Other,Product,No,35.0,10,19,9.5,4.1,66.5,9,0.56,Medium,Low
E109529,Female,Service,No,48.1,1,70,3.4,2.3,72.9,6,0.26,Low,Medium
E109530,Male,Product,Yes,43.1,6,47,9.8,2.9,83.2,3,0.7,High,Low
E109531,Female,Service,Yes,45.8,14,23,8.8,5.2,70.9,3,0.42,Medium,Low
E109532,Male,Service,Yes,52.8,13,46,9.0,2.2,68.7,7,0.7,High,Low
E109533,Female,Product,Yes,44.3,6,91,2.2,9.4,78.2,11,0.01,Low,High
E109534,Male,Service,Yes,48.1,16,42,8.8,8.0,69.7,5,0.18,Low,Low
E109535,Male,Service,No,45.3,9,37,9.5,3.9,53.6,6,0.58,Medium,Low
E109536,Female,Service,No,44.5,17,83,8.4,3.3,98.5,4,0.56,Medium,Low
E109537,Female,Product,Yes,43.8,13,76,1.8,8.9,96.3,3,0.02,Low,High
E109538,Male,Service,No,48.5,5,62,1.8,4.8,52.0,0,0.09,Low,Medium
E109539,Female,Service,Yes,41.3,18,80,4.2,8.8,76.5,6,0.05,Low,High
E109540,Male,Product,Yes,39.3,9,76,7.3,7.7,85.6,3,0.17,Low,Medium
E109541,Male,Service,Yes,45.4,16,83,1.1,1.8,80.5,4,0.09,Low,Medium
E109542,Male,Service,No,46.0,18,70,9.6,8.3,67.7,4,0.16,Low,Medium
E109543,Male,Service,Yes,35.9,19,88,5.7,5.9,90.2,10,0.23,Low,Medium
E109544,Male,Product,Yes,44.9,16,50,4.2,7.1,80.7,1,0.12,Low,Medium
E109545,Male,Service,Yes,38.9,13,50,6.1,3.0,61.9,1,0.43,Medium,Low
E109546,Male,Product,Yes,48.1,6,70,7.4,1.0,80.6,8,0.67,High,Low
E109547,Male,Service,Yes,36.0,18,21,3.5,4.0,63.7,5,0.21,Low,Low
E109548,Male,Product,Yes,54.6,6,46,3.6,2.7,79.8,7,0.26,Low,Low
E109549,Female,Product,No,43.3,11,15,5.2,4.9,88.2,5,0.27,Low,Low
E109550,Male,Service,Yes,40.7,5,72,7.0,1.8,65.1,2,0.57,Medium,Low
E109551,Female,Service,Yes,43.6,7,34,7.4,9.1,64.1,2,0.07,Low,Low
E109552,Female,Product,Yes,47.8,8,48,3.9,2.1,86.3,10,0.31,Medium,Low
E109553,Female,Service,No,49.5,17,65,3.9,7.9,75.4,4,0.08,Low,Medium
E109554,Female,Product,Yes,43.6,9,50,5.4,9.5,56.9,2,0.03,Low,Medium
E109555,Female,Service,No,37.8,15,40,5.9,2.3,77.3,10,0.45,Medium,Low
E109556,Male,Product,No,38.9,16,47,6.8,4.1,83.2,1,0.4,Medium,Low
E109557,Male,Service,No,46.4,0,15,6.6,7.6,74.6,3,0.16,Low,Low
E109558,Female,Product,No,49.9,6,81,4.4,7.4,81.2,11,0.11,Low,High
E109559,Female,Service,Yes,50.6,8,64,3.7,1.3,68.2,3,0.32,Medium,Low
E109560,Female,Service,Yes,45.8,11,49,3.8,1.6,93.9,8,0.32,Medium,Low
E109561,Male,Service,Yes,49.8,0,49,6.8,2.1,62.0,6,0.54,Medium,Low
E109562,Female,Service,No,54.6,9,73,4.9,6.1,64.1,7,0.19,Low,Medium
E109563,Male,Service,No,51.0,9,91,2.2,1.5,88.7,0,0.19,Low,Medium
E109564,Male,Service,No,49.6,9,27,1.1,6.3,52.9,6,0.04,Low,Medium
E109565,Male,Product,Yes,41.0,6,36,1.3,4.1,99.4,9,0.08,Low,Medium
E109566,Female,Service,Yes,49.8,14,70,8.8,7.0,81.5,8,0.26,Low,Medium
E109567,Female,Product,Yes,47.3,9,19,5.1,8.0,90.4,8,0.1,Low,Low
E109568,Male,Service,Yes,48.3,15,95,6.9,8.1,79.2,11,0.13,Low,High
E109569,Female,Service,Yes,51.3,15,57,9.4,1.3,89.3,11,0.82,High,Low
E109570,Male,Service,Yes,46.8,19,88,2.1,9.5,71.7,4,0.01,Low,High
E109571,Male,Product,No,44.5,0,69,5.0,6.3,78.8,0,0.18,Low,Medium
E109572,Male,Product,Yes,39.7,10,29,5.9,9.1,83.1,5,0.05,Low,Medium
E109573,Male,Service,Yes,43.5,18,56,8.6,6.5,95.1,2,0.3,Low,Low
E109574,Male,Product,Yes,46.1,17,23,9.9,5.4,51.7,6,0.46,Medium,Low
E109575,Male,Service,Yes,46.4,2,85,7.4,7.6,55.4,7,0.18,Low,Medium
E109576,Female,Service,No,46.2,14,71,6.8,3.0,84.5,5,0.48,Medium,Low
E109577,Female,Service,Yes,49.8,5,24,9.3,1.9,67.2,1,0.75,High,Low
E109578,Male,Service,Yes,49.3,9,78,8.5,1.8,83.9,9,0.7,High,Low
E109579,Male,Service,Yes,44.7,2,55,8.8,8.6,61.4,10,0.12,Low,Medium
E109580,Male,Product,No,40.8,9,27,1.0,9.2,81.4,9,0.01,Low,Medium
E109581,Male,Service,Yes,46.9,15,30,5.6,8.3,73.9,8,0.1,Low,Medium
E109582,Male,Product,Yes,56.2,3,86,8.0,9.1,56.1,6,0.07,Low,Medium
E109583,Male,Service,Yes,46.6,0,74,2.6,9.9,96.5,8,0.0,Low,High
E109584,Female,Service,Yes,43.5,17,45,7.8,5.7,89.6,1,0.34,Medium,Low
E109585,Female,Product,No,47.7,3,69,1.1,2.4,89.1,5,0.08,Low,Medium
E109586,Male,Product,Yes,48.0,4,85,6.2,6.5,84.8,8,0.22,Low,Medium
E109587,Male,Product,Yes,47.9,3,48,8.7,4.2,51.1,7,0.5,Medium,Low
E109588,Male,Service,Yes,51.9,18,18,4.9,4.1,75.2,9,0.29,Low,Low
E109589,Female,Product,No,46.9,19,69,7.7,7.6,87.5,4,0.18,Low,Medium
E109590,Male,Product,Yes,51.6,18,80,5.8,1.8,60.8,9,0.48,Medium,Medium
E109591,Male,Service,No,46.2,2,73,6.8,1.3,80.8,10,0.59,Medium,Low
E109592,Female,Service,Yes,52.6,19,55,5.7,7.3,96.5,1,0.15,Low,Medium
E109593,Male,Service,No,51.0,12,80,5.3,3.3,87.6,6,0.36,Medium,Medium
E109594,Male,Service,No,49.6,19,61,8.6,4.5,77.4,7,0.47,Medium,Low
E109595,Male,Service,Yes,48.9,17,41,1.8,3.8,65.5,7,0.11,Low,Medium
E109596,Male,Product,Yes,56.5,5,93,6.3,6.5,81.8,10,0.22,Low,Medium
E109597,Male,Service,Yes,50.4,19,35,2.0,2.4,85.7,1,0.15,Low,Low
E109598,Male,Product,No,40.8,5,25,6.1,7.5,81.9,3,0.15,Low,Low
E109599,Male,Product,Yes,46.2,5,36,9.7,9.3,87.8,7,0.07,Low,Low
E109600,Male,Service,Yes,43.7,16,37,1.5,8.5,64.0,3,0.02,Low,Medium
E109601,Female,Service,Yes,55.3,16,79,4.8,9.2,75.4,9,0.04,Low,High
E109602,Male,Service,Yes,51.3,4,73,8.2,9.4,77.4,6,0.05,Low,Medium
E109603,Male,Product,Yes,55.2,16,90,4.3,4.4,54.5,3,0.24,Low,Medium
E109604,Female,Product,No,41.2,8,84,5.7,8.2,58.8,8,0.1,Low,High
E109605,Female,Service,No,50.5,19,42,2.0,5.5,65.3,8,0.09,Low,Medium
E109606,Female,Product,Yes,38.2,1,39,3.0,3.4,52.4,10,0.2,Low,Low
E109607,Male,Service,Yes,37.0,18,96,7.2,7.7,61.7,3,0.17,Low,High
E109608,Male,Product,Yes,43.0,8,15,8.5,3.2,76.1,2,0.58,Medium,Low
E109609,Female,Service,No,52.6,7,46,6.8,2.0,77.1,3,0.54,Medium,Low
E109610,Female,Service,Yes,40.0,18,43,8.5,7.3,62.5,8,0.23,Low,Low
E109611,Male,Service,Yes,44.9,12,34,6.5,3.6,97.3,6,0.42,Medium,Low
E109612,Female,Service,Yes,50.9,3,60,8.3,3.8,73.4,3,0.51,Medium,Low
E109613,Male,Service,No,49.2,5,91,9.8,8.9,81.9,8,0.11,Low,Medium
E109614,Other,Product,Yes,56.1,3,71,1.7,2.2,51.5,8,0.13,Low,Medium
E109615,Female,Service,Yes,45.0,10,26,5.3,7.9,70.0,0,0.11,Low,Low
E109616,Female,Product,Yes,42.8,9,86,2.7,4.5,77.1,8,0.15,Low,High
E109617,Female,Service,Yes,39.5,15,53,5.2,9.0,65.6,7,0.05,Low,Medium
E109618,Female,Product,Yes,43.2,17,22,5.5,5.0,58.6,2,0.28,Low,Low
E109619,Male,Product,Yes,39.5,18,96,6.6,4.7,60.1,7,0.35,Medium,Medium
E109620,Male,Product,Yes,36.0,11,99,5.0,4.9,73.3,3,0.26,Low,Medium
E109621,Male,Service,No,54.8,13,42,3.9,8.5,53.6,1,0.06,Low,Medium
E109622,Male,Service,Yes,45.2,17,45,1.4,1.1,61.7,5,0.12,Low,Low
E109623,Female,Product,Yes,58.0,19,29,1.3,7.3,86.0,1,0.04,Low,Medium
E109624,Male,Service,Yes,40.8,0,74,2.6,2.8,60.7,6,0.19,Low,Medium
E109625,Male,Service,Yes,42.9,12,53,5.0,8.9,55.8,0,0.05,Low,Medium
E109626,Female,Service,Yes,41.1,2,94,4.8,4.4,54.2,3,0.27,Low,Medium
E109627,Female,Product,No,41.8,13,35,2.7,4.1,99.4,7,0.16,Low,Low
E109628,Male,Product,Yes,49.4,17,22,8.4,7.4,54.3,6,0.22,Low,Low
E109629,Male,Product,No,47.8,18,56,7.2,7.5,71.7,6,0.18,Low,Medium
E109630,Male,Service,No,49.4,0,73,4.1,6.7,75.6,6,0.14,Low,Medium
E109631,Female,Service,Yes,51.7,14,95,8.2,4.0,98.2,9,0.49,Medium,Medium
E109632,Male,Product,No,50.5,15,93,9.9,6.5,94.6,10,0.35,Medium,Medium
E109633,Female,Service,Yes,40.0,9,92,3.2,1.5,61.9,10,0.27,Low,Medium
E109634,Male,Service,Yes,42.4,19,34,4.3,9.6,54.2,6,0.02,Low,Medium
E109635,Male,Service,No,45.6,3,75,9.9,5.1,71.9,10,0.49,Medium,Low
E109636,Female,Service,Yes,63.6,10,25,2.2,3.7,55.0,6,0.14,Low,Low
E109637,Male,Service,Yes,48.9,15,46,1.7,8.7,93.6,6,0.02,Low,Medium
E109638,Male,Service,Yes,45.5,4,18,5.7,3.9,85.2,4,0.35,Medium,Low
E109639,Male,Service,Yes,48.4,18,43,5.2,10.0,97.2,6,0.0,Low,Medium
E109640,Male,Service,Yes,42.0,10,19,1.7,7.2,78.5,4,0.05,Low,Medium
E109641,Male,Product,No,46.3,17,90,3.6,6.8,68.2,6,0.12,Low,High
E109642,Male,Service,Yes,49.8,14,53,4.8,2.4,75.0,3,0.36,Medium,Low
E109643,Male,Service,No,44.9,1,37,8.4,6.5,58.0,11,0.29,Low,Low
E109644,Male,Product,Yes,41.2,12,30,7.4,2.4,73.2,7,0.56,Medium,Low
E109645,Female,Product,Yes,44.6,11,64,9.2,8.1,99.9,6,0.17,Low,Medium
E109646,Female,Service,Yes,43.4,13,25,4.0,2.2,84.5,5,0.31,Medium,Low
E109647,Male,Product,Yes,38.2,0,86,3.8,4.2,53.1,11,0.22,Low,Medium
E109648,Female,Service,Yes,42.1,11,62,5.2,5.3,86.3,5,0.24,Low,Medium
E109649,Male,Service,No,38.0,12,48,1.1,8.2,55.0,4,0.02,Low,High
E109650,Male,Service,Yes,38.8,2,35,2.9,6.7,69.5,1,0.1,Low,Medium
E109651,Male,Service,Yes,39.3,2,77,2.9,7.7,89.3,5,0.07,Low,High
E109652,Male,Product,Yes,49.8,0,31,1.5,3.2,56.4,7,0.1,Low,Low
E109653,Male,Service,Yes,52.4,10,48,5.1,3.1,64.6,1,0.35,Medium,Low
E109654,Male,Service,Yes,37.3,3,65,9.1,4.4,59.8,5,0.51,Medium,Low
E109655,Female,Product,Yes,52.9,10,81,1.0,1.2,93.5,1,0.09,Low,Medium
E109656,Female,Service,No,39.4,1,38,6.7,8.5,57.4,7,0.1,Low,Medium
E109657,Male,Product,No,48.7,18,36,8.9,4.3,76.8,3,0.51,Medium,Low
E109658,Female,Product,Yes,46.3,11,24,2.0,1.6,63.8,11,0.17,Low,Low
E109659,Female,Service,Yes,48.2,12,19,9.3,8.8,75.4,9,0.11,Low,Low
E109660,Female,Product,Yes,39.2,16,45,8.4,9.7,58.4,7,0.03,Low,Medium
E109661,Male,Service,No,35.9,18,38,2.9,6.8,87.9,5,0.09,Low,Medium
E109662,Male,Service,No,41.0,3,25,9.1,4.2,82.2,7,0.53,Medium,Low
E109663,Male,Service,No,47.1,5,65,8.2,4.7,52.2,9,0.43,Medium,Low
E109664,Male,Product,Yes,54.8,2,62,2.0,3.3,97.4,9,0.13,Low,Medium
E109665,Female,Product,Yes,39.9,10,92,8.5,7.4,94.6,8,0.22,Low,Medium
E109666,Male,Service,Yes,44.5,11,18,5.9,4.2,64.9,11,0.34,Medium,Low
E109667,Male,Service,No,41.3,11,22,8.3,1.3,64.6,6,0.72,High,Low
E109668,Female,Service,No,44.9,17,21,6.6,1.4,75.0,0,0.57,Medium,Low
E109669,Female,Product,Yes,35.3,13,46,4.5,6.5,81.0,0,0.16,Low,Medium
E109670,Male,Product,No,52.5,10,36,6.4,3.6,64.6,10,0.41,Medium,Low
E109671,Female,Product,No,45.1,16,50,6.7,2.5,89.8,0,0.5,Medium,Low
E109672,Male,Product,Yes,49.6,15,43,7.9,6.0,53.9,1,0.32,Medium,Low
E109673,Male,Service,No,43.8,2,82,8.5,3.5,69.9,10,0.55,Medium,Low
E109674,Male,Service,Yes,46.0,3,75,7.0,1.7,77.8,10,0.58,Medium,Low
E109675,Female,Service,Yes,50.6,7,67,9.9,2.7,90.0,10,0.72,High,Low
E109676,Female,Product,Yes,45.7,10,86,8.0,8.0,93.6,2,0.16,Low,Medium
E109677,Male,Service,Yes,45.8,12,99,9.2,8.7,62.2,5,0.12,Low,Medium
E109678,Male,Service,No,41.0,11,29,3.9,8.8,62.1,8,0.05,Low,Medium
E109679,Male,Product,Yes,42.3,4,62,3.8,5.8,68.4,7,0.16,Low,Medium
E109680,Male,Product,Yes,39.9,15,68,4.3,9.6,71.4,2,0.02,Low,High
E109681,Male,Service,Yes,41.3,0,82,5.0,2.4,92.4,10,0.38,Medium,Medium
E109682,Male,Product,Yes,51.3,8,83,9.7,7.1,50.4,1,0.28,Low,Medium
E109683,Female,Product,Yes,54.0,13,78,1.7,7.3,84.2,6,0.05,Low,High
E109684,Female,Service,Yes,38.8,7,80,5.5,1.5,61.0,8,0.47,Medium,Medium
E109685,Male,Service,Yes,47.0,2,64,2.5,3.5,94.1,11,0.16,Low,Medium
E109686,Male,Service,No,43.4,6,86,8.3,9.5,65.9,7,0.04,Low,Medium
E109687,Male,Service,No,52.0,3,61,1.3,7.8,76.9,4,0.03,Low,High
E109688,Male,Product,Yes,45.7,14,82,5.1,1.5,66.5,1,0.43,Medium,Medium
E109689,Female,Service,No,45.0,11,27,4.6,5.9,71.3,11,0.19,Low,Low
E109690,Female,Service,No,41.3,8,28,1.8,6.8,76.1,11,0.06,Low,Medium
E109691,Male,Service,Yes,37.3,17,23,4.4,9.8,87.4,4,0.01,Low,Medium
E109692,Male,Service,Yes,48.8,12,42,8.3,7.4,56.0,5,0.22,Low,Low
E109693,Female,Service,No,46.8,2,52,2.2,6.7,67.6,6,0.07,Low,Medium
E109694,Male,Product,Yes,46.9,6,26,9.9,9.2,82.0,11,0.08,Low,Low
E109695,Female,Service,Yes,42.0,18,27,1.5,6.9,79.4,8,0.05,Low,Medium
E109696,Male,Product,No,44.3,7,35,3.6,9.4,89.0,5,0.02,Low,Medium
E109697,Female,Product,Yes,49.0,10,69,8.0,5.4,94.5,4,0.37,Medium,Medium
E109698,Male,Service,No,49.9,4,52,4.2,7.5,54.7,6,0.11,Low,Medium
E109699,Female,Product,Yes,39.1,15,66,5.3,6.7,85.7,2,0.17,Low,Medium
E109700,Female,Product,Yes,41.8,2,40,2.7,6.0,64.2,8,0.11,Low,Medium
E109701,Male,Service,Yes,38.1,0,36,7.4,3.9,74.1,4,0.45,Medium,Low
E109702,Female,Service,Yes,46.0,9,65,2.6,9.1,81.4,10,0.02,Low,High
E109703,Female,Product,No,49.4,9,86,8.6,3.4,57.5,8,0.57,Medium,Low
E109704,Male,Product,Yes,43.6,15,51,5.9,2.4,67.3,2,0.45,Medium,Low
E109705,Male,Service,No,41.7,10,59,5.9,7.4,98.8,7,0.15,Low,Medium
E109706,Male,Service,Yes,43.3,18,91,9.4,5.9,56.8,6,0.39,Medium,Medium
E109707,Male,Service,Yes,56.5,19,51,8.0,3.4,54.2,3,0.53,Medium,Low
E109708,Male,Service,No,51.0,12,28,7.7,8.8,91.8,9,0.09,Low,Low
E109709,Female,Service,Yes,48.7,14,32,8.7,3.6,71.5,5,0.56,Medium,Low
E109710,Male,Service,No,46.6,9,21,1.8,1.6,83.7,3,0.15,Low,Low
E109711,Female,Service,Yes,44.9,3,88,7.5,1.1,65.3,2,0.67,High,Low
E109712,Male,Service,No,40.5,18,74,3.1,9.3,59.9,5,0.02,Low,High
E109713,Male,Service,Yes,39.7,14,72,3.5,4.6,60.6,6,0.19,Low,Medium
E109714,Male,Service,No,42.2,5,69,1.1,2.9,59.8,7,0.08,Low,Medium
E109715,Male,Service,No,40.2,16,48,9.0,6.1,62.3,1,0.35,Medium,Low
E109716,Male,Service,Yes,42.0,12,59,7.7,5.4,61.1,7,0.35,Medium,Low
E109717,Male,Product,Yes,44.5,19,17,2.3,10.0,90.7,0,0.0,Low,Medium
E109718,Male,Product,Yes,44.9,16,54,4.0,9.0,76.7,9,0.04,Low,Medium
E109719,Female,Service,Yes,41.9,14,90,5.3,3.4,64.8,7,0.35,Medium,Medium
E109720,Female,Service,Yes,47.5,6,67,5.4,7.3,67.3,7,0.15,Low,Medium
E109721,Male,Service,Yes,44.1,10,45,6.4,4.5,97.9,0,0.35,Medium,Low
E109722,Female,Service,Yes,46.1,17,37,5.2,4.3,59.2,0,0.3,Low,Low
E109723,Female,Service,Yes,41.3,19,86,6.8,4.3,94.3,6,0.39,Medium,Medium
E109724,Male,Service,No,48.5,18,79,9.0,6.8,86.8,5,0.29,Low,Medium
E109725,Female,Product,No,42.3,7,69,4.6,5.8,80.7,3,0.19,Low,Medium
E109726,Female,Service,No,53.0,17,93,8.9,7.8,81.2,1,0.2,Low,Medium
E109727,Male,Service,Yes,43.9,9,26,3.0,2.4,71.1,8,0.23,Low,Low
E109728,Male,Product,Yes,44.5,17,15,2.1,4.8,71.9,1,0.11,Low,Low
E109729,Male,Product,Yes,48.0,16,25,3.2,8.7,89.8,10,0.04,Low,Medium
E109730,Male,Service,No,49.1,8,65,2.9,1.0,90.5,3,0.26,Low,Medium
E109731,Female,Service,Yes,49.6,2,80,9.9,6.6,78.6,2,0.34,Medium,Medium
E109732,Male,Service,Yes,53.9,14,59,4.4,8.1,88.4,1,0.08,Low,Medium
E109733,Female,Service,Yes,48.3,11,86,6.9,4.5,90.5,6,0.38,Medium,Medium
E109734,Female,Service,Yes,44.7,16,45,7.3,9.0,66.6,4,0.07,Low,Medium
E109735,Female,Service,Yes,42.4,5,99,5.0,7.6,81.2,9,0.12,Low,High
E109736,Female,Service,Yes,44.3,8,67,3.0,6.5,71.8,8,0.1,Low,Medium
E109737,Male,Product,Yes,52.4,9,59,4.9,2.8,54.9,3,0.35,Medium,Low
E109738,Male,Product,Yes,38.1,2,81,5.3,7.0,82.4,1,0.16,Low,Medium
E109739,Female,Service,Yes,40.9,5,55,9.6,8.5,79.4,11,0.14,Low,Low
E109740,Male,Service,Yes,43.9,12,42,6.1,7.6,55.1,5,0.15,Low,Medium
E109741,Male,Service,No,40.8,13,76,9.7,6.2,53.5,0,0.37,Medium,Medium
E109742,Female,Service,Yes,43.0,3,16,6.2,7.4,62.5,1,0.16,Low,Low
E109743,Female,Service,Yes,54.0,9,86,2.3,9.8,91.7,6,0.0,Low,High
E109744,Male,Product,No,43.5,18,79,4.5,1.1,53.2,10,0.4,Medium,Medium
E109745,Female,Product,No,47.1,15,35,8.1,7.0,73.0,6,0.24,Low,Low
E109746,Female,Product,Yes,36.7,6,29,4.8,8.1,59.0,4,0.09,Low,Medium
E109747,Male,Product,Yes,39.5,4,69,1.9,6.8,62.7,5,0.06,Low,High
E109748,Male,Product,No,49.7,11,22,1.9,3.5,88.5,3,0.12,Low,Low
E109749,Female,Product,Yes,53.3,14,34,3.1,8.4,92.5,1,0.05,Low,Medium
E109750,Male,Product,No,46.1,0,91,6.1,9.2,79.0,11,0.05,Low,High
E109751,Male,Service,Yes,43.5,5,78,8.5,7.2,93.2,6,0.24,Low,Medium
E109752,Male,Service,No,47.5,18,53,5.8,5.6,92.8,10,0.26,Low,Medium
E109753,Female,Service,Yes,32.0,4,21,7.7,4.3,61.1,9,0.44,Medium,Low
E109754,Male,Product,No,46.1,8,71,6.8,4.0,82.3,4,0.41,Medium,Medium
E109755,Male,Service,Yes,39.8,6,89,5.7,7.5,88.9,8,0.14,Low,High
E109756,Male,Service,No,49.0,8,45,2.9,6.5,78.1,6,0.1,Low,Medium
E109757,Other,Service,Yes,34.0,15,48,8.9,2.4,90.3,1,0.68,High,Low
E109758,Male,Product,Yes,41.9,4,89,3.5,2.3,81.4,0,0.27,Low,Medium
E109759,Female,Service,Yes,44.8,9,65,3.3,1.6,64.2,2,0.28,Low,Medium
E109760,Female,Product,No,41.2,14,70,3.3,7.2,84.3,10,0.09,Low,Medium
E109761,Male,Product,Yes,43.1,14,43,1.9,3.8,79.4,7,0.12,Low,Medium
E109762,Female,Product,Yes,49.5,12,77,5.5,1.2,81.2,5,0.48,Medium,Low
E109763,Female,Service,Yes,44.9,19,99,3.9,4.0,54.8,1,0.23,Low,High
E109764,Female,Service,No,40.3,17,47,5.7,8.5,56.3,6,0.09,Low,Medium
E109765,Male,Service,Yes,49.7,6,59,5.1,3.2,90.7,11,0.35,Medium,Low
E109766,Female,Service,Yes,46.3,7,20,5.7,6.7,71.6,7,0.19,Low,Low
E109767,Female,Service,No,46.5,7,51,3.7,5.0,60.8,11,0.18,Low,Medium
E109768,Other,Product,No,40.5,10,67,8.3,5.9,54.6,11,0.34,Medium,Low
E109769,Male,Service,Yes,32.3,8,16,5.8,6.4,63.1,3,0.21,Low,Low
E109770,Female,Product,Yes,40.5,5,71,2.9,5.1,64.8,7,0.14,Low,Medium
E109771,Male,Product,Yes,40.0,19,65,9.1,1.5,99.1,9,0.77,High,Low
E109772,Male,Service,Yes,41.9,1,53,2.0,6.1,91.7,3,0.08,Low,Medium
E109773,Male,Product,Yes,40.8,4,36,7.6,4.6,53.9,2,0.41,Medium,Low
E109774,Female,Product,Yes,45.6,3,93,7.1,2.8,87.4,7,0.51,Medium,Medium
E109775,Male,Service,No,49.4,19,57,1.7,9.1,78.2,1,0.02,Low,High
E109776,Male,Service,Yes,50.4,14,52,9.1,7.6,61.4,3,0.22,Low,Low
E109777,Other,Service,No,49.2,6,78,3.8,3.6,87.3,6,0.24,Low,Medium
E109778,Male,Service,Yes,40.5,0,51,7.7,5.9,51.5,0,0.32,Medium,Low
E109779,Female,Product,Yes,45.3,18,52,3.5,9.7,86.6,1,0.01,Low,Medium
E109780,Male,Service,Yes,52.8,17,85,5.7,3.2,94.8,11,0.39,Medium,Medium
E109781,Male,Product,No,37.1,1,45,9.8,9.5,94.1,4,0.05,Low,Low
E109782,Female,Service,Yes,51.7,12,58,6.5,7.2,88.6,8,0.18,Low,Medium
E109783,Female,Service,Yes,40.0,13,28,3.7,5.9,96.7,0,0.15,Low,Low
E109784,Male,Service,Yes,46.5,2,66,5.1,9.8,85.4,2,0.01,Low,High
E109785,Female,Service,Yes,47.1,15,81,7.1,4.0,84.3,5,0.43,Medium,Medium
E109786,Male,Service,Yes,45.9,13,19,5.0,3.5,51.3,6,0.32,Medium,Low
E109787,Male,Service,No,56.1,14,56,9.2,4.1,58.7,5,0.54,Medium,Low
E109788,Male,Product,No,43.5,2,21,8.8,7.8,89.1,11,0.19,Low,Low
E109789,Male,Product,Yes,36.8,1,32,2.3,4.0,99.9,11,0.14,Low,Low
E109790,Male,Service,No,46.8,2,71,8.1,1.9,86.0,6,0.66,High,Low
E109791,Male,Service,Yes,44.1,8,88,9.5,6.8,79.0,7,0.3,Low,Medium
E109792,Male,Service,No,47.8,7,58,3.9,3.0,59.2,9,0.27,Low,Medium
E109793,Male,Service,Yes,49.4,18,75,3.1,1.0,97.4,10,0.28,Low,Medium
E109794,Male,Product,No,44.8,19,77,1.1,2.8,82.5,5,0.08,Low,Medium
E109795,Female,Product,No,47.2,19,46,2.0,8.4,74.5,0,0.03,Low,Medium
E109796,Female,Product,No,45.7,14,42,9.6,9.5,93.1,3,0.05,Low,Low
E109797,Female,Service,Yes,54.0,11,18,4.5,7.0,97.7,0,0.14,Low,Low
E109798,Male,Product,Yes,43.1,13,29,4.5,3.8,68.6,11,0.28,Low,Low
E109799,Female,Service,No,41.6,17,16,3.4,4.9,75.8,11,0.17,Low,Low
E109800,Female,Product,No,49.4,1,37,2.5,2.8,55.8,4,0.18,Low,Low
E109801,Male,Service,Yes,40.4,10,73,5.6,8.9,98.0,7,0.06,Low,Medium
E109802,Male,Service,Yes,47.0,0,37,7.5,7.0,56.0,1,0.23,Low,Low
E109803,Female,Service,Yes,44.2,18,40,6.0,1.8,96.5,4,0.49,Medium,Low
E109804,Female,Service,Yes,44.5,13,48,1.3,4.3,59.6,5,0.07,Low,Medium
E109805,Female,Product,No,57.2,8,27,8.2,5.8,95.4,2,0.34,Medium,Low
E109806,Female,Product,No,51.2,2,54,9.4,8.2,72.6,1,0.17,Low,Low
E109807,Female,Service,Yes,50.1,13,65,5.0,9.3,79.6,3,0.03,Low,Medium
E109808,Other,Product,No,47.7,19,24,4.3,2.2,51.8,9,0.34,Medium,Low
E109809,Male,Service,Yes,41.5,2,53,3.1,8.5,69.7,9,0.05,Low,Medium
E109810,Male,Service,Yes,46.3,3,18,3.7,1.6,74.7,9,0.31,Medium,Low
E109811,Female,Product,Yes,47.9,1,96,6.8,3.2,50.5,7,0.46,Medium,Medium
E109812,Male,Product,No,46.0,1,66,7.9,1.2,83.0,1,0.7,High,Low
E109813,Female,Service,No,45.5,14,95,4.0,1.6,91.9,2,0.34,Medium,Medium
E109814,Female,Service,Yes,43.0,12,70,4.1,1.3,51.2,11,0.36,Medium,Low
E109815,Female,Service,Yes,46.4,19,41,5.1,2.3,74.6,1,0.39,Medium,Low
E109816,Female,Product,Yes,42.4,10,22,2.5,8.9,51.7,11,0.03,Low,Medium
E109817,Male,Product,Yes,48.5,13,67,9.3,3.6,93.7,0,0.6,Medium,Low
E109818,Male,Service,Yes,34.9,16,27,7.3,5.3,58.0,0,0.34,Medium,Low
E109819,Male,Product,Yes,51.8,14,60,4.9,5.4,52.9,9,0.23,Low,Medium
E109820,Female,Service,No,38.4,13,50,2.1,10.0,92.9,2,0.0,Low,High
E109821,Female,Service,Yes,39.7,18,57,8.6,4.3,72.2,0,0.49,Medium,Low
E109822,Female,Product,Yes,47.0,1,49,5.4,3.4,54.8,7,0.36,Medium,Low
E109823,Male,Service,Yes,47.7,3,65,8.2,9.7,82.4,0,0.02,Low,Medium
E109824,Male,Service,Yes,55.4,7,77,1.3,6.3,85.3,2,0.05,Low,High
E109825,Female,Product,Yes,46.5,11,82,3.5,3.6,78.4,9,0.22,Low,Medium
E109826,Male,Service,Yes,44.8,12,27,6.6,3.6,66.6,8,0.42,Medium,Low
E109827,Male,Service,Yes,46.0,17,61,5.4,1.8,71.2,2,0.44,Medium,Low
E109828,Female,Product,No,53.0,16,20,3.7,6.0,97.7,8,0.15,Low,Low
E109829,Female,Product,Yes,57.1,12,32,2.8,7.5,76.7,11,0.07,Low,Medium
E109830,Male,Product,Yes,44.1,11,22,3.7,5.3,69.9,0,0.17,Low,Low
E109831,Female,Service,No,47.7,6,55,7.7,9.0,85.4,5,0.08,Low,Medium
E109832,Male,Service,Yes,44.6,15,75,2.7,5.4,53.8,6,0.12,Low,Medium
E109833,Other,Product,Yes,44.5,13,34,6.3,4.1,64.5,3,0.37,Medium,Low
E109834,Male,Service,Yes,54.4,4,99,4.8,3.3,61.3,10,0.32,Medium,Medium
E109835,Male,Service,Yes,40.4,10,70,7.9,3.2,84.0,3,0.54,Medium,Low
E109836,Female,Service,Yes,33.3,7,16,2.8,3.8,80.2,8,0.17,Low,Low
E109837,Male,Service,Yes,46.6,8,80,3.4,9.9,88.0,3,0.0,Low,High
E109838,Female,Service,No,51.0,17,46,4.6,4.2,71.3,6,0.27,Low,Low
E109839,Female,Product,No,46.1,7,36,2.5,5.7,58.7,5,0.11,Low,Medium
E109840,Female,Product,Yes,47.5,6,55,5.2,3.5,59.1,3,0.34,Medium,Low
E109841,Other,Service,Yes,48.8,7,24,4.7,2.3,94.6,7,0.36,Medium,Low
E109842,Male,Product,Yes,45.6,14,53,9.9,6.8,53.7,8,0.32,Medium,Low
E109843,Female,Product,Yes,47.8,18,59,6.3,5.9,79.7,4,0.26,Low,Medium
E109844,Male,Product,Yes,47.7,3,19,1.6,1.6,61.6,7,0.13,Low,Low
E109845,Male,Service,Yes,35.2,6,26,5.1,8.9,60.7,10,0.06,Low,Medium
E109846,Female,Service,Yes,45.6,3,46,8.9,5.6,54.9,3,0.39,Medium,Low
E109847,Male,Service,Yes,37.1,14,54,8.8,4.0,99.0,9,0.53,Medium,Low
E109848,Female,Service,Yes,44.8,1,32,9.7,8.0,53.0,8,0.19,Low,Low
E109849,Male,Service,Yes,42.5,11,88,9.0,2.0,57.4,6,0.72,High,Low
E109850,Female,Service,Yes,50.2,5,78,2.6,5.3,68.3,7,0.12,Low,Medium
E109851,Female,Service,Yes,46.2,5,15,1.0,5.9,72.8,11,0.04,Low,Medium
E109852,Male,Service,Yes,47.4,13,67,6.5,8.0,97.5,10,0.13,Low,Medium
E109853,Female,Service,Yes,44.0,5,56,7.3,4.3,62.1,0,0.42,Medium,Low
E109854,Female,Service,Yes,50.3,0,96,2.2,8.7,86.0,5,0.03,Low,High
E109855,Male,Product,Yes,37.0,5,97,2.5,7.3,82.8,0,0.07,Low,High
E109856,Male,Service,Yes,40.5,17,52,9.7,7.9,75.9,10,0.2,Low,Low
E109857,Female,Product,Yes,51.4,15,31,9.5,9.7,63.3,10,0.03,Low,Low
E109858,Male,Product,No,42.8,0,76,2.4,8.6,57.8,6,0.03,Low,High
E109859,Male,Product,Yes,34.3,18,42,3.2,4.1,58.8,3,0.19,Low,Low
E109860,Female,Product,Yes,52.3,17,36,9.0,6.8,67.3,6,0.29,Low,Low
E109861,Male,Product,Yes,50.4,1,60,4.9,8.8,56.9,0,0.06,Low,Medium
E109862,Female,Service,Yes,48.6,18,52,8.2,5.7,99.9,9,0.35,Medium,Low
E109863,Female,Product,Yes,45.5,16,46,4.6,7.1,72.3,2,0.13,Low,Medium
E109864,Female,Product,No,53.3,17,69,7.6,2.6,76.9,2,0.56,Medium,Low
E109865,Male,Product,No,51.3,3,23,4.6,8.3,80.8,8,0.08,Low,Medium
E109866,Male,Service,Yes,52.7,17,64,9.1,7.8,59.8,5,0.2,Low,Medium
E109867,Male,Service,Yes,48.5,4,51,3.9,9.0,74.1,10,0.04,Low,Medium
E109868,Female,Product,Yes,45.6,11,79,5.7,7.4,53.1,10,0.15,Low,Medium
E109869,Male,Product,Yes,43.0,14,93,5.7,8.9,98.5,6,0.06,Low,High
E109870,Male,Product,No,38.7,14,58,6.8,2.5,73.6,7,0.51,Medium,Low
E109871,Male,Service,Yes,47.5,2,74,3.8,8.3,51.5,4,0.06,Low,High
E109872,Male,Service,Yes,47.9,2,43,6.8,9.6,80.0,11,0.03,Low,Medium
E109873,Male,Service,Yes,43.3,10,99,2.3,8.3,55.0,3,0.04,Low,High
E109874,Female,Service,Yes,48.1,19,77,9.0,6.5,89.5,2,0.32,Medium,Medium
E109875,Male,Service,No,43.3,13,90,2.3,9.3,97.7,5,0.02,Low,High
E109876,Male,Service,No,49.3,6,40,8.6,1.9,95.8,9,0.7,High,Low
E109877,Male,Service,No,40.6,17,59,7.2,1.2,71.4,10,0.63,High,Low
E109878,Female,Service,Yes,39.7,5,49,4.1,9.7,85.6,6,0.01,Low,Medium
E109879,Female,Service,Yes,43.8,5,92,3.9,7.1,57.8,1,0.11,Low,High
E109880,Male,Product,No,49.1,10,21,9.7,2.0,53.8,1,0.78,High,Low
E109881,Female,Product,No,39.2,2,81,2.8,4.1,91.1,9,0.17,Low,Medium
E109882,Male,Product,Yes,50.2,13,67,7.5,7.7,84.8,1,0.17,Low,Medium
E109883,Female,Service,No,36.8,11,55,2.7,7.8,95.4,7,0.06,Low,Medium
E109884,Male,Product,Yes,43.8,13,18,9.1,2.5,95.7,0,0.68,High,Low
E109885,Female,Service,Yes,37.9,14,16,7.7,5.2,67.4,2,0.37,Medium,Low
E109886,Female,Product,Yes,32.0,8,49,9.4,8.3,65.9,6,0.16,Low,Low
E109887,Female,Product,Yes,46.8,18,47,8.9,9.7,72.1,0,0.03,Low,Medium
E109888,Male,Service,No,44.1,11,64,5.9,6.6,83.3,1,0.2,Low,Medium
E109889,Male,Product,Yes,38.0,6,27,2.4,6.7,50.2,4,0.08,Low,Medium
E109890,Female,Service,No,42.4,16,21,3.0,5.2,76.7,3,0.14,Low,Low
E109891,Male,Service,Yes,47.2,13,53,2.8,5.9,51.0,2,0.11,Low,Medium
E109892,Female,Product,Yes,43.2,14,63,3.0,1.9,72.5,10,0.24,Low,Medium
E109893,Female,Service,No,44.0,13,17,5.3,4.1,54.1,7,0.31,Medium,Low
E109894,Female,Service,Yes,43.0,18,31,8.8,5.6,78.1,8,0.39,Medium,Low
E109895,Male,Product,No,42.1,18,39,1.2,3.5,65.7,1,0.08,Low,Medium
E109896,Female,Service,Yes,42.0,13,28,3.1,4.2,73.9,9,0.18,Low,Low
E109897,Female,Product,Yes,41.9,7,19,6.4,9.7,97.9,5,0.02,Low,Low
E109898,Female,Product,Yes,41.2,12,85,8.8,1.0,67.0,8,0.79,High,Low
E109899,Male,Service,No,39.9,3,97,3.7,3.7,86.0,6,0.23,Low,Medium
E109900,Male,Service,Yes,43.1,11,47,4.4,6.3,84.2,5,0.16,Low,Medium
E109901,Male,Service,Yes,41.8,0,99,4.4,3.5,93.4,10,0.29,Low,Medium
E109902,Male,Service,No,39.6,4,65,3.6,7.1,66.7,8,0.1,Low,Medium
E109903,Female,Service,Yes,48.8,3,99,7.3,3.7,52.8,11,0.46,Medium,Medium
E109904,Female,Service,No,51.2,15,31,6.9,6.7,98.5,6,0.23,Low,Low
E109905,Male,Service,Yes,45.0,18,75,8.6,8.6,68.1,10,0.12,Low,Medium
E109906,Female,Service,Yes,45.3,19,45,9.3,6.9,59.7,1,0.29,Low,Low
E109907,Male,Product,Yes,41.5,18,29,9.1,1.4,95.7,6,0.78,High,Low
E109908,Male,Product,Yes,50.3,2,54,5.9,8.2,59.5,5,0.11,Low,Medium
E109909,Male,Product,Yes,53.7,15,79,2.7,2.9,76.4,10,0.19,Low,Medium
E109910,Male,Service,Yes,44.2,6,34,3.0,6.7,87.8,2,0.1,Low,Medium
E109911,Female,Service,Yes,42.4,4,48,6.3,6.8,86.6,9,0.2,Low,Medium
E109912,Male,Product,Yes,46.7,19,79,9.3,8.2,51.5,0,0.17,Low,Medium
E109913,Female,Service,Yes,45.6,0,46,5.8,5.6,60.1,0,0.26,Low,Low
E109914,Male,Service,Yes,42.5,10,36,9.4,4.4,94.4,8,0.53,Medium,Low
E109915,Female,Product,Yes,47.4,16,76,3.4,5.7,77.7,8,0.15,Low,Medium
E109916,Male,Service,No,49.7,11,59,1.8,5.9,84.4,4,0.07,Low,Medium
E109917,Male,Service,Yes,41.1,17,25,8.2,8.4,70.1,1,0.13,Low,Low
E109918,Male,Product,Yes,57.7,1,47,8.9,2.8,87.3,2,0.64,High,Low
E109919,Male,Product,Yes,37.3,9,52,5.0,8.6,64.5,10,0.07,Low,Medium
E109920,Male,Service,Yes,40.7,18,79,1.9,4.3,61.6,11,0.11,Low,Medium
E109921,Female,Service,Yes,46.2,15,77,1.4,7.7,99.9,5,0.03,Low,High
E109922,Female,Service,No,56.2,7,52,1.6,4.0,57.9,7,0.1,Low,Medium
E109923,Female,Product,No,42.2,1,87,5.0,7.4,99.1,8,0.13,Low,High
E109924,Male,Service,No,39.7,4,27,3.1,8.2,96.3,5,0.06,Low,Medium
E109925,Male,Service,Yes,47.7,3,62,5.2,6.0,85.7,4,0.21,Low,Medium
E109926,Male,Product,Yes,43.8,3,38,5.4,6.6,79.1,0,0.18,Low,Low
E109927,Other,Service,No,48.3,0,50,5.1,7.4,50.2,10,0.13,Low,Medium
E109928,Female,Product,Yes,44.6,14,34,6.6,7.2,81.8,6,0.18,Low,Low
E109929,Female,Product,No,40.7,12,57,7.1,7.5,88.6,9,0.18,Low,Medium
E109930,Female,Service,Yes,56.7,16,71,4.6,8.6,86.6,4,0.06,Low,High
E109931,Male,Product,No,30.2,5,79,4.0,3.0,58.6,0,0.28,Low,Medium
E109932,Male,Service,No,54.1,19,74,4.3,2.9,77.2,10,0.31,Medium,Medium
E109933,Male,Product,Yes,49.7,12,57,1.6,9.7,77.5,4,0.0,Low,High
E109934,Male,Product,Yes,41.3,11,98,3.9,8.7,82.6,3,0.05,Low,High
E109935,Male,Service,Yes,54.4,11,79,2.8,6.3,91.5,10,0.1,Low,High
E109936,Male,Product,No,38.1,19,60,3.6,1.1,84.9,10,0.32,Medium,Low
E109937,Female,Product,No,50.0,9,76,7.4,8.7,57.1,3,0.1,Low,Medium
E109938,Female,Service,Yes,34.6,1,84,9.9,7.8,51.0,7,0.22,Low,Medium
E109939,Female,Service,Yes,39.3,14,40,9.3,9.6,56.8,1,0.04,Low,Low
E109940,Female,Service,No,39.3,18,43,8.4,1.1,52.0,8,0.75,High,Low
E109941,Male,Service,Yes,41.2,3,55,7.6,1.3,71.8,2,0.66,High,Low
E109942,Male,Product,No,45.1,13,29,9.5,5.7,64.2,5,0.41,Medium,Low
E109943,Female,Product,No,40.9,0,33,7.8,8.7,50.4,1,0.1,Low,Low
E109944,Male,Service,No,34.8,0,87,5.2,9.9,54.0,8,0.01,Low,High
E109945,Male,Service,Yes,47.3,17,73,6.4,3.9,69.9,0,0.39,Medium,Medium
E109946,Male,Service,Yes,45.2,14,95,3.8,1.3,97.0,7,0.33,Medium,Medium
E109947,Male,Service,Yes,47.0,10,42,1.0,2.8,99.7,9,0.07,Low,Medium
E109948,Male,Service,No,45.9,17,29,4.2,8.9,52.5,10,0.05,Low,Medium
E109949,Male,Service,Yes,49.8,9,72,4.6,5.2,91.5,2,0.22,Low,Medium
E109950,Male,Service,Yes,44.6,3,67,7.6,8.7,74.0,5,0.1,Low,Medium
E109951,Female,Product,Yes,50.1,13,56,8.7,5.0,81.1,2,0.43,Medium,Low
E109952,Male,Product,Yes,41.1,17,42,9.7,1.5,75.3,5,0.82,High,Low
E109953,Male,Product,No,41.4,0,87,4.2,6.6,96.2,0,0.14,Low,High
E109954,Male,Service,No,51.9,6,33,9.6,4.9,73.9,6,0.49,Medium,Low
E109955,Male,Product,Yes,51.8,3,85,8.2,5.4,58.4,5,0.38,Medium,Medium
E109956,Female,Product,Yes,47.9,3,91,1.3,9.5,89.0,6,0.01,Low,High
E109957,Female,Product,No,40.6,17,16,6.4,5.1,75.7,4,0.31,Medium,Low
E109958,Female,Service,Yes,40.2,8,32,4.3,8.2,55.9,7,0.08,Low,Medium
E109959,Male,Service,Yes,51.6,1,54,1.3,1.5,73.1,8,0.11,Low,Medium
E109960,Female,Service,Yes,51.4,4,67,5.8,5.3,84.4,8,0.27,Low,Medium
E109961,Female,Service,Yes,44.7,5,22,6.3,6.3,64.8,5,0.23,Low,Low
E109962,Male,Product,Yes,56.7,2,98,3.3,2.0,95.6,7,0.26,Low,Medium
E109963,Male,Product,Yes,47.3,18,23,9.5,3.7,92.5,11,0.6,Medium,Low
E109964,Male,Service,Yes,39.5,4,91,6.5,7.7,78.4,6,0.15,Low,High
E109965,Female,Service,Yes,43.6,8,35,2.6,2.7,52.7,11,0.19,Low,Low
E109966,Female,Product,Yes,45.0,19,58,7.5,2.2,79.2,4,0.58,Medium,Low
E109967,Male,Service,No,45.4,5,74,5.5,3.7,70.8,6,0.35,Medium,Medium
E109968,Female,Product,Yes,51.3,4,85,5.3,8.7,86.2,0,0.07,Low,High
E109969,Male,Product,Yes,40.2,5,45,8.5,7.9,63.4,4,0.18,Low,Low
E109970,Male,Service,Yes,38.3,14,27,2.2,8.0,80.3,3,0.04,Low,Medium
E109971,Female,Product,No,48.0,10,59,5.4,3.9,77.7,4,0.33,Medium,Low
E109972,Female,Service,Yes,42.5,17,16,8.0,1.9,76.3,6,0.65,High,Low
E109973,Male,Product,No,57.1,18,48,6.9,1.3,55.8,9,0.6,Medium,Low
E109974,Male,Product,Yes,49.7,11,83,1.0,6.3,74.5,4,0.04,Low,High
E109975,Male,Product,Yes,42.4,11,80,8.1,7.3,77.5,1,0.22,Low,Medium
E109976,Male,Service,Yes,51.1,6,76,9.5,4.4,96.4,4,0.53,Medium,Low
E109977,Female,Service,Yes,48.7,15,61,7.3,5.8,73.0,1,0.31,Medium,Medium
E109978,Female,Service,Yes,48.2,11,16,8.9,3.5,82.0,1,0.58,Medium,Low
E109979,Female,Service,Yes,44.4,3,98,4.2,4.3,78.5,7,0.24,Low,Medium
E109980,Male,Product,Yes,47.1,9,86,4.2,7.6,59.8,1,0.1,Low,High
E109981,Female,Service,Yes,34.5,16,51,3.9,7.5,59.2,1,0.1,Low,Medium
E109982,Male,Product,No,51.6,14,94,7.6,1.3,87.0,10,0.66,High,Low
E109983,Female,Service,No,27.8,7,77,9.5,9.5,76.2,10,0.05,Low,Medium
E109984,Female,Service,Yes,42.8,13,70,9.0,3.4,94.8,11,0.59,Medium,Low
E109985,Female,Product,Yes,37.0,17,60,2.4,9.2,95.4,0,0.02,Low,High
E109986,Male,Service,Yes,42.5,7,77,6.6,5.6,64.9,2,0.29,Low,Medium
E109987,Male,Product,Yes,44.6,13,22,10.0,5.5,55.1,9,0.45,Medium,Low
E109988,Male,Service,Yes,39.0,15,69,3.7,5.1,67.2,10,0.18,Low,Medium
E109989,Female,Product,Yes,31.1,18,57,6.7,9.3,53.4,9,0.05,Low,Medium
E109990,Male,Service,Yes,46.0,6,37,9.2,2.9,89.1,11,0.65,High,Low
E109991,Male,Product,No,55.4,16,30,9.1,6.5,57.3,6,0.32,Medium,Low
E109992,Male,Service,Yes,43.2,4,99,3.9,3.9,93.3,10,0.24,Low,Medium
E109993,Female,Service,Yes,49.8,12,66,1.8,9.2,70.8,0,0.01,Low,High
E109994,Male,Product,Yes,52.5,17,68,6.8,2.5,63.9,0,0.51,Medium,Low
E109995,Female,Product,No,35.5,17,98,9.5,7.1,75.1,6,0.28,Low,Medium
E109996,Female,Service,No,42.7,18,90,5.6,4.8,80.3,2,0.29,Low,Medium
E109997,Female,Service,Yes,38.6,17,51,5.1,7.0,85.1,5,0.15,Low,Medium
E109998,Male,Service,Yes,41.0,19,81,8.8,2.4,66.9,6,0.67,High,Low
E109999,Male,Service,Yes,53.5,19,32,4.8,4.5,99.1,10,0.26,Low,Low
